Project_ID,Project_Key,project_name,repository_name,Sprint_ID,sprint_name,Start_Date,End_Date,prediction_time_20pct,eligible_sprint_order,planned_duration_days,issue_count,core_team_size,assigned_issue_share,experienced_member_share,avg_prior_task_count,bug_count,bug_share,high_priority_issue_count,high_priority_issue_share,positive_story_point_share,positive_effort_issue_share,created_after_start_count,created_after_start_share,created_after_20pct_count,created_after_20pct_share,created_between_start_and_20pct_count,created_between_start_and_20pct_share,resolved_before_start_count,resolved_before_start_share,missing_resolution_date_count,assignee_change_event_count,assignee_changed_issue_count,assignee_changed_issue_share,assignee_changed_after_20pct_issue_count,assignee_changed_after_20pct_issue_share,assignee_changed_before_20pct_issue_count,assignee_changed_before_20pct_issue_share,sprint_change_event_count,sprint_changed_issue_count,sprint_changed_issue_share,sprint_changed_after_20pct_issue_count,sprint_changed_after_20pct_issue_share,sprint_changed_before_20pct_issue_count,sprint_changed_before_20pct_issue_share,stable_from_start_flag,stable_after_20pct_flag,resolved_by_end24_count,resolved_by_end24_share,success_90_end24
1,XD,"Spring XD",Spring,61,"Sprint 6","2013-06-03 19:45:19","2013-06-12 19:45:00","2013-06-05 14:57:15",6,8.9583,49,10,0.9796,0.8000,13.6000,4,0.0816,1,0.0204,1.0000,0.8571,27,0.5510,23,0.4694,4,0.0816,1,0.0204,0,45,35,0.7143,22,0.4490,13,0.2653,32,32,0.6531,27,0.5510,5,0.1020,0,0,49,1.0000,1
1,XD,"Spring XD",Spring,60,"Sprint 7","2013-06-18 11:37:48","2013-06-21 11:37:48","2013-06-19 02:01:48",7,3.0000,13,7,1.0000,0.8571,15.5714,0,0.0000,0,0.0000,0.9231,0.9231,2,0.1538,2,0.1538,0,0.0000,0,0.0000,0,7,7,0.5385,6,0.4615,1,0.0769,5,5,0.3846,5,0.3846,0,0.0000,0,0,9,0.6923,0
1,XD,"Spring XD",Spring,59,"Sprint 8","2013-06-25 21:53:02","2013-06-28 21:53:02","2013-06-26 12:17:02",8,3.0000,24,9,1.0000,0.7778,16.8889,1,0.0417,0,0.0000,1.0000,0.9583,2,0.0833,1,0.0417,1,0.0417,1,0.0417,0,18,15,0.6250,11,0.4583,4,0.1667,6,6,0.2500,2,0.0833,4,0.1667,0,0,15,0.6250,0
1,XD,"Spring XD",Spring,58,"Sprint 9","2013-07-01 18:00:55","2013-07-05 18:00:55","2013-07-02 13:12:55",9,4.0000,33,7,0.7879,1.0000,22.0000,0,0.0000,0,0.0000,0.9697,0.6364,13,0.3939,13,0.3939,0,0.0000,3,0.0909,0,12,8,0.2424,8,0.2424,0,0.0000,38,14,0.4242,14,0.4242,0,0.0000,0,0,14,0.4242,0
1,XD,"Spring XD",Spring,57,"Sprint 10","2013-07-08 17:29:14","2013-07-12 17:29:14","2013-07-09 12:41:14",10,4.0000,29,12,1.0000,1.0000,23.9167,1,0.0345,0,0.0000,1.0000,0.8276,8,0.2759,7,0.2414,1,0.0345,0,0.0000,0,10,10,0.3448,7,0.2414,3,0.1034,7,7,0.2414,6,0.2069,1,0.0345,0,0,19,0.6552,0
1,XD,"Spring XD",Spring,56,"Sprint 11","2013-07-16 13:07:24","2013-07-19 13:07:24","2013-07-17 03:31:24",11,3.0000,22,9,1.0000,0.8889,24.6667,5,0.2273,0,0.0000,0.9545,0.7727,4,0.1818,4,0.1818,0,0.0000,0,0.0000,0,6,6,0.2727,5,0.2273,1,0.0455,5,5,0.2273,5,0.2273,0,0.0000,0,0,17,0.7727,0
1,XD,"Spring XD",Spring,55,"Sprint 12","2013-07-22 17:07:05","2013-07-31 17:07:00","2013-07-24 12:19:04",12,8.9583,111,13,0.9189,0.9231,26.6923,16,0.1441,3,0.0270,0.9730,0.8739,85,0.7658,81,0.7297,4,0.0360,0,0.0000,0,41,34,0.3063,26,0.2342,8,0.0721,35,34,0.3063,30,0.2703,4,0.0360,0,0,48,0.4324,0
1,XD,"Spring XD",Spring,54,"Sprint 13","2013-08-12 16:26:28","2013-08-20 16:26:00","2013-08-14 06:50:22",13,7.9583,18,9,1.0000,1.0000,43.5556,2,0.1111,0,0.0000,1.0000,0.8889,6,0.3333,5,0.2778,1,0.0556,1,0.0556,0,13,13,0.7222,8,0.4444,5,0.2778,12,10,0.5556,7,0.3889,3,0.1667,0,0,18,1.0000,1
1,XD,"Spring XD",Spring,53,"Sprint 14","2013-08-20 21:38:41","2013-08-29 17:21:00","2013-08-22 15:59:08",14,8.7917,31,9,1.0000,0.7778,34.6667,2,0.0645,0,0.0000,0.8710,0.9355,8,0.2581,5,0.1613,3,0.0968,2,0.0645,0,21,20,0.6452,14,0.4516,6,0.1935,13,12,0.3871,9,0.2903,3,0.0968,0,0,31,1.0000,1
1,XD,"Spring XD",Spring,52,"Sprint 15","2013-08-29 17:38:30","2013-09-05 17:38:30","2013-08-31 03:14:30",15,7.0000,30,8,0.9667,1.0000,48.7500,0,0.0000,0,0.0000,1.0000,0.8000,14,0.4667,10,0.3333,4,0.1333,0,0.0000,0,6,6,0.2000,6,0.2000,0,0.0000,11,11,0.3667,6,0.2000,5,0.1667,0,0,20,0.6667,0
1,XD,"Spring XD",Spring,51,"Sprint 16","2013-09-18 16:36:50","2013-10-10 16:36:00","2013-09-23 02:12:40",16,21.9583,40,13,1.0000,0.9231,43.6923,3,0.0750,0,0.0000,1.0000,0.8000,21,0.5250,17,0.4250,4,0.1000,1,0.0250,0,19,19,0.4750,16,0.4000,3,0.0750,25,24,0.6000,21,0.5250,3,0.0750,0,0,40,1.0000,1
1,XD,"Spring XD",Spring,50,"Sprint 17","2013-10-11 16:05:24","2013-10-18 16:05:24","2013-10-13 01:41:24",17,7.0000,20,8,0.9500,1.0000,59.8750,0,0.0000,0,0.0000,1.0000,0.6500,3,0.1500,3,0.1500,0,0.0000,0,0.0000,0,0,0,0.0000,0,0.0000,0,0.0000,1,1,0.0500,1,0.0500,0,0.0000,0,0,3,0.1500,0
1,XD,"Spring XD",Spring,49,"Sprint 18","2013-10-23 16:12:37","2013-11-12 17:12:00","2013-10-27 16:24:29",18,20.0000,42,10,0.9762,1.0000,54.4000,3,0.0714,2,0.0476,1.0000,0.9048,20,0.4762,13,0.3095,7,0.1667,0,0.0000,0,20,18,0.4286,11,0.2619,7,0.1667,24,24,0.5714,19,0.4524,5,0.1190,0,0,41,0.9762,1
1,XD,"Spring XD",Spring,48,"Sprint 19","2013-11-19 15:43:59","2013-12-10 15:43:59","2013-11-23 20:31:59",19,21.0000,69,12,0.9855,0.9167,55.9167,10,0.1449,0,0.0000,0.9855,0.8841,23,0.3333,18,0.2609,5,0.0725,6,0.0870,0,15,13,0.1884,13,0.1884,0,0.0000,31,31,0.4493,26,0.3768,5,0.0725,0,0,60,0.8696,0
1,XD,"Spring XD",Spring,47,"Sprint 20","2013-12-13 17:15:58","2014-01-10 17:15:00","2013-12-19 07:39:46",20,27.9583,36,10,0.9722,1.0000,70.0000,12,0.3333,1,0.0278,1.0000,0.8333,27,0.7500,18,0.5000,9,0.2500,1,0.0278,0,20,15,0.4167,10,0.2778,5,0.1389,33,33,0.9167,19,0.5278,14,0.3889,0,0,34,0.9444,1
1,XD,"Spring XD",Spring,46,"Sprint 21","2014-01-14 20:15:02","2014-02-10 20:02:00","2014-01-20 05:48:25",21,26.9583,59,9,0.9661,1.0000,74.4444,4,0.0678,0,0.0000,1.0000,0.6949,34,0.5763,12,0.2034,22,0.3729,2,0.0339,0,25,24,0.4068,17,0.2881,7,0.1186,56,56,0.9492,23,0.3898,33,0.5593,0,0,59,1.0000,1
1,XD,"Spring XD",Spring,45,"Sprint 22","2014-02-12 15:46:16","2014-03-04 15:46:00","2014-02-16 15:46:12",22,19.9583,39,8,0.9487,1.0000,89.2500,4,0.1026,2,0.0513,1.0000,0.9487,9,0.2308,5,0.1282,4,0.1026,3,0.0769,0,12,12,0.3077,7,0.1795,5,0.1282,21,21,0.5385,14,0.3590,7,0.1795,0,0,39,1.0000,1
1,XD,"Spring XD",Spring,44,"Sprint 23","2014-03-04 20:30:13","2014-03-18 19:30:00","2014-03-07 15:30:10",23,13.9167,24,10,1.0000,0.9000,78.4000,1,0.0417,0,0.0000,0.9583,0.8750,8,0.3333,5,0.2083,3,0.1250,2,0.0833,0,9,9,0.3750,6,0.2500,3,0.1250,13,11,0.4583,5,0.2083,6,0.2500,0,0,23,0.9583,1
1,XD,"Spring XD",Spring,43,"Sprint 24","2014-03-19 01:46:08","2014-04-04 01:46:00","2014-03-22 06:34:06",24,15.9583,61,14,1.0000,0.8571,68.2857,0,0.0000,0,0.0000,0.9508,0.6721,34,0.5574,17,0.2787,17,0.2787,1,0.0164,0,18,17,0.2787,14,0.2295,3,0.0492,35,29,0.4754,23,0.3770,6,0.0984,0,0,52,0.8525,0
1,XD,"Spring XD",Spring,42,"Sprint 25","2014-04-03 21:50:31","2014-04-15 21:50:00","2014-04-06 07:26:24",25,11.9583,64,11,0.9844,0.9091,90.2727,19,0.2969,7,0.1094,1.0000,0.7344,50,0.7813,45,0.7031,5,0.0781,3,0.0469,0,44,39,0.6094,35,0.5469,4,0.0625,42,42,0.6563,34,0.5313,8,0.1250,0,0,63,0.9844,1
1,XD,"Spring XD",Spring,41,"Sprint 26","2014-04-17 21:00:15","2014-04-30 21:00:00","2014-04-20 11:24:12",26,12.9583,50,9,1.0000,1.0000,99.7778,10,0.2000,0,0.0000,1.0000,0.8400,12,0.2400,9,0.1800,3,0.0600,3,0.0600,0,12,11,0.2200,11,0.2200,0,0.0000,33,31,0.6200,30,0.6000,1,0.0200,0,0,36,0.7200,0
1,XD,"Spring XD",Spring,40,"Sprint 27","2014-04-30 22:50:46","2014-05-21 22:50:00","2014-05-05 03:38:36",27,20.9583,78,14,0.9487,0.9286,75.4286,19,0.2436,4,0.0513,1.0000,0.7308,39,0.5000,32,0.4103,7,0.0897,2,0.0256,1,27,25,0.3205,22,0.2821,3,0.0385,48,39,0.5000,39,0.5000,0,0.0000,0,0,71,0.9103,1
1,XD,"Spring XD",Spring,39,"Sprint 28","2014-05-21 20:53:09","2014-05-30 20:53:00","2014-05-23 16:05:07",28,8.9583,22,10,1.0000,1.0000,94.3000,3,0.1364,2,0.0909,1.0000,1.0000,16,0.7273,10,0.4545,6,0.2727,0,0.0000,0,14,12,0.5455,7,0.3182,5,0.2273,13,13,0.5909,7,0.3182,6,0.2727,0,0,22,1.0000,1
1,XD,"Spring XD",Spring,38,"Sprint 29","2014-06-04 14:08:01","2014-06-12 14:08:00","2014-06-06 04:32:00",29,7.9583,21,8,1.0000,1.0000,122.3750,5,0.2381,0,0.0000,1.0000,0.6667,4,0.1905,1,0.0476,3,0.1429,2,0.0952,0,10,8,0.3810,5,0.2381,3,0.1429,10,10,0.4762,8,0.3810,2,0.0952,0,0,20,0.9524,1
1,XD,"Spring XD",Spring,37,"Sprint 30","2014-06-12 16:10:24","2014-07-01 16:10:00","2014-06-16 11:22:19",30,18.9583,65,15,0.9692,0.9333,81.5333,16,0.2462,0,0.0000,1.0000,0.8154,27,0.4154,20,0.3077,7,0.1077,2,0.0308,0,30,29,0.4462,27,0.4154,2,0.0308,40,38,0.5846,33,0.5077,5,0.0769,0,0,61,0.9385,1
1,XD,"Spring XD",Spring,36,"Sprint 31","2014-07-01 19:50:22","2014-07-18 19:50:00","2014-07-05 05:26:17",31,16.9583,56,12,0.9821,0.9167,102.4167,9,0.1607,7,0.1250,1.0000,0.8393,30,0.5357,29,0.5179,1,0.0179,1,0.0179,0,38,34,0.6071,29,0.5179,5,0.0893,25,25,0.4464,25,0.4464,0,0.0000,0,0,56,1.0000,1
1,XD,"Spring XD",Spring,35,"Sprint 32","2014-07-21 15:28:54","2014-07-29 15:28:00","2014-07-23 05:52:43",32,7.9583,66,11,0.9545,1.0000,116.1818,15,0.2273,6,0.0909,0.9848,0.8030,28,0.4242,25,0.3788,3,0.0455,6,0.0909,0,48,39,0.5909,28,0.4242,11,0.1667,21,21,0.3182,19,0.2879,2,0.0303,0,0,66,1.0000,1
1,XD,"Spring XD",Spring,33,"Sprint 34","2014-08-27 18:08:13","2014-09-19 18:08:00","2014-09-01 08:32:10",33,22.9583,10,5,1.0000,0.8000,162.4000,0,0.0000,0,0.0000,1.0000,1.0000,0,0.0000,0,0.0000,0,0.0000,0,0.0000,0,3,3,0.3000,3,0.3000,0,0.0000,0,0,0.0000,0,0.0000,0,0.0000,0,0,9,0.9000,1
1,XD,"Spring XD",Spring,32,"Sprint 35","2014-09-22 17:29:11","2014-09-30 17:29:00","2014-09-24 07:53:08",34,7.9583,13,5,1.0000,0.8000,105.6000,2,0.1538,0,0.0000,1.0000,1.0000,3,0.2308,3,0.2308,0,0.0000,0,0.0000,0,3,3,0.2308,3,0.2308,0,0.0000,5,3,0.2308,3,0.2308,0,0.0000,0,0,13,1.0000,1
1,XD,"Spring XD",Spring,20,"Sprint 36","2014-10-06 19:22:28","2014-10-18 06:23:00","2014-10-09 02:22:34",35,11.4583,28,12,0.9643,1.0000,111.9167,3,0.1071,1,0.0357,1.0000,0.8214,7,0.2500,7,0.2500,0,0.0000,3,0.1071,1,9,8,0.2857,5,0.1786,3,0.1071,7,5,0.1786,5,0.1786,0,0.0000,0,0,27,0.9643,1
1,XD,"Spring XD",Spring,31,"Sprint 37","2014-10-20 18:06:25","2014-11-01 01:06:00","2014-10-23 00:18:20",36,11.2500,38,13,0.9737,0.8462,104.3846,6,0.1579,0,0.0000,0.9474,0.6842,7,0.1842,5,0.1316,2,0.0526,2,0.0526,0,17,15,0.3947,12,0.3158,3,0.0789,8,6,0.1579,5,0.1316,1,0.0263,0,0,38,1.0000,1
1,XD,"Spring XD",Spring,30,"Sprint 38","2014-11-03 20:09:30","2014-11-19 05:09:00","2014-11-06 21:57:24",37,15.3333,60,14,0.9500,0.9286,104.4286,10,0.1667,5,0.0833,0.9333,0.8000,23,0.3833,17,0.2833,6,0.1000,5,0.0833,0,27,25,0.4167,18,0.3000,7,0.1167,22,21,0.3500,16,0.2667,5,0.0833,0,0,60,1.0000,1
1,XD,"Spring XD",Spring,29,"Sprint 39","2014-11-21 01:08:00","2014-12-06 05:08:00","2014-11-24 01:56:00",38,15.1667,27,10,0.8148,1.0000,148.5000,6,0.2222,1,0.0370,0.9630,0.7778,7,0.2593,6,0.2222,1,0.0370,5,0.1852,0,10,10,0.3704,8,0.2963,2,0.0741,7,6,0.2222,6,0.2222,0,0.0000,0,0,27,1.0000,1
1,XD,"Spring XD",Spring,28,"Sprint 40","2014-12-08 19:18:10","2014-12-23 07:18:00","2014-12-11 16:54:08",39,14.4583,48,10,0.9167,1.0000,141.9000,10,0.2083,3,0.0625,0.9167,0.7917,17,0.3542,10,0.2083,7,0.1458,2,0.0417,0,24,22,0.4583,17,0.3542,5,0.1042,19,12,0.2500,12,0.2500,0,0.0000,0,0,48,1.0000,1
1,XD,"Spring XD",Spring,27,"Sprint 41","2015-01-05 18:27:36","2015-01-29 06:27:00","2015-01-10 11:15:28",40,23.4583,61,11,0.9836,1.0000,144.0909,11,0.1803,2,0.0328,1.0000,0.9672,33,0.5410,24,0.3934,9,0.1475,1,0.0164,0,43,43,0.7049,31,0.5082,12,0.1967,35,29,0.4754,21,0.3443,8,0.1311,0,0,61,1.0000,1
1,XD,"Spring XD",Spring,26,"Sprint 42","2015-01-29 20:09:13","2015-02-07 07:09:00","2015-01-31 12:45:10",41,8.4167,38,11,1.0000,1.0000,139.0000,6,0.1579,5,0.1316,1.0000,0.8947,22,0.5789,20,0.5263,2,0.0526,0,0.0000,1,29,29,0.7632,26,0.6842,3,0.0789,13,12,0.3158,11,0.2895,1,0.0263,0,0,37,0.9737,1
1,XD,"Spring XD",Spring,24,"Sprint 44","2015-02-23 17:11:59","2015-03-07 02:30:00","2015-02-25 23:51:35",42,11.3750,35,11,0.9714,1.0000,154.9091,4,0.1143,1,0.0286,1.0000,0.9429,10,0.2857,8,0.2286,2,0.0571,2,0.0571,0,16,14,0.4000,12,0.3429,2,0.0571,5,5,0.1429,2,0.0571,3,0.0857,0,0,34,0.9714,1
1,XD,"Spring XD",Spring,23,"Sprint 45","2015-03-09 16:32:39","2015-03-21 01:32:00","2015-03-11 23:08:31",43,11.3333,25,9,0.9200,1.0000,148.0000,7,0.2800,4,0.1600,1.0000,0.9200,8,0.3200,5,0.2000,3,0.1200,0,0.0000,0,13,13,0.5200,7,0.2800,6,0.2400,10,8,0.3200,6,0.2400,2,0.0800,0,0,25,1.0000,1
1,XD,"Spring XD",Spring,22,"Sprint 46","2015-03-23 17:04:19","2015-04-04 01:04:00","2015-03-25 23:28:15",44,11.2917,27,9,1.0000,1.0000,162.5556,6,0.2222,2,0.0741,1.0000,0.8889,7,0.2593,3,0.1111,4,0.1481,3,0.1111,0,8,8,0.2963,6,0.2222,2,0.0741,9,7,0.2593,5,0.1852,2,0.0741,0,0,27,1.0000,1
1,XD,"Spring XD",Spring,21,"Sprint 47","2015-04-06 17:22:32","2015-04-25 01:22:00","2015-04-10 09:22:25",45,18.2917,34,11,0.9706,1.0000,154.5455,8,0.2353,3,0.0882,0.9118,0.9706,9,0.2647,5,0.1471,4,0.1176,0,0.0000,0,18,17,0.5000,12,0.3529,5,0.1471,19,14,0.4118,10,0.2941,4,0.1176,0,0,34,1.0000,1
1,XD,"Spring XD",Spring,19,"Sprint 48","2015-04-27 17:13:09","2015-05-09 00:13:00","2015-04-29 23:25:07",46,11.2500,28,9,0.8929,1.0000,192.8889,8,0.2857,5,0.1786,1.0000,0.7500,11,0.3929,7,0.2500,4,0.1429,2,0.0714,1,13,11,0.3929,9,0.3214,2,0.0714,16,14,0.5000,9,0.3214,5,0.1786,0,0,27,0.9643,1
1,XD,"Spring XD",Spring,18,"Sprint 49","2015-05-11 18:10:22","2015-05-22 23:10:00","2015-05-13 23:58:17",47,11.1667,61,15,0.9836,0.9333,121.2667,17,0.2787,4,0.0656,1.0000,0.9016,25,0.4098,21,0.3443,4,0.0656,4,0.0656,0,26,26,0.4262,20,0.3279,6,0.0984,30,25,0.4098,20,0.3279,5,0.0820,0,0,60,0.9836,1
1,XD,"Spring XD",Spring,17,"Sprint 50","2015-05-26 17:04:33","2015-06-09 01:04:00","2015-05-29 09:04:26",48,13.2917,44,12,0.9773,1.0000,155.6667,14,0.3182,3,0.0682,0.9773,0.8864,21,0.4773,14,0.3182,7,0.1591,4,0.0909,0,22,21,0.4773,12,0.2727,9,0.2045,22,21,0.4773,13,0.2955,8,0.1818,0,0,44,1.0000,1
1,XD,"Spring XD",Spring,16,"Sprint 51","2015-06-09 15:53:44","2015-06-22 23:23:00","2015-06-12 07:47:35",49,13.2917,25,11,0.9600,0.9091,154.6364,5,0.2000,2,0.0800,1.0000,0.9200,7,0.2800,3,0.1200,4,0.1600,3,0.1200,0,10,10,0.4000,4,0.1600,6,0.2400,8,7,0.2800,3,0.1200,4,0.1600,0,0,24,0.9600,1
1,XD,"Spring XD",Spring,15,"Sprint 52","2015-06-23 16:05:37","2015-07-08 00:35:00","2015-06-26 12:59:29",50,14.3333,14,10,1.0000,1.0000,179.7000,5,0.3571,3,0.2143,1.0000,1.0000,4,0.2857,4,0.2857,0,0.0000,1,0.0714,0,9,7,0.5000,5,0.3571,2,0.1429,6,4,0.2857,3,0.2143,1,0.0714,0,0,14,1.0000,1
1,XD,"Spring XD",Spring,14,"Sprint 53","2015-07-08 19:49:31","2015-07-21 23:19:00","2015-07-11 10:55:24",51,13.1250,28,12,1.0000,1.0000,169.0000,1,0.0357,1,0.0357,1.0000,1.0000,7,0.2500,2,0.0714,5,0.1786,0,0.0000,0,15,14,0.5000,5,0.1786,9,0.3214,11,8,0.2857,8,0.2857,0,0.0000,0,0,27,0.9643,1
1,XD,"Spring XD",Spring,13,"Sprint 54","2015-07-22 16:10:56","2015-08-05 02:00:00","2015-07-25 08:32:44",52,13.3750,18,9,1.0000,0.8889,120.0000,4,0.2222,0,0.0000,1.0000,0.8889,9,0.5000,9,0.5000,0,0.0000,1,0.0556,0,14,11,0.6111,9,0.5000,2,0.1111,10,3,0.1667,3,0.1667,0,0.0000,0,0,18,1.0000,1
1,XD,"Spring XD",Spring,12,"Sprint 55","2015-08-05 17:57:29","2015-08-19 00:47:00","2015-08-08 09:43:23",53,13.2500,28,10,0.9643,1.0000,162.2000,5,0.1786,1,0.0357,0.9643,0.9643,8,0.2857,7,0.2500,1,0.0357,2,0.0714,0,18,16,0.5714,10,0.3571,6,0.2143,11,10,0.3571,8,0.2857,2,0.0714,0,0,28,1.0000,1
1,XD,"Spring XD",Spring,11,"Sprint 56","2015-08-19 16:18:50","2015-09-02 00:08:00","2015-08-22 08:16:40",54,13.2917,28,10,0.9643,1.0000,178.4000,2,0.0714,0,0.0000,1.0000,0.9286,14,0.5000,10,0.3571,4,0.1429,2,0.0714,1,12,11,0.3929,7,0.2500,4,0.1429,6,6,0.2143,4,0.1429,2,0.0714,0,0,27,0.9643,1
1,XD,"Spring XD",Spring,10,"Sprint 57","2015-09-02 15:40:13","2015-09-16 23:30:00","2015-09-05 12:26:10",55,14.2917,29,10,0.9655,0.8000,153.9000,2,0.0690,0,0.0000,1.0000,0.9655,7,0.2414,6,0.2069,1,0.0345,0,0.0000,0,12,11,0.3793,4,0.1379,7,0.2414,12,11,0.3793,3,0.1034,8,0.2759,0,0,29,1.0000,1
1,XD,"Spring XD",Spring,9,"Sprint 58","2015-09-21 17:01:06","2015-10-03 00:51:00","2015-09-23 23:23:04",56,11.2917,21,10,1.0000,0.9000,190.0000,4,0.1905,1,0.0476,1.0000,1.0000,8,0.3810,6,0.2857,2,0.0952,0,0.0000,0,19,17,0.8095,8,0.3810,9,0.4286,10,7,0.3333,6,0.2857,1,0.0476,0,0,21,1.0000,1
1,XD,"Spring XD",Spring,8,"Sprint 59","2015-10-05 16:54:15","2015-10-17 00:44:00","2015-10-07 23:16:12",57,11.2917,17,9,1.0000,1.0000,124.7778,4,0.2353,0,0.0000,0.8824,1.0000,7,0.4118,1,0.0588,6,0.3529,0,0.0000,0,9,8,0.4706,3,0.1765,5,0.2941,5,4,0.2353,2,0.1176,2,0.1176,0,0,17,1.0000,1
1,XD,"Spring XD",Spring,7,"Sprint 60","2015-10-19 17:04:56","2015-10-31 00:00:00","2015-10-21 23:15:56",58,11.2500,29,10,1.0000,1.0000,170.6000,3,0.1034,0,0.0000,0.9310,0.8966,9,0.3103,5,0.1724,4,0.1379,1,0.0345,0,17,16,0.5517,11,0.3793,5,0.1724,5,3,0.1034,3,0.1034,0,0.0000,0,0,29,1.0000,1
1,XD,"Spring XD",Spring,6,"Sprint 61","2015-11-02 17:41:25","2015-11-14 00:37:00","2015-11-04 23:52:32",59,11.2500,16,8,1.0000,1.0000,179.5000,6,0.3750,0,0.0000,1.0000,0.9375,11,0.6875,7,0.4375,4,0.2500,1,0.0625,0,9,8,0.5000,5,0.3125,3,0.1875,7,7,0.4375,5,0.3125,2,0.1250,0,0,16,1.0000,1
1,XD,"Spring XD",Spring,5,"Sprint 62","2015-11-16 16:10:26","2015-11-27 17:06:00","2015-11-18 21:09:32",60,11.0000,12,8,1.0000,1.0000,105.3750,6,0.5000,0,0.0000,1.0000,1.0000,1,0.0833,0,0.0000,1,0.0833,0,0.0000,0,2,2,0.1667,0,0.0000,2,0.1667,1,1,0.0833,0,0.0000,1,0.0833,0,1,12,1.0000,1
3,NEXUS,"Sonatype Nexus",Sonatype,255,"Sprint 9","2013-12-16 21:12:27","2013-12-23 21:12:00","2013-12-18 06:48:21",6,6.9583,18,5,0.9444,1.0000,264.4000,10,0.5556,1,0.0556,0.5556,1.0000,8,0.4444,7,0.3889,1,0.0556,0,0.0000,0,15,10,0.5556,9,0.5000,1,0.0556,8,8,0.4444,7,0.3889,1,0.0556,0,0,2,0.1111,0
3,NEXUS,"Sonatype Nexus",Sonatype,253,"Sprint 11","2014-02-03 21:05:58","2014-02-17 21:05:00","2014-02-06 16:17:46",7,13.9583,13,3,0.8462,1.0000,357.0000,11,0.8462,3,0.2308,0.0000,1.0000,8,0.6154,5,0.3846,3,0.2308,0,0.0000,0,23,12,0.9231,12,0.9231,0,0.0000,13,13,1.0000,12,0.9231,1,0.0769,0,0,10,0.7692,0
3,NEXUS,"Sonatype Nexus",Sonatype,252,"Sprint 12","2014-02-24 21:10:54","2014-03-10 20:10:00","2014-02-27 16:10:43",8,13.9167,10,4,0.7000,1.0000,250.0000,6,0.6000,0,0.0000,0.3000,1.0000,3,0.3000,1,0.1000,2,0.2000,0,0.0000,0,18,9,0.9000,4,0.4000,5,0.5000,7,7,0.7000,5,0.5000,2,0.2000,0,0,8,0.8000,0
3,NEXUS,"Sonatype Nexus",Sonatype,247,"Sprint 17","2014-05-13 19:33:11","2014-05-27 18:00:00","2014-05-16 14:26:32",9,13.9167,11,4,1.0000,1.0000,238.5000,7,0.6364,0,0.0000,0.7273,0.9091,5,0.4545,2,0.1818,3,0.2727,0,0.0000,0,29,11,1.0000,7,0.6364,4,0.3636,11,11,1.0000,3,0.2727,8,0.7273,0,0,11,1.0000,1
3,NEXUS,"Sonatype Nexus",Sonatype,246,"Sprint 18","2014-05-27 19:32:55","2014-06-10 18:00:00","2014-05-30 14:26:20",10,13.9167,22,4,0.8182,1.0000,238.0000,10,0.4545,0,0.0000,0.5000,0.9545,2,0.0909,0,0.0000,2,0.0909,0,0.0000,0,41,21,0.9545,17,0.7727,4,0.1818,20,20,0.9091,14,0.6364,6,0.2727,0,0,20,0.9091,1
3,NEXUS,"Sonatype Nexus",Sonatype,245,"Sprint 19","2014-06-10 19:31:03","2014-06-24 18:00:00","2014-06-13 14:24:50",11,13.9167,12,6,0.9167,0.8333,237.6667,6,0.5000,0,0.0000,0.5833,1.0000,4,0.3333,2,0.1667,2,0.1667,0,0.0000,0,32,12,1.0000,9,0.7500,3,0.2500,12,12,1.0000,8,0.6667,4,0.3333,0,0,11,0.9167,1
3,NEXUS,"Sonatype Nexus",Sonatype,236,"Sprint 28","2014-10-14 18:42:30","2014-10-28 18:00:00","2014-10-17 13:46:00",12,13.9583,14,6,0.7857,1.0000,174.5000,9,0.6429,1,0.0714,0.8571,1.0000,3,0.2143,3,0.2143,0,0.0000,0,0.0000,0,38,13,0.9286,11,0.7857,2,0.1429,11,11,0.7857,5,0.3571,6,0.4286,0,0,10,0.7143,0
3,NEXUS,"Sonatype Nexus",Sonatype,235,"Sprint 29","2014-10-28 18:37:02","2014-11-11 19:37:00","2014-10-31 14:01:01",13,14.0000,12,5,0.9167,0.8000,206.8000,6,0.5000,0,0.0000,0.8333,1.0000,2,0.1667,1,0.0833,1,0.0833,0,0.0000,0,25,12,1.0000,9,0.7500,3,0.2500,12,9,0.7500,8,0.6667,1,0.0833,0,0,7,0.5833,0
3,NEXUS,"Sonatype Nexus",Sonatype,234,"Sprint 31","2014-11-25 19:57:24","2014-12-09 19:57:00","2014-11-28 15:09:19",14,13.9583,17,4,0.9412,1.0000,185.2500,8,0.4706,1,0.0588,0.9412,1.0000,3,0.1765,1,0.0588,2,0.1176,0,0.0000,0,43,16,0.9412,13,0.7647,3,0.1765,10,9,0.5294,7,0.4118,2,0.1176,0,0,15,0.8824,0
3,NEXUS,"Sonatype Nexus",Sonatype,233,"Sprint 32","2014-12-09 19:42:39","2014-12-23 19:42:00","2014-12-12 14:54:31",15,13.9583,10,4,0.9000,1.0000,173.2500,3,0.3000,0,0.0000,0.8000,0.9000,1,0.1000,0,0.0000,1,0.1000,1,0.1000,0,16,9,0.9000,4,0.4000,5,0.5000,6,6,0.6000,5,0.5000,1,0.1000,0,0,6,0.6000,0
3,NEXUS,"Sonatype Nexus",Sonatype,231,"Sprint 34","2015-01-06 19:54:33","2015-01-20 19:54:00","2015-01-09 15:06:26",16,13.9583,27,7,0.8889,1.0000,224.2857,18,0.6667,1,0.0370,0.7037,0.9630,13,0.4815,10,0.3704,3,0.1111,0,0.0000,0,59,20,0.7407,15,0.5556,5,0.1852,37,24,0.8889,21,0.7778,3,0.1111,0,0,18,0.6667,0
3,NEXUS,"Sonatype Nexus",Sonatype,230,"Sprint 35","2015-01-20 20:46:02","2015-02-03 20:46:00","2015-01-23 15:58:01",17,13.9583,41,8,0.8049,1.0000,141.3750,27,0.6585,2,0.0488,0.7317,0.9756,16,0.3902,9,0.2195,7,0.1707,1,0.0244,0,109,40,0.9756,32,0.7805,8,0.1951,39,26,0.6341,20,0.4878,6,0.1463,0,0,40,0.9756,1
3,NEXUS,"Sonatype Nexus",Sonatype,229,"Sprint 36","2015-02-03 20:05:54","2015-02-17 20:05:00","2015-02-06 15:17:43",18,13.9583,12,4,0.7500,1.0000,112.5000,9,0.7500,3,0.2500,0.6667,0.9167,3,0.2500,1,0.0833,2,0.1667,1,0.0833,0,19,11,0.9167,6,0.5000,5,0.4167,14,9,0.7500,8,0.6667,1,0.0833,0,0,7,0.5833,0
3,NEXUS,"Sonatype Nexus",Sonatype,227,"Sprint 37","2015-02-17 20:08:52","2015-03-03 20:08:00","2015-02-20 15:20:41",19,13.9583,12,4,0.9167,1.0000,182.5000,8,0.6667,0,0.0000,0.7500,0.9167,2,0.1667,2,0.1667,0,0.0000,0,0.0000,0,26,11,0.9167,10,0.8333,1,0.0833,21,12,1.0000,9,0.7500,3,0.2500,0,0,7,0.5833,0
3,NEXUS,"Sonatype Nexus",Sonatype,224,"Sprint 40","2015-03-31 18:59:06","2015-04-14 18:59:00","2015-04-03 14:11:04",20,13.9583,10,6,0.9000,1.0000,224.5000,5,0.5000,1,0.1000,0.6000,1.0000,7,0.7000,6,0.6000,1,0.1000,0,0.0000,0,26,9,0.9000,8,0.8000,1,0.1000,10,10,1.0000,7,0.7000,3,0.3000,0,0,8,0.8000,0
3,NEXUS,"Sonatype Nexus",Sonatype,223,"Sprint 41","2015-04-14 19:17:02","2015-04-28 19:17:00","2015-04-17 14:29:01",21,13.9583,57,6,0.9123,1.0000,86.5000,35,0.6140,0,0.0000,0.7368,1.0000,30,0.5263,21,0.3684,9,0.1579,0,0.0000,0,118,50,0.8772,44,0.7719,6,0.1053,71,52,0.9123,44,0.7719,8,0.1404,0,0,47,0.8246,0
3,NEXUS,"Sonatype Nexus",Sonatype,222,"Sprint 42","2015-04-28 19:23:39","2015-05-12 19:23:00","2015-05-01 14:35:31",22,13.9583,33,4,0.8485,1.0000,132.7500,22,0.6667,1,0.0303,0.8485,0.8485,18,0.5455,12,0.3636,6,0.1818,4,0.1212,0,75,26,0.7879,23,0.6970,3,0.0909,22,22,0.6667,19,0.5758,3,0.0909,0,0,26,0.7879,0
3,NEXUS,"Sonatype Nexus",Sonatype,221,"Sprint 43","2015-05-12 19:44:47","2015-05-26 19:44:00","2015-05-15 14:56:37",23,13.9583,29,4,0.9310,1.0000,117.0000,25,0.8621,1,0.0345,0.8276,1.0000,17,0.5862,10,0.3448,7,0.2414,0,0.0000,0,62,26,0.8966,19,0.6552,7,0.2414,33,26,0.8966,19,0.6552,7,0.2414,0,0,25,0.8621,0
3,NEXUS,"Sonatype Nexus",Sonatype,220,"Sprint 44","2015-05-26 19:27:04","2015-06-09 19:27:00","2015-05-29 14:39:03",24,13.9583,23,5,0.9565,0.8000,159.8000,15,0.6522,0,0.0000,0.6522,0.9565,9,0.3913,7,0.3043,2,0.0870,0,0.0000,0,49,18,0.7826,11,0.4783,7,0.3043,18,16,0.6957,10,0.4348,6,0.2609,0,0,23,1.0000,1
3,NEXUS,"Sonatype Nexus",Sonatype,218,"Sprint 46","2015-06-23 18:47:39","2015-07-07 18:47:00","2015-06-26 13:59:31",25,13.9583,11,4,0.8182,1.0000,135.7500,8,0.7273,0,0.0000,0.9091,1.0000,7,0.6364,6,0.5455,1,0.0909,0,0.0000,0,21,10,0.9091,10,0.9091,0,0.0000,8,8,0.7273,6,0.5455,2,0.1818,0,0,8,0.7273,0
3,NEXUS,"Sonatype Nexus",Sonatype,216,"Sprint 47","2015-07-07 19:29:56","2015-07-21 19:29:00","2015-07-10 14:41:44",26,13.9583,21,7,0.9048,0.7143,239.1429,13,0.6190,1,0.0476,0.9524,0.9524,2,0.0952,2,0.0952,0,0.0000,2,0.0952,0,35,16,0.7619,5,0.2381,11,0.5238,7,6,0.2857,4,0.1905,2,0.0952,0,0,21,1.0000,1
3,NEXUS,"Sonatype Nexus",Sonatype,214,"Sprint 49","2015-08-04 18:41:39","2015-08-18 18:41:00","2015-08-07 13:53:31",27,13.9583,10,4,0.9000,0.7500,69.0000,3,0.3000,1,0.1000,0.5000,1.0000,3,0.3000,2,0.2000,1,0.1000,1,0.1000,0,8,5,0.5000,4,0.4000,1,0.1000,5,5,0.5000,3,0.3000,2,0.2000,0,0,6,0.6000,0
3,NEXUS,"Sonatype Nexus",Sonatype,213,"Sprint 50","2015-08-18 20:17:29","2015-09-01 20:17:00","2015-08-21 15:29:23",28,13.9583,13,4,1.0000,1.0000,72.7500,7,0.5385,0,0.0000,0.8462,1.0000,5,0.3846,1,0.0769,4,0.3077,1,0.0769,0,21,10,0.7692,9,0.6923,1,0.0769,12,9,0.6923,5,0.3846,4,0.3077,0,0,5,0.3846,0
3,NEXUS,"Sonatype Nexus",Sonatype,211,"Sprint 52","2015-09-15 19:05:23","2015-09-29 19:05:00","2015-09-18 14:17:18",29,13.9583,13,4,0.8462,1.0000,75.5000,9,0.6923,0,0.0000,0.6923,0.9231,7,0.5385,6,0.4615,1,0.0769,1,0.0769,0,26,12,0.9231,12,0.9231,0,0.0000,12,12,0.9231,10,0.7692,2,0.1538,0,0,8,0.6154,0
3,NEXUS,"Sonatype Nexus",Sonatype,210,"Sprint 53","2015-09-29 20:04:32","2015-10-13 20:04:00","2015-10-02 15:16:25",30,13.9583,10,3,0.7000,1.0000,62.6667,8,0.8000,0,0.0000,0.6000,1.0000,3,0.3000,2,0.2000,1,0.1000,1,0.1000,0,12,9,0.9000,8,0.8000,1,0.1000,14,9,0.9000,8,0.8000,1,0.1000,0,0,4,0.4000,0
3,NEXUS,"Sonatype Nexus",Sonatype,171,"Sprint 84","2016-12-06 17:17:12","2016-12-20 17:17:00","2016-12-09 12:29:09",32,13.9583,10,4,1.0000,0.7500,121.7500,7,0.7000,0,0.0000,0.8000,1.0000,3,0.3000,2,0.2000,1,0.1000,0,0.0000,0,22,10,1.0000,6,0.6000,4,0.4000,1,1,0.1000,1,0.1000,0,0.0000,0,0,9,0.9000,1
3,NEXUS,"Sonatype Nexus",Sonatype,166,"Sprint 88","2017-01-31 19:04:11","2017-02-14 19:04:00","2017-02-03 14:16:08",33,13.9583,13,3,1.0000,1.0000,129.0000,12,0.9231,1,0.0769,0.7692,1.0000,2,0.1538,1,0.0769,1,0.0769,0,0.0000,0,28,11,0.8462,10,0.7692,1,0.0769,13,10,0.7692,10,0.7692,0,0.0000,0,0,12,0.9231,1
3,NEXUS,"Sonatype Nexus",Sonatype,163,"Sprint 89","2017-02-14 18:57:17","2017-02-28 18:57:00","2017-02-17 14:09:13",34,13.9583,10,3,1.0000,1.0000,128.6667,7,0.7000,1,0.1000,0.9000,1.0000,1,0.1000,0,0.0000,1,0.1000,0,0.0000,0,18,8,0.8000,6,0.6000,2,0.2000,6,5,0.5000,4,0.4000,1,0.1000,0,0,8,0.8000,0
3,NEXUS,"Sonatype Nexus",Sonatype,159,"Sprint 91","2017-03-14 18:21:54","2017-03-28 18:21:00","2017-03-17 13:33:43",35,13.9583,18,3,1.0000,1.0000,132.0000,17,0.9444,1,0.0556,1.0000,1.0000,1,0.0556,0,0.0000,1,0.0556,0,0.0000,0,35,17,0.9444,13,0.7222,4,0.2222,15,14,0.7778,13,0.7222,1,0.0556,0,0,14,0.7778,0
4,MESOS,"Apache Mesos",Apache,485,"Q3 Sprint 1","2014-07-14 19:03:07","2014-07-24 00:00:00","2014-07-16 15:14:29",6,9.1667,27,12,0.8519,0.8333,60.6667,11,0.4074,0,0.0000,0.5556,0.6296,9,0.3333,4,0.1481,5,0.1852,0,0.0000,1,16,16,0.5926,4,0.1481,12,0.4444,23,23,0.8519,2,0.0741,21,0.7778,0,0,11,0.4074,0
4,MESOS,"Apache Mesos",Apache,484,"Q3 Sprint 2","2014-07-28 19:05:44","2014-08-07 00:00:00","2014-07-30 15:16:35",7,9.1667,13,6,1.0000,1.0000,100.8333,6,0.4615,1,0.0769,0.7692,0.6923,7,0.5385,6,0.4615,1,0.0769,0,0.0000,0,4,4,0.3077,1,0.0769,3,0.2308,10,10,0.7692,5,0.3846,5,0.3846,0,0,12,0.9231,1
4,MESOS,"Apache Mesos",Apache,482,"Q3 Sprint 4","2014-08-25 21:32:11","2014-09-06 01:00:00","2014-08-28 03:01:44",8,11.1250,12,6,0.7500,0.8333,90.0000,10,0.8333,0,0.0000,0.5000,0.5000,2,0.1667,2,0.1667,0,0.0000,0,0.0000,2,6,5,0.4167,2,0.1667,3,0.2500,12,12,1.0000,3,0.2500,9,0.7500,0,0,7,0.5833,0
4,MESOS,"Apache Mesos",Apache,481,"Mesos Q3 Sprint 5","2014-09-08 18:00:33","2014-09-22 18:00:00","2014-09-11 13:12:26",9,13.9583,18,6,1.0000,0.8333,97.5000,11,0.6111,1,0.0556,0.8889,0.7778,7,0.3889,4,0.2222,3,0.1667,0,0.0000,0,15,13,0.7222,7,0.3889,6,0.3333,17,17,0.9444,7,0.3889,10,0.5556,0,0,11,0.6111,0
4,MESOS,"Apache Mesos",Apache,479,"Twitter Q4 Sprint 1","2014-10-06 22:00:00","2014-10-20 18:00:00","2014-10-09 16:24:00",10,13.8333,13,5,0.9231,1.0000,118.0000,10,0.7692,2,0.1538,0.9231,0.6923,2,0.1538,1,0.0769,1,0.0769,0,0.0000,1,10,9,0.6923,4,0.3077,5,0.3846,12,12,0.9231,4,0.3077,8,0.6154,0,0,7,0.5385,0
4,MESOS,"Apache Mesos",Apache,477,"Mesosphere Q4 Sprint 1 10/31","2014-10-19 18:29:04","2014-10-31 17:29:00","2014-10-22 03:53:03",11,11.9167,24,7,0.7500,0.8571,12.8571,9,0.3750,1,0.0417,0.0417,0.5833,4,0.1667,3,0.1250,1,0.0417,1,0.0417,1,4,4,0.1667,1,0.0417,3,0.1250,13,13,0.5417,2,0.0833,11,0.4583,0,0,14,0.5833,0
4,MESOS,"Apache Mesos",Apache,478,"Twitter Mesos Q4 Sprint 2","2014-10-21 19:00:15","2014-11-04 19:00:00","2014-10-24 14:12:12",12,13.9583,12,5,0.9167,0.8000,83.6000,4,0.3333,0,0.0000,0.8333,0.5833,6,0.5000,0,0.0000,6,0.5000,0,0.0000,1,2,2,0.1667,0,0.0000,2,0.1667,9,8,0.6667,4,0.3333,4,0.3333,0,0,9,0.7500,0
4,MESOS,"Apache Mesos",Apache,475,"Twitter Mesos Q4 Sprint 3","2014-11-03 19:00:04","2014-11-17 19:00:00","2014-11-06 14:12:03",13,13.9583,19,6,0.8947,0.8333,101.0000,6,0.3158,2,0.1053,1.0000,0.8947,7,0.3684,4,0.2105,3,0.1579,0,0.0000,1,6,5,0.2632,2,0.1053,3,0.1579,18,16,0.8421,6,0.3158,10,0.5263,0,0,12,0.6316,0
4,MESOS,"Apache Mesos",Apache,474,"Mesosphere Q4 Sprint 2 - 11/14","2014-11-04 18:40:29","2014-11-14 18:40:00","2014-11-06 18:40:23",14,9.9583,32,8,0.9375,1.0000,25.8750,3,0.0938,5,0.1563,0.0625,0.7813,6,0.1875,4,0.1250,2,0.0625,2,0.0625,1,2,2,0.0625,2,0.0625,0,0.0000,4,4,0.1250,3,0.0938,1,0.0313,0,0,15,0.4688,0
4,MESOS,"Apache Mesos",Apache,472,"Mesosphere Q4 Sprint 3 - 12/7","2014-11-19 17:58:45","2014-12-07 17:58:00","2014-11-23 08:22:36",15,17.9583,33,10,0.8485,0.9000,15.1000,3,0.0909,1,0.0303,0.2727,0.6364,9,0.2727,3,0.0909,6,0.1818,0,0.0000,4,11,11,0.3333,2,0.0606,9,0.2727,12,11,0.3333,3,0.0909,8,0.2424,0,1,9,0.2727,0
4,MESOS,"Apache Mesos",Apache,469,"Twitter Mesos Q1 Sprint 1","2015-01-20 19:59:00","2015-02-03 19:48:00","2015-01-23 15:08:48",16,13.9583,14,6,1.0000,0.8333,106.3333,8,0.5714,0,0.0000,0.9286,0.7857,5,0.3571,4,0.2857,1,0.0714,2,0.1429,0,6,6,0.4286,6,0.4286,0,0.0000,13,9,0.6429,9,0.6429,0,0.0000,0,0,11,0.7857,0
4,MESOS,"Apache Mesos",Apache,468,"Twitter Mesos Q1 Sprint 2","2015-02-02 20:00:11","2015-02-16 19:00:00","2015-02-05 15:00:08",17,13.9167,10,5,1.0000,1.0000,96.4000,5,0.5000,0,0.0000,1.0000,0.8000,2,0.2000,1,0.1000,1,0.1000,0,0.0000,0,6,6,0.6000,4,0.4000,2,0.2000,7,7,0.7000,5,0.5000,2,0.2000,0,0,4,0.4000,0
4,MESOS,"Apache Mesos",Apache,467,"Mesosphere Q1 Sprint 3 - 2/20","2015-02-06 16:47:50","2015-02-20 16:47:00","2015-02-09 11:59:40",18,13.9583,13,8,0.9231,1.0000,23.8750,4,0.3077,1,0.0769,0.3077,0.8462,7,0.5385,6,0.4615,1,0.0769,0,0.0000,0,5,3,0.2308,3,0.2308,0,0.0000,13,10,0.7692,10,0.7692,0,0.0000,0,0,2,0.1538,0
4,MESOS,"Apache Mesos",Apache,466,"Twitter Mesos Q1 Sprint 3","2015-02-17 18:00:00","2015-03-02 19:00:00","2015-02-20 08:36:00",19,13.0417,10,5,0.8000,1.0000,82.8000,3,0.3000,0,0.0000,0.9000,0.7000,6,0.6000,5,0.5000,1,0.1000,0,0.0000,1,4,4,0.4000,2,0.2000,2,0.2000,9,9,0.9000,6,0.6000,3,0.3000,0,0,7,0.7000,0
4,MESOS,"Apache Mesos",Apache,464,"Twitter Mesos Q1 Sprint 4","2015-03-02 19:31:49","2015-03-16 19:31:00","2015-03-05 14:43:39",20,13.9583,10,6,1.0000,0.8333,103.8333,4,0.4000,1,0.1000,1.0000,0.5000,6,0.6000,1,0.1000,5,0.5000,0,0.0000,0,6,6,0.6000,4,0.4000,2,0.2000,11,10,1.0000,8,0.8000,2,0.2000,0,0,7,0.7000,0
4,MESOS,"Apache Mesos",Apache,463,"Mesosphere Q1 Sprint 5 - 3/20","2015-03-09 23:12:34","2015-03-20 23:12:00","2015-03-12 04:00:27",21,10.9583,10,7,0.9000,0.8571,18.8571,5,0.5000,2,0.2000,0.4000,0.6000,2,0.2000,0,0.0000,2,0.2000,1,0.1000,1,1,1,0.1000,0,0.0000,1,0.1000,11,7,0.7000,4,0.4000,3,0.3000,0,0,3,0.3000,0
4,MESOS,"Apache Mesos",Apache,460,"Twitter Mesos Q1 Sprint 6","2015-03-30 18:19:21","2015-04-06 18:00:00","2015-04-01 03:51:28",22,6.9583,12,5,1.0000,0.8000,116.6000,2,0.1667,0,0.0000,1.0000,0.6667,5,0.4167,1,0.0833,4,0.3333,0,0.0000,0,7,5,0.4167,2,0.1667,3,0.2500,10,7,0.5833,2,0.1667,5,0.4167,0,0,5,0.4167,0
4,MESOS,"Apache Mesos",Apache,459,"Mesosphere Q1 Sprint 7 - 4/17","2015-04-03 16:57:36","2015-04-17 16:57:00","2015-04-06 12:09:28",23,13.9583,10,4,0.8000,1.0000,25.7500,4,0.4000,1,0.1000,0.2000,0.5000,4,0.4000,4,0.4000,0,0.0000,1,0.1000,1,8,7,0.7000,7,0.7000,0,0.0000,14,8,0.8000,8,0.8000,0,0.0000,0,0,3,0.3000,0
4,MESOS,"Apache Mesos",Apache,453,"Mesosphere Sprint 10","2015-05-15 16:30:26","2015-05-26 01:00:00","2015-05-17 18:12:20",24,10.3333,11,7,0.7273,0.8571,19.1429,0,0.0000,1,0.0909,0.8182,0.9091,0,0.0000,0,0.0000,0,0.0000,0,0.0000,3,1,1,0.0909,1,0.0909,0,0.0000,8,6,0.5455,2,0.1818,4,0.3636,0,0,0,0.0000,0
4,MESOS,"Apache Mesos",Apache,451,"Twitter Q2 Sprint 3","2015-05-26 18:00:31","2015-06-08 18:00:00","2015-05-29 08:24:24",25,12.9583,17,7,1.0000,0.8571,98.2857,6,0.3529,0,0.0000,1.0000,0.9412,12,0.7059,8,0.4706,4,0.2353,0,0.0000,1,7,7,0.4118,5,0.2941,2,0.1176,10,10,0.5882,5,0.2941,5,0.2941,0,0,10,0.5882,0
4,MESOS,"Apache Mesos",Apache,450,"Mesosphere Sprint 12","2015-06-08 16:00:47","2015-06-22 16:00:00","2015-06-11 11:12:37",26,13.9583,11,9,1.0000,0.8889,33.6667,3,0.2727,0,0.0000,0.8182,0.6364,3,0.2727,2,0.1818,1,0.0909,0,0.0000,1,3,3,0.2727,1,0.0909,2,0.1818,9,9,0.8182,3,0.2727,6,0.5455,0,0,3,0.2727,0
4,MESOS,"Apache Mesos",Apache,449,"Twitter Mesos Q2 Sprint 5","2015-06-08 19:00:00","2015-06-22 18:00:00","2015-06-11 14:00:00",27,13.9583,18,5,0.8889,0.8000,83.0000,8,0.4444,3,0.1667,1.0000,0.6667,10,0.5556,5,0.2778,5,0.2778,0,0.0000,3,9,8,0.4444,3,0.1667,5,0.2778,13,13,0.7222,5,0.2778,8,0.4444,0,0,15,0.8333,0
4,MESOS,"Apache Mesos",Apache,447,"Mesosphere Sprint 13","2015-06-22 17:00:57","2015-07-06 16:00:00","2015-06-25 12:00:45",28,13.9167,26,10,1.0000,0.8000,20.3000,8,0.3077,5,0.1923,1.0000,0.8077,12,0.4615,11,0.4231,1,0.0385,0,0.0000,0,5,5,0.1923,3,0.1154,2,0.0769,17,17,0.6538,8,0.3077,9,0.3462,0,0,6,0.2308,0
4,MESOS,"Apache Mesos",Apache,448,"Twitter Mesos Q2 Sprint 6","2015-06-22 18:27:42","2015-07-06 18:00:00","2015-06-25 13:34:09",29,13.9583,17,6,0.9412,1.0000,117.6667,7,0.4118,3,0.1765,1.0000,0.8235,11,0.6471,3,0.1765,8,0.4706,0,0.0000,1,10,9,0.5294,2,0.1176,7,0.4118,13,11,0.6471,5,0.2941,6,0.3529,0,0,7,0.4118,0
4,MESOS,"Apache Mesos",Apache,446,"Mesosphere Sprint 14","2015-07-06 17:00:32","2015-07-20 17:00:00","2015-07-09 12:12:25",30,13.9583,12,7,0.9167,0.7143,26.0000,6,0.5000,4,0.3333,1.0000,0.9167,6,0.5000,1,0.0833,5,0.4167,0,0.0000,1,5,3,0.2500,0,0.0000,3,0.2500,9,9,0.7500,1,0.0833,8,0.6667,0,1,5,0.4167,0
4,MESOS,"Apache Mesos",Apache,444,"Mesosphere Sprint 15","2015-07-20 20:00:47","2015-08-03 17:00:00","2015-07-23 14:36:37",31,13.8333,53,20,0.9811,0.8500,23.3000,9,0.1698,4,0.0755,0.9623,0.9057,26,0.4906,8,0.1509,18,0.3396,0,0.0000,4,11,9,0.1698,6,0.1132,3,0.0566,42,40,0.7547,8,0.1509,32,0.6038,0,0,2,0.0377,0
4,MESOS,"Apache Mesos",Apache,443,"Twitter Mesos Q3 Sprint 2","2015-07-21 19:09:42","2015-08-03 18:00:00","2015-07-24 09:19:45",32,12.9167,14,4,1.0000,1.0000,159.0000,4,0.2857,0,0.0000,1.0000,0.7857,9,0.6429,5,0.3571,4,0.2857,0,0.0000,0,5,5,0.3571,3,0.2143,2,0.1429,5,5,0.3571,2,0.1429,3,0.2143,0,0,10,0.7143,0
4,MESOS,"Apache Mesos",Apache,441,"Twitter Mesos Q3 Sprint 3","2015-08-03 18:22:05","2015-08-17 18:00:00","2015-08-06 13:29:40",33,13.9583,15,5,1.0000,1.0000,149.4000,10,0.6667,0,0.0000,1.0000,0.7333,13,0.8667,8,0.5333,5,0.3333,0,0.0000,0,6,6,0.4000,4,0.2667,2,0.1333,7,7,0.4667,6,0.4000,1,0.0667,0,0,12,0.8000,0
4,MESOS,"Apache Mesos",Apache,442,"Mesosphere Sprint 16","2015-08-03 20:00:40","2015-08-17 19:00:00","2015-08-06 15:00:32",34,13.9167,33,16,0.9697,0.9375,27.5000,13,0.3939,7,0.2121,0.9697,0.9697,17,0.5152,8,0.2424,9,0.2727,0,0.0000,1,11,10,0.3030,2,0.0606,8,0.2424,21,17,0.5152,6,0.1818,11,0.3333,0,0,5,0.1515,0
4,MESOS,"Apache Mesos",Apache,440,"Mesosphere Sprint 17","2015-08-17 19:00:49","2015-08-31 19:00:00","2015-08-20 14:12:39",35,13.9583,23,12,1.0000,1.0000,29.5000,5,0.2174,0,0.0000,1.0000,0.9130,8,0.3478,4,0.1739,4,0.1739,0,0.0000,2,8,8,0.3478,3,0.1304,5,0.2174,17,15,0.6522,13,0.5652,2,0.0870,0,0,1,0.0435,0
4,MESOS,"Apache Mesos",Apache,438,"Mesosphere Sprint 18","2015-08-31 20:44:13","2015-09-14 20:44:00","2015-09-03 15:56:10",36,13.9583,12,8,1.0000,1.0000,33.0000,1,0.0833,0,0.0000,1.0000,0.8333,6,0.5000,1,0.0833,5,0.4167,0,0.0000,0,2,2,0.1667,1,0.0833,1,0.0833,7,7,0.5833,2,0.1667,5,0.4167,0,0,1,0.0833,0
4,MESOS,"Apache Mesos",Apache,437,"Twitter Mesos Q3 Sprint 5","2015-09-14 18:53:25","2015-09-28 18:00:00","2015-09-17 13:54:44",37,13.9583,12,5,1.0000,1.0000,150.4000,5,0.4167,0,0.0000,1.0000,0.7500,8,0.6667,3,0.2500,5,0.4167,0,0.0000,1,9,9,0.7500,5,0.4167,4,0.3333,10,10,0.8333,4,0.3333,6,0.5000,0,0,10,0.8333,0
4,MESOS,"Apache Mesos",Apache,436,"Mesosphere Sprint 19","2015-09-14 20:54:44","2015-09-28 20:54:00","2015-09-17 16:06:35",38,13.9583,16,8,1.0000,1.0000,36.1250,4,0.2500,2,0.1250,1.0000,0.6250,14,0.8750,12,0.7500,2,0.1250,0,0.0000,0,7,6,0.3750,6,0.3750,0,0.0000,9,9,0.5625,7,0.4375,2,0.1250,0,0,3,0.1875,0
4,MESOS,"Apache Mesos",Apache,434,"Mesosphere Sprint 20","2015-09-28 20:37:51","2015-10-12 20:37:00","2015-10-01 15:49:40",39,13.9583,19,12,0.9474,1.0000,28.4167,6,0.3158,1,0.0526,0.9474,0.9474,7,0.3684,2,0.1053,5,0.2632,0,0.0000,1,5,5,0.2632,2,0.1053,3,0.1579,18,18,0.9474,7,0.3684,11,0.5789,0,0,2,0.1053,0
4,MESOS,"Apache Mesos",Apache,433,"Mesosphere Sprint 21","2015-10-12 20:46:10","2015-10-26 19:00:00","2015-10-15 15:36:56",40,13.9167,32,15,0.9375,1.0000,28.0667,19,0.5938,2,0.0625,0.9688,0.8125,20,0.6250,12,0.3750,8,0.2500,0,0.0000,2,13,11,0.3438,7,0.2188,4,0.1250,20,20,0.6250,15,0.4688,5,0.1563,0,0,1,0.0313,0
4,MESOS,"Apache Mesos",Apache,432,"Mesosphere Sprint 22","2015-11-09 21:00:43","2015-11-23 21:00:00","2015-11-12 16:12:34",41,13.9583,28,12,0.9643,1.0000,30.3333,6,0.2143,0,0.0000,1.0000,0.8214,12,0.4286,1,0.0357,11,0.3929,0,0.0000,0,0,0,0.0000,0,0.0000,0,0.0000,12,11,0.3929,3,0.1071,8,0.2857,0,0,0,0.0000,0
4,MESOS,"Apache Mesos",Apache,430,"Mesosphere Sprint 23","2015-11-23 22:08:23","2015-12-07 22:08:00","2015-11-26 17:20:18",42,13.9583,38,14,0.8947,1.0000,37.1429,25,0.6579,1,0.0263,0.8158,0.7368,11,0.2895,4,0.1053,7,0.1842,0,0.0000,2,13,9,0.2368,5,0.1316,4,0.1053,23,15,0.3947,12,0.3158,3,0.0789,0,0,5,0.1316,0
4,MESOS,"Apache Mesos",Apache,428,"Mesosphere Sprint 24","2015-12-07 21:28:11","2015-12-21 21:28:00","2015-12-10 16:40:08",43,13.9583,46,20,1.0000,0.8000,40.9500,17,0.3696,0,0.0000,0.7609,0.7609,18,0.3913,14,0.3043,4,0.0870,0,0.0000,0,13,10,0.2174,3,0.0652,7,0.1522,31,27,0.5870,19,0.4130,8,0.1739,0,0,1,0.0217,0
4,MESOS,"Apache Mesos",Apache,429,"Mesosphere Sprint 25","2015-12-21 22:33:11","2016-01-04 22:33:00","2015-12-24 17:45:08",44,13.9583,22,12,1.0000,0.9167,36.0833,5,0.2273,0,0.0000,0.6818,0.5455,5,0.2273,0,0.0000,5,0.2273,0,0.0000,0,0,0,0.0000,0,0.0000,0,0.0000,17,16,0.7273,12,0.5455,4,0.1818,0,0,1,0.0455,0
4,MESOS,"Apache Mesos",Apache,427,"Mesosphere Sprint 26","2016-01-04 23:06:24","2016-01-18 23:06:00","2016-01-07 18:18:19",45,13.9583,74,22,0.9730,1.0000,53.3182,29,0.3919,3,0.0405,0.7568,0.7703,23,0.3108,18,0.2432,5,0.0676,0,0.0000,5,16,15,0.2027,11,0.1486,4,0.0541,32,28,0.3784,20,0.2703,8,0.1081,0,0,12,0.1622,0
4,MESOS,"Apache Mesos",Apache,425,"Mesosphere Sprint 28","2016-02-01 20:19:53","2016-02-15 20:19:00","2016-02-04 15:31:42",46,13.9583,41,17,0.9024,0.9412,70.8824,21,0.5122,1,0.0244,0.9756,0.8293,16,0.3902,13,0.3171,3,0.0732,0,0.0000,5,7,7,0.1707,5,0.1220,2,0.0488,9,8,0.1951,7,0.1707,1,0.0244,0,0,3,0.0732,0
4,MESOS,"Apache Mesos",Apache,424,"Mesosphere Sprint 29","2016-02-16 23:11:51","2016-03-01 23:11:00","2016-02-19 18:23:40",47,13.9583,40,20,0.9750,0.9500,59.6000,18,0.4500,1,0.0250,0.9000,0.7750,17,0.4250,7,0.1750,10,0.2500,0,0.0000,1,10,10,0.2500,6,0.1500,4,0.1000,26,23,0.5750,21,0.5250,2,0.0500,0,0,7,0.1750,0
4,MESOS,"Apache Mesos",Apache,423,"Mesosphere Sprint 30","2016-03-01 17:40:49","2016-03-15 17:40:00","2016-03-04 12:52:39",48,13.9583,51,20,0.9608,0.9000,64.4500,13,0.2549,7,0.1373,0.9216,0.7843,17,0.3333,3,0.0588,14,0.2745,0,0.0000,2,9,8,0.1569,2,0.0392,6,0.1176,19,18,0.3529,7,0.1373,11,0.2157,0,0,8,0.1569,0
4,MESOS,"Apache Mesos",Apache,422,"Mesosphere Sprint 31","2016-03-15 18:06:45","2016-03-29 18:06:00","2016-03-18 13:18:36",49,13.9583,43,17,1.0000,1.0000,57.5882,9,0.2093,1,0.0233,0.9535,0.6279,6,0.1395,4,0.0930,2,0.0465,1,0.0233,0,5,5,0.1163,5,0.1163,0,0.0000,18,18,0.4186,8,0.1860,10,0.2326,0,0,7,0.1628,0
4,MESOS,"Apache Mesos",Apache,421,"Mesosphere Sprint 32","2016-03-30 00:40:05","2016-04-13 00:40:00","2016-04-01 19:52:04",50,13.9583,61,21,0.9672,0.9048,43.1905,27,0.4426,4,0.0656,0.9180,0.6066,29,0.4754,24,0.3934,5,0.0820,1,0.0164,2,14,14,0.2295,7,0.1148,7,0.1148,41,31,0.5082,26,0.4262,5,0.0820,0,0,27,0.4426,0
4,MESOS,"Apache Mesos",Apache,420,"Mesosphere Sprint 33","2016-04-12 16:14:54","2016-04-26 16:14:00","2016-04-15 11:26:43",51,13.9583,58,24,0.9828,0.9167,60.0000,19,0.3276,3,0.0517,0.9655,0.7586,9,0.1552,6,0.1034,3,0.0517,4,0.0690,3,6,6,0.1034,5,0.0862,1,0.0172,25,25,0.4310,14,0.2414,11,0.1897,0,0,25,0.4310,0
4,MESOS,"Apache Mesos",Apache,419,"Mesosphere Sprint 34","2016-04-27 16:13:40","2016-05-11 16:13:00","2016-04-30 11:25:32",52,13.9583,14,12,1.0000,1.0000,75.7500,7,0.5000,1,0.0714,1.0000,0.8571,6,0.4286,0,0.0000,6,0.4286,0,0.0000,0,6,6,0.4286,2,0.1429,4,0.2857,6,6,0.4286,5,0.3571,1,0.0714,0,0,7,0.5000,0
4,MESOS,"Apache Mesos",Apache,418,"Mesosphere Sprint 35","2016-05-13 14:54:02","2016-05-27 14:54:00","2016-05-16 10:06:01",53,13.9583,50,25,1.0000,0.9200,77.2800,16,0.3200,3,0.0600,1.0000,0.6400,15,0.3000,11,0.2200,4,0.0800,6,0.1200,1,12,10,0.2000,9,0.1800,1,0.0200,27,27,0.5400,20,0.4000,7,0.1400,0,0,31,0.6200,0
4,MESOS,"Apache Mesos",Apache,417,"Mesosphere Sprint 36","2016-05-29 20:29:35","2016-06-12 20:29:00","2016-06-01 15:41:28",54,13.9583,28,9,0.9643,1.0000,60.1111,6,0.2143,2,0.0714,1.0000,0.3571,15,0.5357,15,0.5357,0,0.0000,0,0.0000,1,3,2,0.0714,2,0.0714,0,0.0000,13,13,0.4643,5,0.1786,8,0.2857,0,0,8,0.2857,0
4,MESOS,"Apache Mesos",Apache,416,"Mesosphere Sprint 37","2016-06-13 05:43:03","2016-06-27 05:43:00","2016-06-16 00:55:02",55,13.9583,45,16,0.9778,0.8750,71.1250,27,0.6000,3,0.0667,0.7111,0.3556,25,0.5556,24,0.5333,1,0.0222,0,0.0000,1,15,14,0.3111,14,0.3111,0,0.0000,21,21,0.4667,19,0.4222,2,0.0444,0,0,40,0.8889,0
4,MESOS,"Apache Mesos",Apache,415,"Mesosphere Sprint 38","2016-06-27 23:27:22","2016-07-11 23:27:00","2016-06-30 18:39:17",56,13.9583,32,11,0.9375,1.0000,107.5455,11,0.3438,8,0.2500,0.9063,0.4688,17,0.5313,13,0.4063,4,0.1250,0,0.0000,2,7,7,0.2188,2,0.0625,5,0.1563,11,10,0.3125,8,0.2500,2,0.0625,0,0,26,0.8125,0
4,MESOS,"Apache Mesos",Apache,414,"Mesosphere Sprint 39","2016-07-08 16:27:48","2016-07-22 16:27:00","2016-07-11 11:39:38",57,13.9583,21,13,0.9524,0.8462,76.9231,12,0.5714,0,0.0000,0.8571,0.9048,8,0.3810,4,0.1905,4,0.1905,0,0.0000,0,8,7,0.3333,4,0.1905,3,0.1429,23,18,0.8571,18,0.8571,0,0.0000,0,0,13,0.6190,0
4,MESOS,"Apache Mesos",Apache,413,"Mesosphere Sprint 40","2016-07-22 14:28:06","2016-08-05 14:28:00","2016-07-25 09:40:04",58,13.9583,30,13,1.0000,0.9231,89.3077,16,0.5333,4,0.1333,0.9333,0.7333,22,0.7333,21,0.7000,1,0.0333,0,0.0000,2,7,7,0.2333,6,0.2000,1,0.0333,14,14,0.4667,9,0.3000,5,0.1667,0,0,16,0.5333,0
4,MESOS,"Apache Mesos",Apache,412,"Mesosphere Sprint 41","2016-08-09 21:58:52","2016-08-23 21:58:00","2016-08-12 17:10:41",59,13.9583,31,8,1.0000,1.0000,157.3750,3,0.0968,2,0.0645,0.8710,0.5161,24,0.7742,18,0.5806,6,0.1935,0,0.0000,0,6,6,0.1935,3,0.0968,3,0.0968,9,9,0.2903,6,0.1935,3,0.0968,0,0,16,0.5161,0
4,MESOS,"Apache Mesos",Apache,411,"Mesosphere Sprint 42","2016-09-03 11:15:36","2016-09-17 11:15:00","2016-09-06 06:27:28",60,13.9583,14,10,1.0000,1.0000,99.8000,7,0.5000,2,0.1429,0.8571,0.6429,9,0.6429,9,0.6429,0,0.0000,0,0.0000,0,3,3,0.2143,3,0.2143,0,0.0000,6,6,0.4286,6,0.4286,0,0.0000,0,0,5,0.3571,0
4,MESOS,"Apache Mesos",Apache,410,"Mesosphere Sprint 43","2016-09-19 14:11:40","2016-10-03 14:11:00","2016-09-22 09:23:32",61,13.9583,11,7,1.0000,1.0000,130.1429,9,0.8182,3,0.2727,0.9091,0.6364,11,1.0000,10,0.9091,1,0.0909,0,0.0000,0,3,3,0.2727,2,0.1818,1,0.0909,3,3,0.2727,2,0.1818,1,0.0909,0,0,11,1.0000,1
4,MESOS,"Apache Mesos",Apache,408,"Mesosphere Sprint 44","2016-09-29 16:40:30","2016-10-13 16:40:00","2016-10-02 11:52:24",62,13.9583,37,13,0.9459,0.8462,115.7692,20,0.5405,11,0.2973,0.8378,0.6486,24,0.6486,11,0.2973,13,0.3514,0,0.0000,5,10,10,0.2703,4,0.1081,6,0.1622,18,18,0.4865,9,0.2432,9,0.2432,0,0,19,0.5135,0
4,MESOS,"Apache Mesos",Apache,407,"Mesosphere Sprint 46","2016-10-28 16:22:08","2016-11-11 16:22:00","2016-10-31 11:34:06",63,13.9583,23,11,0.9565,0.9091,122.4545,11,0.4783,4,0.1739,0.8261,0.7826,10,0.4348,7,0.3043,3,0.1304,1,0.0435,2,11,11,0.4783,10,0.4348,1,0.0435,13,13,0.5652,10,0.4348,3,0.1304,0,0,14,0.6087,0
4,MESOS,"Apache Mesos",Apache,406,"Mesosphere Sprint 47","2016-11-15 15:11:03","2016-11-29 15:11:00","2016-11-18 10:23:02",64,13.9583,22,9,1.0000,1.0000,147.7778,12,0.5455,4,0.1818,1.0000,0.6364,13,0.5909,11,0.5000,2,0.0909,0,0.0000,0,4,4,0.1818,3,0.1364,1,0.0455,7,7,0.3182,3,0.1364,4,0.1818,0,0,7,0.3182,0
4,MESOS,"Apache Mesos",Apache,405,"Mesosphere Sprint 48","2016-12-10 01:12:49","2016-12-24 01:12:00","2016-12-12 20:24:39",65,13.9583,24,8,0.9583,1.0000,126.2500,19,0.7917,4,0.1667,0.6667,0.6250,5,0.2083,4,0.1667,1,0.0417,2,0.0833,1,1,1,0.0417,1,0.0417,0,0.0000,11,11,0.4583,3,0.1250,8,0.3333,0,0,12,0.5000,0
4,MESOS,"Apache Mesos",Apache,404,"Mesosphere Sprint 49","2017-01-07 00:42:04","2017-01-21 00:42:00","2017-01-09 19:54:03",66,13.9583,24,10,0.9583,1.0000,77.9000,14,0.5833,9,0.3750,0.7917,0.6250,7,0.2917,4,0.1667,3,0.1250,2,0.0833,1,4,4,0.1667,2,0.0833,2,0.0833,11,11,0.4583,8,0.3333,3,0.1250,0,0,13,0.5417,0
4,MESOS,"Apache Mesos",Apache,403,"Mesosphere Sprint 50","2017-01-27 18:03:42","2017-02-10 18:03:00","2017-01-30 13:15:33",67,13.9583,11,6,1.0000,1.0000,93.3333,3,0.2727,3,0.2727,0.9091,1.0000,0,0.0000,0,0.0000,0,0.0000,2,0.1818,0,5,5,0.4545,3,0.2727,2,0.1818,10,8,0.7273,8,0.7273,0,0.0000,0,0,5,0.4545,0
4,MESOS,"Apache Mesos",Apache,402,"Mesosphere Sprint 51","2017-02-14 01:38:14","2017-02-28 01:38:00","2017-02-16 20:50:11",68,13.9583,13,7,1.0000,1.0000,86.7143,8,0.6154,4,0.3077,0.8462,0.6154,2,0.1538,1,0.0769,1,0.0769,2,0.1538,2,1,1,0.0769,0,0.0000,1,0.0769,13,9,0.6923,5,0.3846,4,0.3077,0,0,7,0.5385,0
4,MESOS,"Apache Mesos",Apache,401,"Mesosphere Sprint 52","2017-02-17 22:30:39","2017-03-03 22:30:00","2017-02-20 17:42:31",69,13.9583,23,11,1.0000,1.0000,93.9091,12,0.5217,3,0.1304,0.8696,0.6957,10,0.4348,10,0.4348,0,0.0000,0,0.0000,2,5,4,0.1739,4,0.1739,0,0.0000,8,8,0.3478,8,0.3478,0,0.0000,0,0,6,0.2609,0
4,MESOS,"Apache Mesos",Apache,400,"Mesosphere Sprint 53","2017-03-17 20:01:19","2017-03-30 20:01:00","2017-03-20 10:25:15",70,12.9583,18,10,1.0000,1.0000,59.5000,11,0.6111,5,0.2778,1.0000,0.8333,7,0.3889,4,0.2222,3,0.1667,3,0.1667,0,8,7,0.3889,7,0.3889,0,0.0000,8,8,0.4444,8,0.4444,0,0.0000,0,0,12,0.6667,0
4,MESOS,"Apache Mesos",Apache,399,"Mesosphere Sprint 54","2017-03-30 20:00:08","2017-04-13 20:00:00","2017-04-02 15:12:06",71,13.9583,18,7,1.0000,1.0000,85.2857,3,0.1667,0,0.0000,0.9444,0.6111,8,0.4444,8,0.4444,0,0.0000,0,0.0000,0,10,10,0.5556,10,0.5556,0,0.0000,14,14,0.7778,13,0.7222,1,0.0556,0,0,6,0.3333,0
4,MESOS,"Apache Mesos",Apache,397,"Mesosphere Sprint 56","2017-04-27 15:33:44","2017-05-11 15:33:00","2017-04-30 10:45:35",72,13.9583,11,8,1.0000,1.0000,122.7500,1,0.0909,0,0.0000,0.9091,1.0000,6,0.5455,5,0.4545,1,0.0909,0,0.0000,0,5,5,0.4545,2,0.1818,3,0.2727,7,7,0.6364,6,0.5455,1,0.0909,0,0,3,0.2727,0
4,MESOS,"Apache Mesos",Apache,396,"Mesosphere Sprint 57","2017-05-11 15:54:18","2017-05-25 15:54:00","2017-05-14 11:06:14",73,13.9583,24,14,0.9167,0.9286,104.9286,10,0.4167,4,0.1667,0.9167,0.7083,15,0.6250,14,0.5833,1,0.0417,0,0.0000,2,4,4,0.1667,3,0.1250,1,0.0417,5,5,0.2083,1,0.0417,4,0.1667,0,0,3,0.1250,0
4,MESOS,"Apache Mesos",Apache,395,"Mesosphere Sprint 58","2017-06-08 20:20:04","2017-06-22 20:20:00","2017-06-11 15:32:03",74,13.9583,22,11,0.8182,1.0000,112.0909,14,0.6364,2,0.0909,1.0000,0.4545,17,0.7727,17,0.7727,0,0.0000,0,0.0000,3,3,3,0.1364,3,0.1364,0,0.0000,3,3,0.1364,3,0.1364,0,0.0000,0,0,0,0.0000,0
4,MESOS,"Apache Mesos",Apache,394,"Mesosphere Sprint 59","2017-07-06 20:50:24","2017-07-20 20:50:00","2017-07-09 16:02:19",75,13.9583,19,11,0.9474,1.0000,72.7273,9,0.4737,6,0.3158,0.8947,0.8421,15,0.7895,11,0.5789,4,0.2105,0,0.0000,2,5,5,0.2632,2,0.1053,3,0.1579,13,11,0.5789,7,0.3684,4,0.2105,0,0,8,0.4211,0
4,MESOS,"Apache Mesos",Apache,393,"Mesosphere Sprint 60","2017-07-20 22:52:52","2017-08-03 22:52:00","2017-07-23 18:04:41",76,13.9583,20,13,1.0000,0.7692,65.0000,8,0.4000,3,0.1500,0.8000,0.6000,6,0.3000,5,0.2500,1,0.0500,0,0.0000,0,6,6,0.3000,5,0.2500,1,0.0500,15,15,0.7500,14,0.7000,1,0.0500,0,0,10,0.5000,0
4,MESOS,"Apache Mesos",Apache,392,"Mesosphere Sprint 61","2017-08-03 17:44:35","2017-08-17 17:44:00","2017-08-06 12:56:28",77,13.9583,18,10,1.0000,1.0000,93.7000,11,0.6111,4,0.2222,1.0000,0.6667,9,0.5000,8,0.4444,1,0.0556,0,0.0000,0,8,7,0.3889,7,0.3889,0,0.0000,14,13,0.7222,12,0.6667,1,0.0556,0,0,8,0.4444,0
4,MESOS,"Apache Mesos",Apache,391,"Mesosphere Sprint 62","2017-08-17 18:03:01","2017-08-31 18:03:00","2017-08-20 13:15:00",78,13.9583,12,6,0.9167,1.0000,81.5000,4,0.3333,1,0.0833,0.9167,0.8333,5,0.4167,5,0.4167,0,0.0000,0,0.0000,2,3,3,0.2500,3,0.2500,0,0.0000,4,4,0.3333,4,0.3333,0,0.0000,0,0,2,0.1667,0
4,MESOS,"Apache Mesos",Apache,390,"Mesosphere Sprint 63","2017-09-01 00:08:29","2017-09-15 00:08:00","2017-09-03 19:20:23",79,13.9583,11,6,0.9091,1.0000,47.0000,8,0.7273,0,0.0000,1.0000,0.6364,9,0.8182,9,0.8182,0,0.0000,0,0.0000,1,3,3,0.2727,3,0.2727,0,0.0000,5,4,0.3636,4,0.3636,0,0.0000,0,0,4,0.3636,0
4,MESOS,"Apache Mesos",Apache,389,"Mesosphere Sprint 64","2017-09-14 22:53:08","2017-09-28 22:53:00","2017-09-17 18:05:06",80,13.9583,12,6,1.0000,1.0000,62.3333,1,0.0833,0,0.0000,1.0000,0.8333,10,0.8333,8,0.6667,2,0.1667,0,0.0000,0,3,3,0.2500,3,0.2500,0,0.0000,6,6,0.5000,6,0.5000,0,0.0000,0,0,2,0.1667,0
4,MESOS,"Apache Mesos",Apache,388,"Mesosphere Sprint 65","2017-09-29 04:49:32","2017-10-13 04:49:00","2017-10-02 00:01:25",81,13.9583,27,14,1.0000,0.9286,56.9286,12,0.4444,2,0.0741,0.8519,0.6667,18,0.6667,17,0.6296,1,0.0370,0,0.0000,1,6,6,0.2222,6,0.2222,0,0.0000,13,12,0.4444,12,0.4444,0,0.0000,0,0,7,0.2593,0
4,MESOS,"Apache Mesos",Apache,387,"Mesosphere Sprint 66","2017-10-12 09:00:55","2017-10-26 09:00:00","2017-10-15 04:12:44",82,13.9583,30,11,0.9333,0.9091,73.3636,18,0.6000,5,0.1667,0.9667,0.6333,15,0.5000,10,0.3333,5,0.1667,0,0.0000,1,12,12,0.4000,10,0.3333,2,0.0667,20,14,0.4667,10,0.3333,4,0.1333,0,0,9,0.3000,0
4,MESOS,"Apache Mesos",Apache,385,"Mesosphere Sprint 68","2017-11-10 01:00:23","2017-11-24 01:00:00","2017-11-12 20:12:18",83,13.9583,17,11,1.0000,1.0000,72.5455,5,0.2941,1,0.0588,0.9412,0.8235,8,0.4706,7,0.4118,1,0.0588,0,0.0000,0,4,4,0.2353,4,0.2353,0,0.0000,3,3,0.1765,3,0.1765,0,0.0000,0,0,6,0.3529,0
4,MESOS,"Apache Mesos",Apache,384,"Mesosphere Sprint 69","2017-11-23 18:57:39","2017-12-07 18:57:00","2017-11-26 14:09:31",84,13.9583,15,7,0.9333,1.0000,125.7143,6,0.4000,2,0.1333,1.0000,0.6667,9,0.6000,9,0.6000,0,0.0000,0,0.0000,1,5,5,0.3333,5,0.3333,0,0.0000,8,8,0.5333,8,0.5333,0,0.0000,0,0,11,0.7333,0
4,MESOS,"Apache Mesos",Apache,383,"Mesosphere Sprint 70","2017-12-07 23:50:25","2017-12-21 23:50:00","2017-12-10 19:02:20",85,13.9583,15,9,0.9333,1.0000,60.2222,9,0.6000,5,0.3333,0.8667,0.7333,5,0.3333,4,0.2667,1,0.0667,0,0.0000,0,2,2,0.1333,2,0.1333,0,0.0000,9,9,0.6000,8,0.5333,1,0.0667,0,0,11,0.7333,0
4,MESOS,"Apache Mesos",Apache,382,"Mesosphere Sprint 71","2017-12-21 20:26:11","2018-01-04 20:26:00","2017-12-24 15:38:08",86,13.9583,13,7,0.9231,1.0000,87.8571,5,0.3846,3,0.2308,0.8462,0.5385,7,0.5385,6,0.4615,1,0.0769,0,0.0000,0,4,4,0.3077,2,0.1538,2,0.1538,9,9,0.6923,7,0.5385,2,0.1538,0,0,6,0.4615,0
4,MESOS,"Apache Mesos",Apache,381,"Mesosphere Sprint 72","2018-01-04 21:03:54","2018-01-18 21:03:00","2018-01-07 16:15:43",87,13.9583,26,10,0.9615,1.0000,62.0000,13,0.5000,5,0.1923,0.9231,0.6923,18,0.6923,15,0.5769,3,0.1154,0,0.0000,1,8,8,0.3077,8,0.3077,0,0.0000,9,9,0.3462,9,0.3462,0,0.0000,0,0,13,0.5000,0
4,MESOS,"Apache Mesos",Apache,380,"Mesosphere Sprint 73","2018-01-19 01:12:02","2018-02-02 01:12:00","2018-01-21 20:24:01",88,13.9583,21,14,1.0000,1.0000,81.8571,18,0.8571,6,0.2857,0.9524,0.9048,12,0.5714,10,0.4762,2,0.0952,0,0.0000,1,14,13,0.6190,13,0.6190,0,0.0000,25,20,0.9524,19,0.9048,1,0.0476,0,0,11,0.5238,0
4,MESOS,"Apache Mesos",Apache,379,"Mesosphere Sprint 74","2018-02-01 18:00:46","2018-02-15 18:00:00","2018-02-04 13:12:36",89,13.9583,30,13,0.9667,0.9231,95.6923,19,0.6333,4,0.1333,0.9667,0.7333,13,0.4333,9,0.3000,4,0.1333,0,0.0000,5,15,11,0.3667,8,0.2667,3,0.1000,46,26,0.8667,25,0.8333,1,0.0333,0,0,10,0.3333,0
4,MESOS,"Apache Mesos",Apache,378,"Mesosphere Sprint 75","2018-02-15 17:59:57","2018-03-01 17:59:00","2018-02-18 13:11:45",90,13.9583,10,8,1.0000,1.0000,74.6250,5,0.5000,1,0.1000,1.0000,0.9000,3,0.3000,3,0.3000,0,0.0000,0,0.0000,1,2,2,0.2000,2,0.2000,0,0.0000,2,2,0.2000,2,0.2000,0,0.0000,0,0,7,0.7000,0
4,MESOS,"Apache Mesos",Apache,377,"Mesosphere Sprint 76","2018-03-08 16:28:02","2018-03-29 16:00:00","2018-03-12 21:10:25",91,20.9583,27,9,1.0000,1.0000,63.5556,12,0.4444,7,0.2593,1.0000,0.7407,16,0.5926,12,0.4444,4,0.1481,1,0.0370,0,6,6,0.2222,5,0.1852,1,0.0370,13,13,0.4815,11,0.4074,2,0.0741,0,0,17,0.6296,0
4,MESOS,"Apache Mesos",Apache,374,"Mesosphere Sprint 78","2018-04-12 17:11:36","2018-04-26 17:11:00","2018-04-15 12:23:28",92,13.9583,20,9,1.0000,1.0000,114.1111,8,0.4000,5,0.2500,1.0000,0.8500,11,0.5500,6,0.3000,5,0.2500,0,0.0000,1,9,9,0.4500,6,0.3000,3,0.1500,16,16,0.8000,11,0.5500,5,0.2500,0,0,8,0.4000,0
4,MESOS,"Apache Mesos",Apache,373,"Mesosphere Sprint 79","2018-04-26 16:00:04","2018-05-10 16:00:00","2018-04-29 11:12:03",93,13.9583,13,6,0.9231,1.0000,128.5000,7,0.5385,6,0.4615,1.0000,0.7692,5,0.3846,5,0.3846,0,0.0000,0,0.0000,0,4,4,0.3077,3,0.2308,1,0.0769,12,12,0.9231,12,0.9231,0,0.0000,0,0,10,0.7692,0
4,MESOS,"Apache Mesos",Apache,372,"Mesosphere Sprint 2018-20","2018-05-10 16:00:41","2018-05-24 16:00:00","2018-05-13 11:12:32",94,13.9583,26,8,0.9615,1.0000,136.2500,5,0.1923,1,0.0385,0.9615,0.6154,13,0.5000,12,0.4615,1,0.0385,0,0.0000,2,10,10,0.3846,10,0.3846,0,0.0000,14,14,0.5385,14,0.5385,0,0.0000,0,0,7,0.2692,0
4,MESOS,"Apache Mesos",Apache,369,"Mesosphere Sprint 2018-22","2018-06-07 16:00:48","2018-06-21 16:00:00","2018-06-10 11:12:38",95,13.9583,12,7,1.0000,0.8571,82.0000,6,0.5000,3,0.2500,0.9167,0.7500,5,0.4167,4,0.3333,1,0.0833,0,0.0000,0,10,7,0.5833,7,0.5833,0,0.0000,8,8,0.6667,8,0.6667,0,0.0000,0,0,4,0.3333,0
4,MESOS,"Apache Mesos",Apache,366,"Mesosphere Sprint 2018-23","2018-06-21 16:00:55","2018-07-05 16:00:00","2018-06-24 11:12:44",96,13.9583,17,10,1.0000,0.7000,68.6000,10,0.5882,3,0.1765,1.0000,0.5294,6,0.3529,4,0.2353,2,0.1176,1,0.0588,2,6,6,0.3529,5,0.2941,1,0.0588,15,15,0.8824,9,0.5294,6,0.3529,0,0,10,0.5882,0
4,MESOS,"Apache Mesos",Apache,363,"Mesosphere Sprint 2018-25","2018-07-19 16:00:43","2018-08-02 16:00:00","2018-07-22 11:12:34",97,13.9583,16,8,0.9375,1.0000,97.1250,3,0.1875,3,0.1875,0.9375,0.7500,7,0.4375,4,0.2500,3,0.1875,1,0.0625,3,8,8,0.5000,8,0.5000,0,0.0000,14,13,0.8125,12,0.7500,1,0.0625,0,0,5,0.3125,0
4,MESOS,"Apache Mesos",Apache,362,"Mesosphere Sprint 2018-26","2018-08-02 16:00:37","2018-08-16 16:00:00","2018-08-05 11:12:29",98,13.9583,16,10,0.9375,1.0000,129.2000,10,0.6250,9,0.5625,1.0000,0.7500,8,0.5000,8,0.5000,0,0.0000,1,0.0625,1,8,8,0.5000,6,0.3750,2,0.1250,12,12,0.7500,9,0.5625,3,0.1875,0,0,9,0.5625,0
4,MESOS,"Apache Mesos",Apache,361,"Mesosphere Sprint 2018-27","2018-08-16 16:00:43","2018-08-30 16:00:00","2018-08-19 11:12:34",99,13.9583,17,9,1.0000,1.0000,83.3333,14,0.8235,3,0.1765,1.0000,0.5294,10,0.5882,6,0.3529,4,0.2353,1,0.0588,2,7,7,0.4118,4,0.2353,3,0.1765,5,5,0.2941,4,0.2353,1,0.0588,0,0,11,0.6471,0
4,MESOS,"Apache Mesos",Apache,360,"Mesosphere Sprint 2018-28","2018-08-30 16:00:44","2018-09-13 16:00:00","2018-09-02 11:12:35",100,13.9583,14,9,1.0000,0.8889,92.3333,8,0.5714,1,0.0714,1.0000,0.7143,3,0.2143,2,0.1429,1,0.0714,1,0.0714,0,7,6,0.4286,4,0.2857,2,0.1429,12,12,0.8571,8,0.5714,4,0.2857,0,0,13,0.9286,1
4,MESOS,"Apache Mesos",Apache,358,"Mesosphere RI-6 Sprint 2018-30","2018-09-27 09:00:28","2018-10-11 09:00:00","2018-09-30 04:12:22",101,13.9583,13,11,1.0000,0.8182,110.9091,6,0.4615,5,0.3846,0.9231,0.5385,5,0.3846,4,0.3077,1,0.0769,2,0.1538,0,6,6,0.4615,5,0.3846,1,0.0769,11,11,0.8462,9,0.6923,2,0.1538,0,0,8,0.6154,0
4,MESOS,"Apache Mesos",Apache,354,"Mesosphere RI-6 Sprint 2018-31","2018-10-11 16:00:33","2018-10-25 16:00:00","2018-10-14 11:12:26",102,13.9583,13,8,1.0000,1.0000,93.6250,7,0.5385,4,0.3077,1.0000,0.7692,5,0.3846,5,0.3846,0,0.0000,1,0.0769,0,5,4,0.3077,4,0.3077,0,0.0000,6,6,0.4615,6,0.4615,0,0.0000,0,0,4,0.3077,0
4,MESOS,"Apache Mesos",Apache,336,"Containerization RI10 Spr 38","2019-01-16 17:38:40","2019-01-24 17:38:00","2019-01-18 08:02:32",103,7.9583,11,4,1.0000,1.0000,100.5000,4,0.3636,0,0.0000,0.8182,0.8182,3,0.2727,3,0.2727,0,0.0000,1,0.0909,0,1,1,0.0909,1,0.0909,0,0.0000,1,1,0.0909,1,0.0909,0,0.0000,0,0,3,0.2727,0
4,MESOS,"Apache Mesos",Apache,323,"Storage R11 Sprint 40","2019-02-13 17:43:31","2019-02-21 17:43:00","2019-02-15 08:07:24",104,7.9583,17,4,1.0000,1.0000,112.7500,10,0.5882,11,0.6471,1.0000,0.8824,11,0.6471,11,0.6471,0,0.0000,1,0.0588,0,2,2,0.1176,2,0.1176,0,0.0000,2,2,0.1176,2,0.1176,0,0.0000,0,0,2,0.1176,0
4,MESOS,"Apache Mesos",Apache,274,"Foundations: RI-20 59","2019-11-06 16:56:38","2019-11-20 16:56:00","2019-11-09 12:08:30",105,13.9583,14,5,1.0000,1.0000,156.6000,1,0.0714,0,0.0000,1.0000,1.0000,0,0.0000,0,0.0000,0,0.0000,0,0.0000,0,3,2,0.1429,1,0.0714,1,0.0714,9,4,0.2857,4,0.2857,0,0.0000,0,0,10,0.7143,0
4,MESOS,"Apache Mesos",Apache,269,"Studio 1: RI-23 64","2020-01-15 15:23:02","2020-01-29 15:23:00","2020-01-18 10:35:01",106,13.9583,14,3,1.0000,1.0000,133.6667,0,0.0000,0,0.0000,1.0000,0.7857,0,0.0000,0,0.0000,0,0.0000,0,0.0000,0,3,3,0.2143,2,0.1429,1,0.0714,14,14,1.0000,2,0.1429,12,0.8571,0,0,1,0.0714,0
5,USERGRID,"Apache Usergrid",Apache,515,"Usergrid 13","2015-04-01 17:45:16","2015-04-15 17:45:00","2015-04-04 12:57:12",6,13.9583,18,6,1.0000,0.8333,34.1667,10,0.5556,1,0.0556,0.8889,0.6111,9,0.5000,2,0.1111,7,0.3889,0,0.0000,1,9,7,0.3889,2,0.1111,5,0.2778,28,14,0.7778,10,0.5556,4,0.2222,0,0,16,0.8889,0
5,USERGRID,"Apache Usergrid",Apache,514,"Usergrid 14","2015-04-08 20:52:04","2015-04-22 20:52:00","2015-04-11 16:04:03",7,13.9583,11,7,0.8182,0.7143,26.0000,2,0.1818,3,0.2727,1.0000,0.4545,3,0.2727,1,0.0909,2,0.1818,0,0.0000,1,5,3,0.2727,2,0.1818,1,0.0909,16,9,0.8182,7,0.6364,2,0.1818,0,0,5,0.4545,0
5,USERGRID,"Apache Usergrid",Apache,511,"Usergrid 17","2015-05-06 21:18:00","2015-05-13 21:18:00","2015-05-08 06:54:00",8,7.0000,28,5,0.8929,1.0000,52.4000,20,0.7143,0,0.0000,0.9286,0.4286,5,0.1786,0,0.0000,5,0.1786,0,0.0000,2,17,17,0.6071,4,0.1429,13,0.4643,25,15,0.5357,14,0.5000,1,0.0357,0,0,14,0.5000,0
5,USERGRID,"Apache Usergrid",Apache,510,"Usergrid 18","2015-05-13 18:35:42","2015-05-27 18:35:00","2015-05-16 13:47:33",9,13.9583,10,4,1.0000,1.0000,65.2500,7,0.7000,0,0.0000,1.0000,0.4000,8,0.8000,0,0.0000,8,0.8000,0,0.0000,0,9,7,0.7000,1,0.1000,6,0.6000,19,8,0.8000,4,0.4000,4,0.4000,0,0,7,0.7000,0
5,USERGRID,"Apache Usergrid",Apache,508,"Usergrid 20","2015-05-28 15:09:17","2015-06-03 21:00:00","2015-05-29 21:07:25",10,6.2083,14,3,1.0000,1.0000,69.6667,11,0.7857,0,0.0000,1.0000,0.6429,13,0.9286,10,0.7143,3,0.2143,0,0.0000,0,10,9,0.6429,9,0.6429,0,0.0000,13,7,0.5000,7,0.5000,0,0.0000,0,0,12,0.8571,0
5,USERGRID,"Apache Usergrid",Apache,507,"Usergrid 21","2015-06-03 15:47:30","2015-06-17 15:47:00","2015-06-06 10:59:24",11,13.9583,14,5,1.0000,1.0000,49.6000,6,0.4286,0,0.0000,1.0000,0.6429,6,0.4286,0,0.0000,6,0.4286,1,0.0714,0,11,10,0.7143,0,0.0000,10,0.7143,11,9,0.6429,3,0.2143,6,0.4286,0,0,12,0.8571,0
5,USERGRID,"Apache Usergrid",Apache,506,"Usergrid 22","2015-06-10 21:57:03","2015-06-17 21:57:00","2015-06-12 07:33:02",12,6.9583,19,6,0.8947,1.0000,54.3333,9,0.4737,1,0.0526,0.8947,0.7368,9,0.4737,3,0.1579,6,0.3158,1,0.0526,1,6,6,0.3158,5,0.2632,1,0.0526,26,16,0.8421,12,0.6316,4,0.2105,0,0,9,0.4737,0
5,USERGRID,"Apache Usergrid",Apache,505,"Usergrid 23","2015-06-17 20:55:56","2015-07-01 20:55:00","2015-06-20 16:07:44",13,13.9583,12,6,0.8333,0.8333,33.0000,3,0.2500,0,0.0000,0.5833,0.5000,4,0.3333,1,0.0833,3,0.2500,0,0.0000,0,4,4,0.3333,1,0.0833,3,0.2500,11,9,0.7500,1,0.0833,8,0.6667,0,1,7,0.5833,0
5,USERGRID,"Apache Usergrid",Apache,503,"Usergrid 25","2015-07-15 20:58:40","2015-07-22 20:58:00","2015-07-17 06:34:32",14,6.9583,12,6,0.9167,0.8333,50.1667,0,0.0000,2,0.1667,1.0000,0.5000,3,0.2500,1,0.0833,2,0.1667,1,0.0833,1,6,5,0.4167,2,0.1667,3,0.2500,3,3,0.2500,0,0.0000,3,0.2500,0,0,7,0.5833,0
5,USERGRID,"Apache Usergrid",Apache,502,"Usergrid 26","2015-07-22 15:20:36","2015-07-29 15:20:00","2015-07-24 00:56:28",15,6.9583,13,6,0.8462,0.8333,60.3333,2,0.1538,2,0.1538,0.7692,0.3077,5,0.3846,1,0.0769,4,0.3077,4,0.3077,1,4,3,0.2308,1,0.0769,2,0.1538,4,3,0.2308,0,0.0000,3,0.2308,0,0,9,0.6923,0
5,USERGRID,"Apache Usergrid",Apache,501,"Usergrid 27","2015-07-29 20:36:08","2015-08-05 20:36:00","2015-07-31 06:12:06",16,6.9583,16,5,0.9375,1.0000,74.0000,4,0.2500,0,0.0000,0.8750,0.4375,3,0.1875,3,0.1875,0,0.0000,4,0.2500,0,6,6,0.3750,1,0.0625,5,0.3125,10,8,0.5000,2,0.1250,6,0.3750,0,0,13,0.8125,0
5,USERGRID,"Apache Usergrid",Apache,500,"Usergrid 28","2015-08-26 20:19:16","2015-09-02 20:19:00","2015-08-28 05:55:12",17,6.9583,11,5,0.8182,1.0000,59.0000,0,0.0000,1,0.0909,1.0000,0.6364,0,0.0000,0,0.0000,0,0.0000,2,0.1818,1,1,1,0.0909,1,0.0909,0,0.0000,0,0,0.0000,0,0.0000,0,0.0000,0,0,6,0.5455,0
5,USERGRID,"Apache Usergrid",Apache,499,"Usergrid 29","2015-09-02 20:48:23","2015-09-09 20:48:00","2015-09-04 06:24:18",18,6.9583,15,6,0.8667,1.0000,56.3333,1,0.0667,2,0.1333,0.7333,0.7333,9,0.6000,6,0.4000,3,0.2000,2,0.1333,0,5,5,0.3333,1,0.0667,4,0.2667,3,2,0.1333,0,0.0000,2,0.1333,0,0,6,0.4000,0
5,USERGRID,"Apache Usergrid",Apache,498,"Usergrid 30","2015-09-16 22:16:21","2015-09-23 22:16:00","2015-09-18 07:52:16",19,6.9583,19,4,0.8421,1.0000,77.5000,6,0.3158,1,0.0526,0.5789,0.3158,13,0.6842,12,0.6316,1,0.0526,0,0.0000,0,4,2,0.1053,1,0.0526,1,0.0526,1,1,0.0526,1,0.0526,0,0.0000,0,0,4,0.2105,0
5,USERGRID,"Apache Usergrid",Apache,497,"Usergrid 31","2015-10-27 22:12:40","2015-11-09 16:00:00","2015-10-30 11:22:08",20,12.7083,17,6,1.0000,1.0000,74.6667,2,0.1176,2,0.1176,0.8235,0.5294,6,0.3529,2,0.1176,4,0.2353,0,0.0000,0,4,4,0.2353,3,0.1765,1,0.0588,21,7,0.4118,4,0.2353,3,0.1765,0,0,13,0.7647,0
5,USERGRID,"Apache Usergrid",Apache,496,"Usergrid 32","2015-11-09 18:08:08","2015-11-23 18:08:00","2015-11-12 13:20:06",21,13.9583,17,3,0.9412,1.0000,78.6667,5,0.2941,2,0.1176,0.6471,0.7059,10,0.5882,8,0.4706,2,0.1176,0,0.0000,0,12,10,0.5882,9,0.5294,1,0.0588,21,10,0.5882,9,0.5294,1,0.0588,0,0,10,0.5882,0
5,USERGRID,"Apache Usergrid",Apache,495,"Usergrid 33","2016-01-07 18:10:45","2016-01-21 18:10:00","2016-01-10 13:22:36",22,13.9583,24,4,0.9583,1.0000,75.5000,3,0.1250,8,0.3333,0.6250,0.5833,7,0.2917,6,0.2500,1,0.0417,5,0.2083,0,7,6,0.2500,3,0.1250,3,0.1250,4,4,0.1667,4,0.1667,0,0.0000,0,0,19,0.7917,0
5,USERGRID,"Apache Usergrid",Apache,494,"Usergrid 34","2016-02-09 02:02:00","2016-02-16 02:01:00","2016-02-10 11:37:48",23,6.9583,17,4,0.9412,0.7500,77.5000,2,0.1176,4,0.2353,0.5294,0.3529,0,0.0000,0,0.0000,0,0.0000,2,0.1176,4,2,2,0.1176,1,0.0588,1,0.0588,4,3,0.1765,0,0.0000,3,0.1765,0,0,4,0.2353,0
12,TIMOB,"The Titanium SDK ",Appcelerator,4948,"2014 Sprint 12 SDK","2014-06-09 20:51:17","2014-06-20 23:00:00","2014-06-12 02:05:01",6,11.0833,19,9,1.0000,1.0000,368.7778,16,0.8421,2,0.1053,0.0526,0.6842,9,0.4737,7,0.3684,2,0.1053,1,0.0526,0,17,11,0.5789,9,0.4737,2,0.1053,31,13,0.6842,9,0.4737,4,0.2105,0,0,12,0.6316,0
12,TIMOB,"The Titanium SDK ",Appcelerator,4934,"2014 Sprint 13 SDK","2014-06-23 20:55:21","2014-07-03 23:00:00","2014-06-25 21:20:16",7,10.0833,34,11,0.9706,1.0000,447.4545,30,0.8824,3,0.0882,0.1765,0.7059,12,0.3529,8,0.2353,4,0.1176,1,0.0294,1,15,12,0.3529,9,0.2647,3,0.0882,29,16,0.4706,10,0.2941,6,0.1765,0,0,15,0.4412,0
12,TIMOB,"The Titanium SDK ",Appcelerator,4946,"2014 Sprint 13 Tooling","2014-06-23 22:44:05","2014-07-03 23:00:00","2014-06-25 22:47:16",8,10.0000,10,3,1.0000,1.0000,604.6667,9,0.9000,3,0.3000,0.1000,0.8000,6,0.6000,2,0.2000,4,0.4000,0,0.0000,0,6,6,0.6000,3,0.3000,3,0.3000,13,7,0.7000,4,0.4000,3,0.3000,0,0,8,0.8000,0
12,TIMOB,"The Titanium SDK ",Appcelerator,4945,"2014 Sprint 14 SDK","2014-07-07 20:48:52","2014-07-18 23:00:00","2014-07-10 02:03:05",9,11.0833,11,7,1.0000,1.0000,316.8571,11,1.0000,4,0.3636,0.1818,0.6364,1,0.0909,0,0.0000,1,0.0909,2,0.1818,0,6,5,0.4545,1,0.0909,4,0.3636,8,4,0.3636,1,0.0909,3,0.2727,0,0,8,0.7273,0
12,TIMOB,"The Titanium SDK ",Appcelerator,4939,"2014 Sprint 15 SDK","2014-07-21 20:56:32","2014-08-01 23:00:00","2014-07-24 02:09:13",10,11.0833,13,7,1.0000,1.0000,558.7143,9,0.6923,0,0.0000,0.2308,0.7692,1,0.0769,1,0.0769,0,0.0000,0,0.0000,0,6,6,0.4615,5,0.3846,1,0.0769,6,3,0.2308,3,0.2308,0,0.0000,0,0,3,0.2308,0
12,TIMOB,"The Titanium SDK ",Appcelerator,4941,"2014 Sprint 16 SDK","2014-08-04 21:09:19","2014-08-14 23:00:00","2014-08-06 21:31:27",11,10.0417,11,4,1.0000,1.0000,757.5000,11,1.0000,0,0.0000,0.0909,0.8182,0,0.0000,0,0.0000,0,0.0000,0,0.0000,0,9,9,0.8182,6,0.5455,3,0.2727,0,0,0.0000,0,0.0000,0,0.0000,0,0,9,0.8182,0
12,TIMOB,"The Titanium SDK ",Appcelerator,4940,"2014 Sprint 17 SDK","2014-08-21 21:07:00","2014-08-29 23:00:00","2014-08-23 11:53:36",12,8.0417,15,8,1.0000,1.0000,513.8750,12,0.8000,0,0.0000,0.9333,0.6000,0,0.0000,0,0.0000,0,0.0000,3,0.2000,0,5,4,0.2667,4,0.2667,0,0.0000,5,3,0.2000,3,0.2000,0,0.0000,0,0,12,0.8000,0
12,TIMOB,"The Titanium SDK ",Appcelerator,4937,"2014 Sprint 18 SDK","2014-09-02 21:56:57","2014-09-12 23:00:00","2014-09-04 22:09:33",13,10.0417,27,9,1.0000,1.0000,417.3333,23,0.8519,0,0.0000,1.0000,0.4815,13,0.4815,9,0.3333,4,0.1481,0,0.0000,0,38,17,0.6296,16,0.5926,1,0.0370,31,17,0.6296,14,0.5185,3,0.1111,0,0,4,0.1481,0
12,TIMOB,"The Titanium SDK ",Appcelerator,4933,"2014 Sprint 19 SDK","2014-09-18 20:06:28","2014-09-26 23:00:00","2014-09-20 11:05:10",14,8.0833,26,9,1.0000,0.8889,352.8889,22,0.8462,3,0.1154,1.0000,0.5769,4,0.1538,4,0.1538,0,0.0000,7,0.2692,0,11,7,0.2692,5,0.1923,2,0.0769,17,10,0.3846,6,0.2308,4,0.1538,0,0,24,0.9231,1
12,TIMOB,"The Titanium SDK ",Appcelerator,4932,"2014 Sprint 20 SDK","2014-09-29 21:32:25","2014-10-13 17:25:00","2014-10-02 15:54:56",15,13.7917,22,9,0.9545,1.0000,374.1111,19,0.8636,3,0.1364,0.9545,0.7727,0,0.0000,0,0.0000,0,0.0000,0,0.0000,1,5,5,0.2273,2,0.0909,3,0.1364,6,6,0.2727,6,0.2727,0,0.0000,0,0,16,0.7273,0
12,TIMOB,"The Titanium SDK ",Appcelerator,4929,"2014 Sprint 21 SDK","2014-10-13 21:00:57","2014-10-24 23:00:00","2014-10-16 02:12:45",16,11.0417,17,9,1.0000,1.0000,510.0000,13,0.7647,1,0.0588,0.7647,0.7059,0,0.0000,0,0.0000,0,0.0000,1,0.0588,0,7,7,0.4118,5,0.2941,2,0.1176,9,8,0.4706,4,0.2353,4,0.2353,0,0,12,0.7059,0
12,TIMOB,"The Titanium SDK ",Appcelerator,4928,"2014 Sprint 22 SDK","2014-10-27 22:25:43","2014-11-08 01:00:00","2014-10-30 03:44:34",17,11.0833,13,6,1.0000,1.0000,415.3333,11,0.8462,1,0.0769,0.8462,0.7692,0,0.0000,0,0.0000,0,0.0000,2,0.1538,0,9,7,0.5385,7,0.5385,0,0.0000,3,3,0.2308,3,0.2308,0,0.0000,0,0,7,0.5385,0
12,TIMOB,"The Titanium SDK ",Appcelerator,4925,"2014 Sprint 23 SDK","2014-11-10 22:56:45","2014-11-22 01:00:00","2014-11-13 04:09:24",18,11.0833,16,8,1.0000,1.0000,288.3750,7,0.4375,1,0.0625,0.8125,1.0000,3,0.1875,0,0.0000,3,0.1875,2,0.1250,0,6,6,0.3750,4,0.2500,2,0.1250,5,5,0.3125,4,0.2500,1,0.0625,0,0,12,0.7500,0
12,TIMOB,"The Titanium SDK ",Appcelerator,4922,"2014 Sprint 24 SDK","2014-11-24 22:28:25","2014-12-06 01:00:00","2014-11-27 03:46:44",19,11.0833,12,6,1.0000,1.0000,281.6667,9,0.7500,1,0.0833,0.5833,0.9167,3,0.2500,2,0.1667,1,0.0833,0,0.0000,0,5,5,0.4167,3,0.2500,2,0.1667,3,3,0.2500,3,0.2500,0,0.0000,0,0,10,0.8333,0
12,TIMOB,"The Titanium SDK ",Appcelerator,4920,"2014 Sprint 25 SDK","2014-12-08 22:49:31","2014-12-22 01:00:00","2014-12-11 13:39:36",20,13.0833,34,9,0.9706,1.0000,499.5556,25,0.7353,2,0.0588,0.9118,0.8529,11,0.3235,7,0.2059,4,0.1176,3,0.0882,0,24,17,0.5000,11,0.3235,6,0.1765,21,17,0.5000,12,0.3529,5,0.1471,0,0,22,0.6471,0
12,TIMOB,"The Titanium SDK ",Appcelerator,4917,"2015 Sprint 01 SDK","2015-01-03 01:00:00","2015-01-17 01:00:00","2015-01-05 20:12:00",21,14.0000,22,7,1.0000,1.0000,496.1429,18,0.8182,5,0.2273,0.9091,0.8636,9,0.4091,9,0.4091,0,0.0000,1,0.0455,0,18,14,0.6364,9,0.4091,5,0.2273,25,17,0.7727,12,0.5455,5,0.2273,0,0,19,0.8636,0
12,TIMOB,"The Titanium SDK ",Appcelerator,4919,"2015 Sprint 01 Windows","2015-01-04 01:00:00","2015-01-17 01:00:00","2015-01-06 15:24:00",22,13.0000,11,4,1.0000,1.0000,489.0000,2,0.1818,2,0.1818,0.5455,0.6364,4,0.3636,1,0.0909,3,0.2727,0,0.0000,0,3,3,0.2727,2,0.1818,1,0.0909,8,8,0.7273,8,0.7273,0,0.0000,0,0,5,0.4545,0
12,TIMOB,"The Titanium SDK ",Appcelerator,4913,"2015 Sprint 02 Windows","2015-01-17 01:00:51","2015-01-31 01:00:00","2015-01-19 20:12:40",23,13.9583,13,4,1.0000,1.0000,36.5000,4,0.3077,1,0.0769,1.0000,0.7692,2,0.1538,2,0.1538,0,0.0000,0,0.0000,0,9,6,0.4615,3,0.2308,3,0.2308,12,12,0.9231,5,0.3846,7,0.5385,0,0,13,1.0000,1
12,TIMOB,"The Titanium SDK ",Appcelerator,4910,"2015 Sprint 03 Windows","2015-01-31 01:00:00","2015-02-14 01:00:00","2015-02-02 20:12:00",24,14.0000,12,4,1.0000,1.0000,42.5000,4,0.3333,1,0.0833,0.9167,0.7500,3,0.2500,3,0.2500,0,0.0000,0,0.0000,0,8,5,0.4167,5,0.4167,0,0.0000,8,8,0.6667,8,0.6667,0,0.0000,0,0,12,1.0000,1
12,TIMOB,"The Titanium SDK ",Appcelerator,4909,"2015 Sprint 03 SDK","2015-01-31 01:00:05","2015-02-14 01:00:00","2015-02-02 20:12:04",25,13.9583,13,7,1.0000,1.0000,539.8571,7,0.5385,1,0.0769,0.9231,0.8462,3,0.2308,3,0.2308,0,0.0000,0,0.0000,0,4,4,0.3077,4,0.3077,0,0.0000,9,8,0.6154,3,0.2308,5,0.3846,0,0,10,0.7692,0
12,TIMOB,"The Titanium SDK ",Appcelerator,4908,"2015 Sprint 04 SDK","2015-02-14 01:00:53","2015-03-01 01:00:00","2015-02-17 01:00:42",26,14.9583,17,7,0.9412,0.8571,493.7143,13,0.7647,1,0.0588,0.8824,0.7059,3,0.1765,3,0.1765,0,0.0000,0,0.0000,1,12,12,0.7059,12,0.7059,0,0.0000,11,8,0.4706,8,0.4706,0,0.0000,0,0,11,0.6471,0
12,TIMOB,"The Titanium SDK ",Appcelerator,4906,"2015 Sprint 04 Tooling","2015-02-14 02:34:21","2015-02-28 02:34:00","2015-02-16 21:46:16",27,13.9583,10,4,0.9000,1.0000,65.2500,7,0.7000,0,0.0000,0.9000,0.9000,2,0.2000,2,0.2000,0,0.0000,2,0.2000,1,4,4,0.4000,2,0.2000,2,0.2000,2,2,0.2000,2,0.2000,0,0.0000,0,0,6,0.6000,0
12,TIMOB,"The Titanium SDK ",Appcelerator,4814,"2015 Sprint 05 SDK","2015-02-28 15:50:09","2015-03-14 00:00:00","2015-03-03 07:52:07",28,13.3333,13,7,1.0000,1.0000,635.5714,9,0.6923,0,0.0000,1.0000,0.6923,3,0.2308,1,0.0769,2,0.1538,1,0.0769,0,6,6,0.4615,1,0.0769,5,0.3846,2,2,0.1538,2,0.1538,0,0.0000,0,0,12,0.9231,1
12,TIMOB,"The Titanium SDK ",Appcelerator,4902,"2015 Sprint 06 SDK","2015-03-14 13:56:54","2015-03-28 00:00:00","2015-03-17 06:21:31",29,13.4167,10,6,1.0000,1.0000,450.8333,9,0.9000,2,0.2000,0.5000,0.6000,1,0.1000,1,0.1000,0,0.0000,0,0.0000,0,11,8,0.8000,6,0.6000,2,0.2000,4,4,0.4000,3,0.3000,1,0.1000,0,0,7,0.7000,0
12,TIMOB,"The Titanium SDK ",Appcelerator,4901,"2015 Sprint 06 Windows","2015-03-14 13:58:11","2015-03-28 00:00:00","2015-03-17 06:22:32",30,13.4167,16,3,1.0000,1.0000,47.0000,13,0.8125,2,0.1250,1.0000,1.0000,6,0.3750,6,0.3750,0,0.0000,0,0.0000,0,13,11,0.6875,7,0.4375,4,0.2500,3,3,0.1875,3,0.1875,0,0.0000,0,0,15,0.9375,1
12,TIMOB,"The Titanium SDK ",Appcelerator,4900,"2015 Sprint 07 SDK","2015-03-28 00:00:13","2015-04-10 23:00:00","2015-03-30 19:00:10",31,13.9167,11,5,1.0000,1.0000,830.4000,11,1.0000,0,0.0000,0.4545,0.5455,2,0.1818,0,0.0000,2,0.1818,2,0.1818,0,2,2,0.1818,1,0.0909,1,0.0909,6,5,0.4545,2,0.1818,3,0.2727,0,0,9,0.8182,0
12,TIMOB,"The Titanium SDK ",Appcelerator,4897,"2015 Sprint 08 SDK","2015-04-10 23:00:50","2015-04-24 11:00:00","2015-04-13 15:48:40",32,13.4583,11,4,1.0000,1.0000,536.7500,10,0.9091,1,0.0909,0.7273,0.8182,0,0.0000,0,0.0000,0,0.0000,0,0.0000,0,7,7,0.6364,7,0.6364,0,0.0000,4,4,0.3636,4,0.3636,0,0.0000,0,0,8,0.7273,0
12,TIMOB,"The Titanium SDK ",Appcelerator,4896,"2015 Sprint 08 Windows","2015-04-12 03:01:21","2015-04-26 02:59:00","2015-04-14 22:12:52",33,13.9583,11,3,1.0000,1.0000,59.6667,3,0.2727,1,0.0909,1.0000,1.0000,0,0.0000,0,0.0000,0,0.0000,0,0.0000,0,6,6,0.5455,3,0.2727,3,0.2727,0,0,0.0000,0,0.0000,0,0.0000,0,0,11,1.0000,1
12,TIMOB,"The Titanium SDK ",Appcelerator,4890,"2015 Sprint 09 SDK","2015-04-24 23:00:00","2015-05-08 23:00:00","2015-04-27 18:12:00",34,14.0000,20,8,1.0000,1.0000,785.3750,14,0.7000,2,0.1000,0.8500,0.6500,0,0.0000,0,0.0000,0,0.0000,2,0.1000,0,14,13,0.6500,13,0.6500,0,0.0000,9,8,0.4000,6,0.3000,2,0.1000,0,0,18,0.9000,1
12,TIMOB,"The Titanium SDK ",Appcelerator,4894,"2015 Sprint 09 Windows","2015-04-26 04:00:09","2015-05-10 02:59:00","2015-04-28 22:59:55",35,13.9167,14,3,1.0000,1.0000,60.0000,4,0.2857,3,0.2143,1.0000,1.0000,0,0.0000,0,0.0000,0,0.0000,0,0.0000,0,10,10,0.7143,6,0.4286,4,0.2857,5,5,0.3571,4,0.2857,1,0.0714,0,0,14,1.0000,1
12,TIMOB,"The Titanium SDK ",Appcelerator,4887,"2015 Sprint 10 SDK","2015-05-08 23:00:53","2015-05-22 23:00:00","2015-05-11 18:12:42",36,13.9583,17,8,1.0000,1.0000,446.6250,10,0.5882,2,0.1176,0.8235,0.6471,2,0.1176,0,0.0000,2,0.1176,1,0.0588,0,9,9,0.5294,8,0.4706,1,0.0588,6,6,0.3529,2,0.1176,4,0.2353,0,0,15,0.8824,0
12,TIMOB,"The Titanium SDK ",Appcelerator,4886,"2015 Sprint 11 SDK","2015-05-22 23:00:08","2015-06-05 23:00:00","2015-05-25 18:12:06",37,13.9583,16,6,1.0000,1.0000,638.0000,9,0.5625,2,0.1250,0.9375,0.7500,0,0.0000,0,0.0000,0,0.0000,2,0.1250,0,10,9,0.5625,8,0.5000,1,0.0625,10,10,0.6250,1,0.0625,9,0.5625,0,0,16,1.0000,1
12,TIMOB,"The Titanium SDK ",Appcelerator,4884,"2015 Sprint 12 SDK","2015-06-05 23:00:44","2015-06-19 23:00:00","2015-06-08 18:12:35",38,13.9583,21,5,1.0000,1.0000,672.2000,12,0.5714,5,0.2381,0.8095,0.5238,2,0.0952,2,0.0952,0,0.0000,1,0.0476,0,15,9,0.4286,8,0.3810,1,0.0476,15,12,0.5714,6,0.2857,6,0.2857,0,0,19,0.9048,1
12,TIMOB,"The Titanium SDK ",Appcelerator,4883,"2015 Sprint 12 Windows","2015-06-07 00:15:20","2015-06-21 00:15:00","2015-06-09 19:27:16",39,13.9583,34,4,1.0000,1.0000,59.0000,17,0.5000,8,0.2353,0.8529,0.9706,16,0.4706,13,0.3824,3,0.0882,0,0.0000,0,27,22,0.6471,18,0.5294,4,0.1176,20,18,0.5294,17,0.5000,1,0.0294,0,0,32,0.9412,1
12,TIMOB,"The Titanium SDK ",Appcelerator,4880,"2015 Sprint 13 Windows","2015-06-20 22:02:44","2015-07-04 22:02:00","2015-06-23 17:14:35",40,13.9583,34,6,1.0000,0.8333,60.1667,28,0.8235,7,0.2059,1.0000,0.9118,22,0.6471,17,0.5000,5,0.1471,0,0.0000,0,23,21,0.6176,16,0.4706,5,0.1471,22,16,0.4706,15,0.4412,1,0.0294,0,0,33,0.9706,1
12,TIMOB,"The Titanium SDK ",Appcelerator,4879,"2015 Sprint 13 SDK","2015-06-23 04:39:59","2015-07-03 23:30:00","2015-06-25 08:25:59",41,10.7500,11,3,1.0000,1.0000,511.3333,4,0.3636,3,0.2727,0.9091,0.7273,1,0.0909,1,0.0909,0,0.0000,0,0.0000,0,4,4,0.3636,3,0.2727,1,0.0909,3,3,0.2727,3,0.2727,0,0.0000,0,0,11,1.0000,1
12,TIMOB,"The Titanium SDK ",Appcelerator,4878,"2015 Sprint 14 Windows","2015-07-06 03:01:53","2015-07-19 02:59:00","2015-07-08 17:25:18",42,12.9583,35,4,1.0000,1.0000,82.7500,29,0.8286,3,0.0857,0.9714,0.8857,15,0.4286,10,0.2857,5,0.1429,2,0.0571,0,14,12,0.3429,5,0.1429,7,0.2000,6,6,0.1714,2,0.0571,4,0.1143,0,0,31,0.8857,0
12,TIMOB,"The Titanium SDK ",Appcelerator,4875,"2015 Sprint 15 SDK","2015-07-17 23:30:29","2015-07-31 23:30:00","2015-07-20 18:42:23",43,13.9583,11,4,1.0000,1.0000,186.0000,8,0.7273,5,0.4545,1.0000,0.8182,2,0.1818,2,0.1818,0,0.0000,0,0.0000,0,9,7,0.6364,7,0.6364,0,0.0000,8,7,0.6364,4,0.3636,3,0.2727,0,0,9,0.8182,0
12,TIMOB,"The Titanium SDK ",Appcelerator,4876,"2015 Sprint 15 Windows","2015-07-20 03:01:12","2015-08-02 02:59:00","2015-07-22 17:24:45",44,12.9583,16,3,1.0000,1.0000,111.3333,9,0.5625,0,0.0000,1.0000,1.0000,0,0.0000,0,0.0000,0,0.0000,0,0.0000,0,14,13,0.8125,9,0.5625,4,0.2500,5,3,0.1875,1,0.0625,2,0.1250,0,0,16,1.0000,1
12,TIMOB,"The Titanium SDK ",Appcelerator,4872,"2015 Sprint 16 SDK","2015-07-31 23:30:05","2015-08-14 23:30:00","2015-08-03 18:42:04",45,13.9583,12,6,1.0000,1.0000,292.6667,9,0.7500,2,0.1667,0.9167,0.7500,0,0.0000,0,0.0000,0,0.0000,0,0.0000,0,2,2,0.1667,2,0.1667,0,0.0000,3,3,0.2500,0,0.0000,3,0.2500,0,0,8,0.6667,0
12,TIMOB,"The Titanium SDK ",Appcelerator,4868,"2015 Sprint 17 SDK","2015-08-14 23:30:59","2015-08-28 23:30:00","2015-08-17 18:42:47",46,13.9583,27,7,1.0000,1.0000,538.0000,16,0.5926,4,0.1481,0.9259,0.8889,12,0.4444,10,0.3704,2,0.0741,0,0.0000,1,11,7,0.2593,6,0.2222,1,0.0370,24,22,0.8148,18,0.6667,4,0.1481,0,0,21,0.7778,0
12,TIMOB,"The Titanium SDK ",Appcelerator,4866,"2015 Sprint 18 SDK","2015-08-28 23:30:25","2015-09-11 23:30:00","2015-08-31 18:42:20",47,13.9583,17,6,0.9412,0.8333,295.6667,12,0.7059,3,0.1765,0.6471,0.3529,4,0.2353,2,0.1176,2,0.1176,2,0.1176,1,15,12,0.7059,11,0.6471,1,0.0588,9,8,0.4706,7,0.4118,1,0.0588,0,0,13,0.7647,0
12,TIMOB,"The Titanium SDK ",Appcelerator,4864,"2015 Sprint 19 SDK","2015-09-11 23:30:30","2015-09-25 23:30:00","2015-09-14 18:42:24",48,13.9583,19,6,1.0000,1.0000,303.3333,14,0.7368,5,0.2632,0.8421,0.5789,6,0.3158,5,0.2632,1,0.0526,1,0.0526,0,9,6,0.3158,2,0.1053,4,0.2105,17,12,0.6316,5,0.2632,7,0.3684,0,0,17,0.8947,0
12,TIMOB,"The Titanium SDK ",Appcelerator,4862,"2015 Sprint 19 Windows","2015-09-13 03:01:58","2015-09-26 02:59:00","2015-09-15 17:25:22",49,12.9583,12,3,1.0000,1.0000,127.0000,2,0.1667,0,0.0000,1.0000,0.9167,1,0.0833,0,0.0000,1,0.0833,0,0.0000,0,1,1,0.0833,1,0.0833,0,0.0000,0,0,0.0000,0,0.0000,0,0.0000,1,1,12,1.0000,1
12,TIMOB,"The Titanium SDK ",Appcelerator,4860,"2015 Sprint 20 SDK","2015-09-25 23:29:20","2015-10-09 23:29:00","2015-09-28 18:41:16",50,13.9583,48,15,1.0000,1.0000,328.9333,21,0.4375,4,0.0833,0.8750,0.8333,21,0.4375,20,0.4167,1,0.0208,2,0.0417,0,24,17,0.3542,17,0.3542,0,0.0000,21,20,0.4167,17,0.3542,3,0.0625,0,0,40,0.8333,0
12,TIMOB,"The Titanium SDK ",Appcelerator,4857,"2015 Sprint 21 SDK","2015-10-09 23:32:18","2015-10-23 23:32:00","2015-10-12 18:44:14",51,13.9583,20,9,1.0000,1.0000,195.6667,11,0.5500,5,0.2500,0.8500,0.7500,9,0.4500,7,0.3500,2,0.1000,0,0.0000,0,5,4,0.2000,4,0.2000,0,0.0000,13,10,0.5000,9,0.4500,1,0.0500,0,0,15,0.7500,0
12,TIMOB,"The Titanium SDK ",Appcelerator,4854,"2015 Sprint 22 SDK","2015-10-23 23:30:42","2015-11-07 01:30:00","2015-10-26 19:06:33",52,14.0417,39,11,1.0000,1.0000,297.5455,25,0.6410,6,0.1538,0.8718,0.8718,14,0.3590,11,0.2821,3,0.0769,1,0.0256,0,18,15,0.3846,14,0.3590,1,0.0256,29,27,0.6923,14,0.3590,13,0.3333,0,0,33,0.8462,0
12,TIMOB,"The Titanium SDK ",Appcelerator,4851,"2015 Sprint 23 SDK","2015-11-07 01:30:16","2015-11-21 01:30:00","2015-11-09 20:42:12",53,13.9583,38,11,1.0000,1.0000,238.4545,26,0.6842,8,0.2105,0.7632,0.7895,9,0.2368,8,0.2105,1,0.0263,2,0.0526,1,28,19,0.5000,15,0.3947,4,0.1053,23,23,0.6053,14,0.3684,9,0.2368,0,0,30,0.7895,0
12,TIMOB,"The Titanium SDK ",Appcelerator,4828,"2015 Sprint 24 SDK","2015-11-21 01:30:13","2015-12-05 01:30:00","2015-11-23 20:42:10",54,13.9583,59,12,0.9831,0.9167,320.8333,36,0.6102,10,0.1695,0.8475,0.7966,11,0.1864,8,0.1356,3,0.0508,0,0.0000,1,17,12,0.2034,12,0.2034,0,0.0000,42,40,0.6780,19,0.3220,21,0.3559,0,0,45,0.7627,0
12,TIMOB,"The Titanium SDK ",Appcelerator,4850,"2015 Sprint 25 SDK","2015-12-05 01:30:40","2015-12-19 01:30:00","2015-12-07 20:42:32",55,13.9583,38,12,1.0000,0.9167,250.7500,31,0.8158,13,0.3421,0.8158,0.6842,6,0.1579,5,0.1316,1,0.0263,4,0.1053,0,25,17,0.4474,14,0.3684,3,0.0789,23,21,0.5526,13,0.3421,8,0.2105,0,0,31,0.8158,0
12,TIMOB,"The Titanium SDK ",Appcelerator,4849,"2015 Sprint 26 SDK","2015-12-19 01:30:24","2016-01-02 01:30:00","2015-12-21 20:42:19",56,13.9583,13,7,1.0000,1.0000,252.2857,9,0.6923,5,0.3846,0.8462,0.8462,2,0.1538,0,0.0000,2,0.1538,1,0.0769,0,4,3,0.2308,1,0.0769,2,0.1538,4,2,0.1538,2,0.1538,0,0.0000,0,0,10,0.7692,0
12,TIMOB,"The Titanium SDK ",Appcelerator,4847,"2016 Sprint 1 SDK","2016-01-02 01:31:50","2016-01-16 01:31:00","2016-01-04 20:43:40",57,13.9583,39,13,0.9744,0.9231,239.3846,20,0.5128,7,0.1795,0.9231,0.8462,13,0.3333,8,0.2051,5,0.1282,0,0.0000,2,24,17,0.4359,14,0.3590,3,0.0769,29,22,0.5641,8,0.2051,14,0.3590,0,0,27,0.6923,0
12,TIMOB,"The Titanium SDK ",Appcelerator,4844,"2016 Sprint 3 SDK","2016-01-30 01:31:49","2016-02-13 01:31:00","2016-02-01 20:43:39",58,13.9583,37,9,1.0000,1.0000,278.5556,23,0.6216,16,0.4324,0.8649,0.7838,7,0.1892,4,0.1081,3,0.0811,0,0.0000,1,19,17,0.4595,11,0.2973,6,0.1622,38,35,0.9459,11,0.2973,24,0.6486,0,0,34,0.9189,1
12,TIMOB,"The Titanium SDK ",Appcelerator,4842,"2016 Sprint 4 SDK","2016-02-13 01:33:48","2016-02-27 01:33:00","2016-02-15 20:45:38",59,13.9583,18,8,0.9444,1.0000,203.2500,11,0.6111,5,0.2778,0.7778,0.6667,4,0.2222,3,0.1667,1,0.0556,1,0.0556,0,6,6,0.3333,5,0.2778,1,0.0556,13,10,0.5556,5,0.2778,5,0.2778,0,0,13,0.7222,0
12,TIMOB,"The Titanium SDK ",Appcelerator,4840,"2016 Sprint 5 SDK","2016-02-27 01:30:43","2016-03-12 01:30:00","2016-02-29 20:42:34",60,13.9583,29,10,1.0000,1.0000,347.8000,13,0.4483,4,0.1379,0.7586,0.7931,9,0.3103,3,0.1034,6,0.2069,2,0.0690,2,9,6,0.2069,5,0.1724,1,0.0345,17,14,0.4828,5,0.1724,9,0.3103,0,0,20,0.6897,0
12,TIMOB,"The Titanium SDK ",Appcelerator,4837,"2016 Sprint 06 SDK","2016-03-12 01:31:00","2016-03-26 00:30:00","2016-03-14 20:30:48",61,13.9167,26,7,0.9615,1.0000,241.5714,21,0.8077,12,0.4615,0.6923,0.6538,6,0.2308,4,0.1538,2,0.0769,2,0.0769,1,27,12,0.4615,11,0.4231,1,0.0385,20,19,0.7308,12,0.4615,7,0.2692,0,0,20,0.7692,0
12,TIMOB,"The Titanium SDK ",Appcelerator,4836,"2016 Sprint 07 SDK","2016-03-26 00:38:56","2016-04-08 23:38:00","2016-03-28 19:38:44",62,13.9167,38,9,1.0000,1.0000,224.6667,27,0.7105,15,0.3947,0.8421,0.8158,7,0.1842,5,0.1316,2,0.0526,1,0.0263,0,20,16,0.4211,13,0.3421,3,0.0789,31,30,0.7895,13,0.3421,17,0.4474,0,0,36,0.9474,1
12,TIMOB,"The Titanium SDK ",Appcelerator,4838,"To Be Scheduled","2016-03-28 03:03:55","2016-04-08 03:03:00","2016-03-30 07:51:44",63,10.9583,15,8,0.8667,0.8750,702.3750,13,0.8667,3,0.2000,0.2000,0.2000,0,0.0000,0,0.0000,0,0.0000,10,0.6667,1,0,0,0.0000,0,0.0000,0,0.0000,0,0,0.0000,0,0.0000,0,0.0000,0,0,10,0.6667,0
12,TIMOB,"The Titanium SDK ",Appcelerator,4819,"2016 Sprint 08 SDK","2016-04-08 23:30:18","2016-04-22 23:30:00","2016-04-11 18:42:14",64,13.9583,48,11,1.0000,1.0000,260.7273,33,0.6875,20,0.4167,0.9375,0.8542,18,0.3750,16,0.3333,2,0.0417,2,0.0417,0,42,28,0.5833,26,0.5417,2,0.0417,39,34,0.7083,20,0.4167,14,0.2917,0,0,40,0.8333,0
12,TIMOB,"The Titanium SDK ",Appcelerator,4832,"2016 Sprint 09 SDK","2016-04-22 23:39:45","2016-05-06 23:39:00","2016-04-25 18:51:36",65,13.9583,27,9,1.0000,1.0000,305.2222,15,0.5556,6,0.2222,0.9259,0.7778,6,0.2222,5,0.1852,1,0.0370,2,0.0741,0,9,6,0.2222,6,0.2222,0,0.0000,18,16,0.5926,9,0.3333,7,0.2593,0,0,23,0.8519,0
12,TIMOB,"The Titanium SDK ",Appcelerator,4831,"2016 Sprint 10 SDK","2016-05-06 23:43:57","2016-05-20 23:43:00","2016-05-09 18:55:45",66,13.9583,33,7,1.0000,0.8571,170.1429,18,0.5455,9,0.2727,0.8788,0.9091,11,0.3333,10,0.3030,1,0.0303,1,0.0303,0,23,15,0.4545,10,0.3030,5,0.1515,26,22,0.6667,9,0.2727,13,0.3939,0,0,25,0.7576,0
12,TIMOB,"The Titanium SDK ",Appcelerator,4830,"2016 Sprint 11 SDK","2016-05-20 23:06:10","2016-06-03 23:06:00","2016-05-23 18:18:08",67,13.9583,36,8,0.9722,1.0000,239.5000,23,0.6389,12,0.3333,0.8611,0.8611,6,0.1667,5,0.1389,1,0.0278,1,0.0278,2,27,20,0.5556,15,0.4167,5,0.1389,34,30,0.8333,16,0.4444,14,0.3889,0,0,32,0.8889,0
12,TIMOB,"The Titanium SDK ",Appcelerator,4829,"2016 Sprint 12 SDK","2016-06-03 23:30:29","2016-06-17 23:30:00","2016-06-06 18:42:23",68,13.9583,24,7,1.0000,1.0000,268.0000,14,0.5833,8,0.3333,0.9583,0.8333,4,0.1667,3,0.1250,1,0.0417,2,0.0833,0,13,8,0.3333,7,0.2917,1,0.0417,10,10,0.4167,7,0.2917,3,0.1250,0,0,21,0.8750,0
12,TIMOB,"The Titanium SDK ",Appcelerator,4779,"2016 Sprint 13 SDK","2016-06-17 23:25:17","2016-07-01 23:25:00","2016-06-20 18:37:13",69,13.9583,35,10,1.0000,1.0000,312.2000,20,0.5714,7,0.2000,0.8571,0.8571,6,0.1714,6,0.1714,0,0.0000,1,0.0286,0,9,9,0.2571,8,0.2286,1,0.0286,19,19,0.5429,10,0.2857,9,0.2571,0,0,30,0.8571,0
12,TIMOB,"The Titanium SDK ",Appcelerator,4824,"2016 Sprint 14 SDK","2016-07-01 23:25:58","2016-07-15 23:25:00","2016-07-04 18:37:46",70,13.9583,38,8,1.0000,1.0000,322.3750,16,0.4211,7,0.1842,0.8684,0.7632,3,0.0789,2,0.0526,1,0.0263,3,0.0789,0,17,15,0.3947,15,0.3947,0,0.0000,20,20,0.5263,11,0.2895,9,0.2368,0,0,36,0.9474,1
12,TIMOB,"The Titanium SDK ",Appcelerator,4822,"2016 Sprint 15 SDK","2016-07-15 23:19:21","2016-07-29 23:19:00","2016-07-18 18:31:16",71,13.9583,44,8,1.0000,1.0000,308.2500,18,0.4091,7,0.1591,0.9091,0.9318,10,0.2273,10,0.2273,0,0.0000,3,0.0682,0,17,14,0.3182,12,0.2727,2,0.0455,36,33,0.7500,14,0.3182,19,0.4318,0,0,35,0.7955,0
12,TIMOB,"The Titanium SDK ",Appcelerator,4821,"2016 Sprint 16 SDK","2016-07-29 23:40:03","2016-08-12 23:40:00","2016-08-01 18:52:02",72,13.9583,30,9,1.0000,1.0000,296.8889,23,0.7667,13,0.4333,0.9667,0.8333,10,0.3333,9,0.3000,1,0.0333,1,0.0333,0,13,13,0.4333,9,0.3000,4,0.1333,17,14,0.4667,8,0.2667,6,0.2000,0,0,27,0.9000,1
12,TIMOB,"The Titanium SDK ",Appcelerator,4818,"2016 Sprint 17 SDK","2016-08-12 23:00:17","2016-08-26 23:00:00","2016-08-15 18:12:13",73,13.9583,28,9,1.0000,1.0000,479.0000,19,0.6786,8,0.2857,0.8929,0.6429,5,0.1786,3,0.1071,2,0.0714,1,0.0357,0,10,9,0.3214,7,0.2500,2,0.0714,11,11,0.3929,8,0.2857,3,0.1071,0,0,28,1.0000,1
12,TIMOB,"The Titanium SDK ",Appcelerator,4817,"2016 Sprint 17 Tooling","2016-08-12 23:01:26","2016-08-26 23:01:00","2016-08-15 18:13:20",74,13.9583,23,3,1.0000,1.0000,1601.3333,12,0.5217,1,0.0435,0.9565,0.1304,2,0.0870,1,0.0435,1,0.0435,0,0.0000,0,3,3,0.1304,2,0.0870,1,0.0435,20,20,0.8696,20,0.8696,0,0.0000,0,0,23,1.0000,1
12,TIMOB,"The Titanium SDK ",Appcelerator,4816,"2016 Sprint 18 Tooling","2016-08-26 23:16:26","2016-09-09 23:16:00","2016-08-29 18:28:20",75,13.9583,15,5,1.0000,1.0000,687.4000,10,0.6667,4,0.2667,0.7333,0.6000,4,0.2667,4,0.2667,0,0.0000,0,0.0000,0,8,5,0.3333,5,0.3333,0,0.0000,13,13,0.8667,11,0.7333,2,0.1333,0,0,13,0.8667,0
12,TIMOB,"The Titanium SDK ",Appcelerator,4815,"2016 Sprint 18 SDK","2016-08-26 23:18:37","2016-09-09 23:18:00","2016-08-29 18:30:29",76,13.9583,30,7,1.0000,1.0000,377.0000,19,0.6333,6,0.2000,0.9333,0.8000,11,0.3667,10,0.3333,1,0.0333,0,0.0000,0,18,17,0.5667,13,0.4333,4,0.1333,25,24,0.8000,15,0.5000,9,0.3000,0,0,29,0.9667,1
12,TIMOB,"The Titanium SDK ",Appcelerator,4813,"2016 Sprint 19 SDK","2016-09-09 23:17:15","2016-09-23 23:17:00","2016-09-12 18:29:12",77,13.9583,22,7,1.0000,0.8571,610.0000,16,0.7273,9,0.4091,0.9545,0.7727,9,0.4091,7,0.3182,2,0.0909,3,0.1364,0,14,13,0.5909,11,0.5000,2,0.0909,19,18,0.8182,17,0.7727,1,0.0455,0,0,19,0.8636,0
12,TIMOB,"The Titanium SDK ",Appcelerator,4811,"2016 Sprint 20 SDK","2016-09-28 15:50:17","2016-10-12 15:50:00","2016-10-01 11:02:13",78,13.9583,25,6,1.0000,0.8333,215.3333,18,0.7200,7,0.2800,0.8800,0.8800,6,0.2400,3,0.1200,3,0.1200,4,0.1600,0,10,9,0.3600,3,0.1200,6,0.2400,10,10,0.4000,5,0.2000,5,0.2000,0,0,22,0.8800,0
12,TIMOB,"The Titanium SDK ",Appcelerator,4808,"2016 Sprint 21 SDK","2016-10-07 23:53:00","2016-10-21 23:53:00","2016-10-10 19:05:00",79,14.0000,17,6,1.0000,1.0000,250.0000,16,0.9412,11,0.6471,0.8824,0.8235,8,0.4706,6,0.3529,2,0.1176,1,0.0588,0,7,7,0.4118,5,0.2941,2,0.1176,12,12,0.7059,7,0.4118,5,0.2941,0,0,16,0.9412,1
12,TIMOB,"The Titanium SDK ",Appcelerator,4789,"2016 Sprint 22 SDK","2016-10-21 23:02:30","2016-11-05 00:02:00","2016-10-24 18:26:24",80,14.0000,23,7,1.0000,1.0000,218.4286,16,0.6957,10,0.4348,0.9565,0.8696,4,0.1739,4,0.1739,0,0.0000,1,0.0435,0,8,8,0.3478,6,0.2609,2,0.0870,19,19,0.8261,9,0.3913,10,0.4348,0,0,18,0.7826,0
12,TIMOB,"The Titanium SDK ",Appcelerator,4805,"2016 Sprint 23 SDK","2016-11-05 00:39:37","2016-11-19 01:39:00","2016-11-07 20:03:29",81,14.0000,30,6,1.0000,1.0000,228.3333,24,0.8000,11,0.3667,0.9333,0.7667,9,0.3000,7,0.2333,2,0.0667,1,0.0333,0,16,11,0.3667,9,0.3000,2,0.0667,24,23,0.7667,12,0.4000,11,0.3667,0,0,26,0.8667,0
12,TIMOB,"The Titanium SDK ",Appcelerator,4804,"2016 Sprint 24 SDK","2016-11-19 01:32:07","2016-12-03 01:32:00","2016-11-21 20:44:05",82,13.9583,16,6,1.0000,1.0000,535.8333,12,0.7500,5,0.3125,0.8125,0.8750,2,0.1250,2,0.1250,0,0.0000,1,0.0625,0,5,3,0.1875,3,0.1875,0,0.0000,7,7,0.4375,7,0.4375,0,0.0000,0,0,14,0.8750,0
12,TIMOB,"The Titanium SDK ",Appcelerator,4802,"2016 Sprint 25 SDK","2016-12-03 01:53:07","2016-12-17 01:53:00","2016-12-05 21:05:05",83,13.9583,17,6,1.0000,1.0000,411.5000,14,0.8235,6,0.3529,0.8824,0.8824,7,0.4118,6,0.3529,1,0.0588,0,0.0000,0,11,8,0.4706,7,0.4118,1,0.0588,17,15,0.8824,8,0.4706,7,0.4118,0,0,12,0.7059,0
12,TIMOB,"The Titanium SDK ",Appcelerator,4800,"2016 Sprint 26 SDK","2016-12-17 01:24:58","2016-12-31 01:24:00","2016-12-19 20:36:46",84,13.9583,15,5,1.0000,1.0000,617.4000,10,0.6667,6,0.4000,0.9333,0.8667,3,0.2000,2,0.1333,1,0.0667,1,0.0667,0,5,5,0.3333,3,0.2000,2,0.1333,14,14,0.9333,12,0.8000,2,0.1333,0,0,11,0.7333,0
12,TIMOB,"The Titanium SDK ",Appcelerator,4782,"2017 Sprint 01 SDK","2016-12-31 02:15:33","2017-01-14 02:15:00","2017-01-02 21:27:26",85,13.9583,18,9,0.9444,1.0000,394.3333,13,0.7222,7,0.3889,0.8333,0.8333,4,0.2222,4,0.2222,0,0.0000,0,0.0000,0,7,4,0.2222,4,0.2222,0,0.0000,14,14,0.7778,14,0.7778,0,0.0000,0,0,13,0.7222,0
12,TIMOB,"The Titanium SDK ",Appcelerator,4798,"2017 Sprint 02 SDK","2017-01-15 00:00:42","2017-01-29 00:00:00","2017-01-17 19:12:33",86,13.9583,51,8,1.0000,1.0000,287.2500,36,0.7059,14,0.2745,0.7255,0.7843,7,0.1373,6,0.1176,1,0.0196,0,0.0000,0,19,15,0.2941,14,0.2745,1,0.0196,16,14,0.2745,14,0.2745,0,0.0000,0,0,16,0.3137,0
12,TIMOB,"The Titanium SDK ",Appcelerator,4797,"2017 Sprint 03 SDK","2017-01-28 21:12:30","2017-02-12 21:12:00","2017-01-31 21:12:24",87,14.9583,15,4,1.0000,1.0000,550.7500,11,0.7333,2,0.1333,0.8667,0.8667,3,0.2000,3,0.2000,0,0.0000,1,0.0667,0,3,3,0.2000,1,0.0667,2,0.1333,6,6,0.4000,3,0.2000,3,0.2000,0,0,13,0.8667,0
12,TIMOB,"The Titanium SDK ",Appcelerator,4794,"2017 Sprint 04 SDK","2017-02-12 23:36:01","2017-02-26 23:36:00","2017-02-15 18:48:00",88,13.9583,13,6,0.9231,0.8333,372.6667,10,0.7692,2,0.1538,0.9231,0.7692,2,0.1538,1,0.0769,1,0.0769,0,0.0000,1,4,4,0.3077,1,0.0769,3,0.2308,7,7,0.5385,2,0.1538,5,0.3846,0,0,10,0.7692,0
12,TIMOB,"The Titanium SDK ",Appcelerator,4791,"2017 Sprint 05 SDK","2017-02-26 17:39:21","2017-03-12 17:39:00","2017-03-01 12:51:16",89,13.9583,16,8,1.0000,0.7500,147.5000,14,0.8750,4,0.2500,0.6250,0.8125,3,0.1875,3,0.1875,0,0.0000,0,0.0000,0,6,6,0.3750,4,0.2500,2,0.1250,6,6,0.3750,3,0.1875,3,0.1875,0,0,14,0.8750,0
12,TIMOB,"The Titanium SDK ",Appcelerator,4790,"2017 Sprint 06 SDK","2017-03-12 19:14:58","2017-03-26 18:14:00","2017-03-15 14:14:46",90,13.9167,15,5,1.0000,1.0000,247.8000,8,0.5333,3,0.2000,0.9333,0.9333,1,0.0667,0,0.0000,1,0.0667,0,0.0000,0,2,2,0.1333,1,0.0667,1,0.0667,4,4,0.2667,3,0.2000,1,0.0667,0,0,12,0.8000,0
12,TIMOB,"The Titanium SDK ",Appcelerator,4783,"2017 Sprint 09 SDK","2017-04-23 20:46:54","2017-05-07 20:46:00","2017-04-26 15:58:43",91,13.9583,38,12,0.9211,0.8333,243.1667,31,0.8158,12,0.3158,0.7368,0.7632,3,0.0789,3,0.0789,0,0.0000,11,0.2895,0,9,7,0.1842,5,0.1316,2,0.0526,28,28,0.7368,4,0.1053,24,0.6316,0,0,33,0.8684,0
12,TIMOB,"The Titanium SDK ",Appcelerator,4778,"2017 Sprint 11 SDK","2017-05-22 01:41:18","2017-06-05 01:41:00","2017-05-24 20:53:14",92,13.9583,16,7,1.0000,1.0000,192.8571,7,0.4375,5,0.3125,0.7500,1.0000,2,0.1250,0,0.0000,2,0.1250,0,0.0000,0,5,3,0.1875,0,0.0000,3,0.1875,9,9,0.5625,1,0.0625,8,0.5000,0,1,14,0.8750,0
12,TIMOB,"The Titanium SDK ",Appcelerator,4777,"2017 Sprint 12 SDK","2017-06-04 23:15:46","2017-06-18 23:15:00","2017-06-07 18:27:36",93,13.9583,18,9,1.0000,1.0000,379.7778,16,0.8889,10,0.5556,0.6667,0.8333,3,0.1667,0,0.0000,3,0.1667,2,0.1111,0,4,4,0.2222,0,0.0000,4,0.2222,16,15,0.8333,0,0.0000,15,0.8333,0,0,17,0.9444,1
12,TIMOB,"The Titanium SDK ",Appcelerator,4773,"2017 Sprint 13 SDK","2017-06-18 15:14:36","2017-07-02 15:14:00","2017-06-21 10:26:28",94,13.9583,22,7,1.0000,1.0000,210.5714,14,0.6364,6,0.2727,0.8636,1.0000,6,0.2727,3,0.1364,3,0.1364,0,0.0000,0,6,5,0.2273,4,0.1818,1,0.0455,19,19,0.8636,5,0.2273,14,0.6364,0,0,19,0.8636,0
12,TIMOB,"The Titanium SDK ",Appcelerator,4771,"2017 Sprint 14 SDK","2017-07-02 15:29:41","2017-07-16 15:29:00","2017-07-05 10:41:32",95,13.9583,33,11,0.9697,1.0000,152.3636,17,0.5152,8,0.2424,0.8485,0.9697,4,0.1212,2,0.0606,2,0.0606,0,0.0000,2,2,2,0.0606,2,0.0606,0,0.0000,34,33,1.0000,30,0.9091,3,0.0909,0,0,9,0.2727,0
12,TIMOB,"The Titanium SDK ",Appcelerator,4768,"2017 Sprint 15 SDK","2017-07-16 13:40:47","2017-07-30 13:40:00","2017-07-19 08:52:37",96,13.9583,18,6,1.0000,1.0000,474.6667,8,0.4444,2,0.1111,0.8889,0.5556,5,0.2778,5,0.2778,0,0.0000,0,0.0000,0,5,4,0.2222,4,0.2222,0,0.0000,15,15,0.8333,9,0.5000,6,0.3333,0,0,14,0.7778,0
12,TIMOB,"The Titanium SDK ",Appcelerator,4767,"2017 Sprint 16 SDK","2017-07-30 15:17:10","2017-08-13 15:17:00","2017-08-02 10:29:08",97,13.9583,20,6,1.0000,1.0000,442.0000,15,0.7500,7,0.3500,0.9000,0.5500,4,0.2000,2,0.1000,2,0.1000,0,0.0000,0,10,7,0.3500,7,0.3500,0,0.0000,15,15,0.7500,13,0.6500,2,0.1000,0,0,20,1.0000,1
12,TIMOB,"The Titanium SDK ",Appcelerator,4764,"2017 Sprint 17 SDK","2017-08-13 22:08:29","2017-08-27 22:08:00","2017-08-16 17:20:23",98,13.9583,49,8,0.9592,1.0000,391.0000,37,0.7551,9,0.1837,0.8980,0.7347,8,0.1633,4,0.0816,4,0.0816,0,0.0000,1,13,12,0.2449,11,0.2245,1,0.0204,60,47,0.9592,28,0.5714,19,0.3878,0,0,34,0.6939,0
12,TIMOB,"The Titanium SDK ",Appcelerator,4762,"2017 Sprint 18 SDK","2017-08-27 20:13:39","2017-09-10 20:13:00","2017-08-30 15:25:31",99,13.9583,16,5,0.9375,1.0000,223.0000,11,0.6875,6,0.3750,0.7500,0.7500,9,0.5625,8,0.5000,1,0.0625,0,0.0000,0,10,9,0.5625,6,0.3750,3,0.1875,13,13,0.8125,6,0.3750,7,0.4375,0,0,8,0.5000,0
12,TIMOB,"The Titanium SDK ",Appcelerator,4760,"2017 Sprint 19 SDK","2017-09-10 20:24:52","2017-09-24 20:24:00","2017-09-13 15:36:41",100,13.9583,29,8,0.8621,1.0000,484.2500,25,0.8621,9,0.3103,0.9310,0.5517,17,0.5862,13,0.4483,4,0.1379,0,0.0000,0,12,10,0.3448,7,0.2414,3,0.1034,20,20,0.6897,15,0.5172,5,0.1724,0,0,19,0.6552,0
12,TIMOB,"The Titanium SDK ",Appcelerator,4759,"2017 Sprint 20 SDK","2017-09-24 16:50:18","2017-10-08 16:50:00","2017-09-27 12:02:14",101,13.9583,23,8,0.9565,1.0000,224.0000,11,0.4783,3,0.1304,0.7826,0.7826,9,0.3913,6,0.2609,3,0.1304,0,0.0000,0,10,7,0.3043,6,0.2609,1,0.0435,9,9,0.3913,7,0.3043,2,0.0870,0,0,10,0.4348,0
12,TIMOB,"The Titanium SDK ",Appcelerator,4758,"2017 Sprint 21 SDK","2017-10-08 19:38:15","2017-10-22 19:38:00","2017-10-11 14:50:12",102,13.9583,26,9,0.8462,1.0000,481.6667,24,0.9231,8,0.3077,0.8077,0.5000,7,0.2692,5,0.1923,2,0.0769,0,0.0000,0,8,8,0.3077,6,0.2308,2,0.0769,26,26,1.0000,18,0.6923,8,0.3077,0,0,22,0.8462,0
12,TIMOB,"The Titanium SDK ",Appcelerator,4756,"2017 Sprint 22 SDK","2017-10-22 20:44:00","2017-11-05 22:43:00","2017-10-25 16:19:48",103,14.0417,38,6,0.9211,1.0000,297.6667,24,0.6316,6,0.1579,0.8684,0.7895,11,0.2895,9,0.2368,2,0.0526,0,0.0000,1,9,8,0.2105,8,0.2105,0,0.0000,21,21,0.5526,11,0.2895,10,0.2632,0,0,11,0.2895,0
12,TIMOB,"The Titanium SDK ",Appcelerator,4755,"2017 Sprint 23 SDK","2017-11-05 16:37:25","2017-11-19 16:37:00","2017-11-08 11:49:20",104,13.9583,15,5,0.8667,1.0000,241.6000,11,0.7333,9,0.6000,0.9333,0.4667,6,0.4000,4,0.2667,2,0.1333,0,0.0000,0,9,7,0.4667,6,0.4000,1,0.0667,12,12,0.8000,11,0.7333,1,0.0667,0,0,12,0.8000,0
12,TIMOB,"The Titanium SDK ",Appcelerator,4754,"2017 Sprint 24 SDK","2017-11-19 18:59:24","2017-12-03 18:59:00","2017-11-22 14:11:19",105,13.9583,14,7,0.7143,1.0000,319.1429,10,0.7143,6,0.4286,0.5714,0.4286,4,0.2857,3,0.2143,1,0.0714,0,0.0000,0,7,5,0.3571,5,0.3571,0,0.0000,14,14,1.0000,11,0.7857,3,0.2143,0,0,12,0.8571,0
12,TIMOB,"The Titanium SDK ",Appcelerator,4753,"2017 Sprint 25 SDK","2017-12-03 23:22:15","2017-12-17 23:22:00","2017-12-06 18:34:12",106,13.9583,11,5,0.9091,1.0000,419.4000,8,0.7273,3,0.2727,0.8182,0.7273,6,0.5455,4,0.3636,2,0.1818,0,0.0000,0,8,5,0.4545,4,0.3636,1,0.0909,8,8,0.7273,6,0.5455,2,0.1818,0,0,7,0.6364,0
12,TIMOB,"The Titanium SDK ",Appcelerator,4750,"2018 Sprint 01 SDK","2017-12-31 16:58:55","2018-01-14 16:58:00","2018-01-03 12:10:44",107,13.9583,17,4,0.9412,1.0000,435.0000,14,0.8235,10,0.5882,0.6471,0.5294,8,0.4706,6,0.3529,2,0.1176,0,0.0000,0,12,10,0.5882,10,0.5882,0,0.0000,13,13,0.7647,13,0.7647,0,0.0000,0,0,9,0.5294,0
12,TIMOB,"The Titanium SDK ",Appcelerator,4749,"2018 Sprint 02 SDK","2018-01-14 22:48:44","2018-01-28 22:48:00","2018-01-17 18:00:35",108,13.9583,20,7,0.7500,1.0000,450.4286,15,0.7500,4,0.2000,0.7000,0.3000,5,0.2500,5,0.2500,0,0.0000,0,0.0000,2,7,7,0.3500,7,0.3500,0,0.0000,17,17,0.8500,17,0.8500,0,0.0000,0,0,12,0.6000,0
12,TIMOB,"The Titanium SDK ",Appcelerator,4747,"2018 Sprint 03 SDK","2018-01-28 16:23:12","2018-02-11 16:23:00","2018-01-31 11:35:09",109,13.9583,14,7,0.8571,1.0000,337.1429,12,0.8571,3,0.2143,0.6429,0.6429,6,0.4286,3,0.2143,3,0.2143,0,0.0000,0,11,6,0.4286,6,0.4286,0,0.0000,12,12,0.8571,11,0.7857,1,0.0714,0,0,10,0.7143,0
12,TIMOB,"The Titanium SDK ",Appcelerator,4746,"2018 Sprint 04 SDK","2018-02-12 04:23:02","2018-02-26 04:23:00","2018-02-14 23:35:01",110,13.9583,36,10,0.8611,1.0000,459.2000,17,0.4722,9,0.2500,0.5833,0.6944,2,0.0556,2,0.0556,0,0.0000,3,0.0833,3,6,5,0.1389,3,0.0833,2,0.0556,14,14,0.3889,9,0.2500,5,0.1389,0,0,29,0.8056,0
12,TIMOB,"The Titanium SDK ",Appcelerator,4745,"2018 Sprint 05 SDK","2018-02-25 19:38:09","2018-03-11 18:38:00","2018-02-28 14:38:07",111,13.9167,88,18,0.9432,1.0000,402.4444,68,0.7727,16,0.1818,0.5455,0.6136,6,0.0682,6,0.0682,0,0.0000,30,0.3409,11,20,15,0.1705,14,0.1591,1,0.0114,49,49,0.5568,14,0.1591,35,0.3977,0,0,46,0.5227,0
12,TIMOB,"The Titanium SDK ",Appcelerator,4744,"2018 Sprint 06 SDK","2018-03-11 22:18:04","2018-03-25 21:18:00","2018-03-14 17:18:03",112,13.9167,64,10,0.9688,0.9000,627.9000,36,0.5625,21,0.3281,0.9531,0.8906,8,0.1250,7,0.1094,1,0.0156,2,0.0313,8,9,9,0.1406,9,0.1406,0,0.0000,40,20,0.3125,16,0.2500,4,0.0625,0,0,12,0.1875,0
12,TIMOB,"The Titanium SDK ",Appcelerator,4742,"2018 Sprint 07 SDK","2018-03-25 20:59:37","2018-04-08 20:59:00","2018-03-28 16:11:29",113,13.9583,35,12,0.9143,1.0000,430.8333,23,0.6571,6,0.1714,0.8286,0.4571,13,0.3714,9,0.2571,4,0.1143,0,0.0000,3,15,14,0.4000,11,0.3143,3,0.0857,32,31,0.8857,27,0.7714,4,0.1143,0,0,21,0.6000,0
12,TIMOB,"The Titanium SDK ",Appcelerator,4741,"2018 Sprint 08 SDK","2018-04-08 16:57:36","2018-04-22 16:57:00","2018-04-11 12:09:28",114,13.9583,25,8,0.9600,1.0000,522.1250,7,0.2800,2,0.0800,0.9200,0.5200,7,0.2800,3,0.1200,4,0.1600,0,0.0000,3,10,9,0.3600,4,0.1600,5,0.2000,14,14,0.5600,9,0.3600,5,0.2000,0,0,9,0.3600,0
12,TIMOB,"The Titanium SDK ",Appcelerator,4740,"2018 Sprint 09 SDK","2018-04-22 21:53:09","2018-05-06 21:53:00","2018-04-25 17:05:07",115,13.9583,14,5,0.9286,1.0000,413.4000,7,0.5000,3,0.2143,0.8571,0.6429,8,0.5714,8,0.5714,0,0.0000,0,0.0000,0,2,2,0.1429,2,0.1429,0,0.0000,9,9,0.6429,9,0.6429,0,0.0000,0,0,6,0.4286,0
12,TIMOB,"The Titanium SDK ",Appcelerator,4739,"2018 Sprint 10 SDK","2018-05-06 23:03:22","2018-05-20 23:03:00","2018-05-09 18:15:17",116,13.9583,24,9,0.7917,1.0000,292.6667,13,0.5417,5,0.2083,0.8333,0.5833,9,0.3750,4,0.1667,5,0.2083,0,0.0000,0,12,12,0.5000,6,0.2500,6,0.2500,26,22,0.9167,16,0.6667,6,0.2500,0,0,17,0.7083,0
12,TIMOB,"The Titanium SDK ",Appcelerator,4737,"2018 Sprint 11 SDK","2018-05-20 19:57:44","2018-06-03 19:57:00","2018-05-23 15:09:35",117,13.9583,13,7,1.0000,1.0000,610.2857,9,0.6923,2,0.1538,0.8462,0.6154,4,0.3077,2,0.1538,2,0.1538,2,0.1538,0,2,2,0.1538,1,0.0769,1,0.0769,4,4,0.3077,3,0.2308,1,0.0769,0,0,7,0.5385,0
12,TIMOB,"The Titanium SDK ",Appcelerator,4736,"2018 Sprint 12 SDK","2018-06-03 14:22:23","2018-06-17 14:22:00","2018-06-06 09:34:18",118,13.9583,26,11,0.9615,0.9091,449.4545,13,0.5000,5,0.1923,0.9231,0.8077,15,0.5769,9,0.3462,6,0.2308,0,0.0000,2,8,7,0.2692,4,0.1538,3,0.1154,17,17,0.6538,8,0.3077,9,0.3462,0,0,16,0.6154,0
12,TIMOB,"The Titanium SDK ",Appcelerator,4734,"2018 Sprint 13 SDK","2018-06-17 19:47:14","2018-07-01 19:47:00","2018-06-20 14:59:11",119,13.9583,24,7,0.9167,1.0000,365.5714,16,0.6667,4,0.1667,0.7500,0.7917,9,0.3750,8,0.3333,1,0.0417,0,0.0000,1,16,13,0.5417,10,0.4167,3,0.1250,13,13,0.5417,9,0.3750,4,0.1667,0,0,13,0.5417,0
12,TIMOB,"The Titanium SDK ",Appcelerator,4733,"2018 Sprint 14 SDK","2018-07-01 17:40:57","2018-07-15 17:40:00","2018-07-04 12:52:45",120,13.9583,11,5,1.0000,1.0000,311.4000,8,0.7273,1,0.0909,0.9091,1.0000,6,0.5455,2,0.1818,4,0.3636,0,0.0000,0,2,2,0.1818,1,0.0909,1,0.0909,7,7,0.6364,6,0.5455,1,0.0909,0,0,4,0.3636,0
12,TIMOB,"The Titanium SDK ",Appcelerator,4732,"2018 Sprint 15 SDK","2018-07-15 20:52:05","2018-07-29 20:52:00","2018-07-18 16:04:04",121,13.9583,44,10,0.8182,1.0000,559.6000,19,0.4318,10,0.2273,0.7500,0.4773,4,0.0909,3,0.0682,1,0.0227,0,0.0000,5,7,5,0.1136,4,0.0909,1,0.0227,43,42,0.9545,27,0.6136,15,0.3409,0,0,20,0.4545,0
12,TIMOB,"The Titanium SDK ",Appcelerator,4731,"2018 Sprint 16 SDK","2018-07-29 21:26:06","2018-08-12 21:26:00","2018-08-01 16:38:04",122,13.9583,85,19,0.7647,1.0000,508.8947,43,0.5059,14,0.1647,0.1882,0.2941,7,0.0824,6,0.0706,1,0.0118,44,0.5176,6,14,12,0.1412,11,0.1294,1,0.0118,63,63,0.7412,61,0.7176,2,0.0235,0,0,68,0.8000,0
12,TIMOB,"The Titanium SDK ",Appcelerator,4730,"2016 Sprint 17 SDK","2018-08-13 16:39:37","2018-08-27 16:39:00","2018-08-16 11:51:29",123,13.9583,52,11,0.9231,0.9091,448.3636,36,0.6923,16,0.3077,0.7115,0.7885,16,0.3077,10,0.1923,6,0.1154,1,0.0192,1,15,10,0.1923,4,0.0769,6,0.1154,39,39,0.7500,28,0.5385,11,0.2115,0,0,39,0.7500,0
12,TIMOB,"The Titanium SDK ",Appcelerator,4729,"2018 Sprint 18 SDK","2018-08-26 15:14:35","2018-09-09 15:14:00","2018-08-29 10:26:28",124,13.9583,10,6,0.8000,0.8333,352.5000,7,0.7000,3,0.3000,0.7000,0.5000,4,0.4000,4,0.4000,0,0.0000,0,0.0000,0,2,2,0.2000,1,0.1000,1,0.1000,4,4,0.4000,4,0.4000,0,0.0000,0,0,6,0.6000,0
12,TIMOB,"The Titanium SDK ",Appcelerator,4728,"2018 Sprint 19 SDK","2018-09-09 20:02:56","2018-09-23 20:02:00","2018-09-12 15:14:44",125,13.9583,16,6,0.8750,1.0000,288.3333,7,0.4375,2,0.1250,0.5625,0.8125,4,0.2500,4,0.2500,0,0.0000,1,0.0625,0,4,4,0.2500,3,0.1875,1,0.0625,7,7,0.4375,7,0.4375,0,0.0000,0,0,8,0.5000,0
12,TIMOB,"The Titanium SDK ",Appcelerator,4727,"2018 Sprint 20 SDK","2018-09-23 15:57:58","2018-10-07 15:57:00","2018-09-26 11:09:46",126,13.9583,14,7,1.0000,1.0000,236.8571,8,0.5714,7,0.5000,0.4286,0.7857,7,0.5000,4,0.2857,3,0.2143,1,0.0714,1,7,7,0.5000,5,0.3571,2,0.1429,9,9,0.6429,8,0.5714,1,0.0714,0,0,8,0.5714,0
12,TIMOB,"The Titanium SDK ",Appcelerator,4725,"2018 Sprint 22","2018-10-21 22:20:53","2018-11-04 23:20:00","2018-10-24 17:44:42",127,14.0000,20,8,0.9500,1.0000,371.2500,10,0.5000,3,0.1500,0.9000,0.7000,9,0.4500,8,0.4000,1,0.0500,0,0.0000,0,7,5,0.2500,3,0.1500,2,0.1000,15,14,0.7000,9,0.4500,5,0.2500,0,0,15,0.7500,0
12,TIMOB,"The Titanium SDK ",Appcelerator,4724,"2018 Sprint 23","2018-11-04 23:35:52","2018-11-18 23:35:00","2018-11-07 18:47:41",128,13.9583,28,7,0.9286,1.0000,338.4286,23,0.8214,7,0.2500,0.8571,0.7500,20,0.7143,15,0.5357,5,0.1786,0,0.0000,0,6,6,0.2143,4,0.1429,2,0.0714,14,14,0.5000,9,0.3214,5,0.1786,0,0,22,0.7857,0
12,TIMOB,"The Titanium SDK ",Appcelerator,4723,"2018 Sprint 24","2018-11-19 05:35:58","2018-12-03 05:35:00","2018-11-22 00:47:46",129,13.9583,14,6,1.0000,1.0000,328.6667,9,0.6429,4,0.2857,0.9286,0.7143,4,0.2857,2,0.1429,2,0.1429,0,0.0000,0,5,5,0.3571,3,0.2143,2,0.1429,11,11,0.7857,6,0.4286,5,0.3571,0,0,12,0.8571,0
12,TIMOB,"The Titanium SDK ",Appcelerator,4722,"2018 Sprint 25","2018-12-02 16:29:22","2018-12-16 16:29:00","2018-12-05 11:41:17",130,13.9583,24,8,0.9583,1.0000,545.5000,11,0.4583,1,0.0417,0.7917,0.8750,4,0.1667,4,0.1667,0,0.0000,1,0.0417,2,6,5,0.2083,2,0.0833,3,0.1250,24,21,0.8750,15,0.6250,6,0.2500,0,0,13,0.5417,0
12,TIMOB,"The Titanium SDK ",Appcelerator,4721,"2018 Sprint 26","2018-12-17 15:56:00","2018-12-21 15:56:00","2018-12-18 11:08:00",131,4.0000,11,6,1.0000,1.0000,365.1667,8,0.7273,2,0.1818,0.6364,0.9091,4,0.3636,2,0.1818,2,0.1818,0,0.0000,0,3,2,0.1818,2,0.1818,0,0.0000,8,7,0.6364,5,0.4545,2,0.1818,0,0,3,0.2727,0
12,TIMOB,"The Titanium SDK ",Appcelerator,4720,"2019 Sprint 1","2018-12-31 19:39:58","2019-01-11 19:39:00","2019-01-03 00:27:46",132,10.9583,22,7,1.0000,1.0000,284.5714,17,0.7727,6,0.2727,0.9545,0.7727,8,0.3636,8,0.3636,0,0.0000,0,0.0000,0,9,8,0.3636,5,0.2273,3,0.1364,17,17,0.7727,16,0.7273,1,0.0455,0,0,14,0.6364,0
12,TIMOB,"The Titanium SDK ",Appcelerator,4719,"2019 Sprint 2","2019-01-14 17:20:19","2019-01-26 17:20:00","2019-01-17 02:56:15",133,11.9583,14,5,1.0000,1.0000,302.8000,9,0.6429,4,0.2857,0.8571,0.9286,9,0.6429,4,0.2857,5,0.3571,0,0.0000,0,7,6,0.4286,3,0.2143,3,0.2143,12,11,0.7857,5,0.3571,6,0.4286,0,0,11,0.7857,0
12,TIMOB,"The Titanium SDK ",Appcelerator,4718,"2019 Sprint 3","2019-01-28 17:38:43","2019-02-09 17:38:00","2019-01-31 03:14:34",134,11.9583,15,4,0.9333,1.0000,489.7500,12,0.8000,4,0.2667,0.8667,0.8667,9,0.6000,6,0.4000,3,0.2000,0,0.0000,1,2,2,0.1333,2,0.1333,0,0.0000,17,12,0.8000,12,0.8000,0,0.0000,0,0,4,0.2667,0
12,TIMOB,"The Titanium SDK ",Appcelerator,4717,"2019 Sprint 4","2019-02-11 16:16:38","2019-02-23 16:16:00","2019-02-14 01:52:30",135,11.9583,10,5,1.0000,1.0000,254.8000,7,0.7000,3,0.3000,0.9000,1.0000,6,0.6000,4,0.4000,2,0.2000,0,0.0000,0,4,3,0.3000,3,0.3000,0,0.0000,5,5,0.5000,5,0.5000,0,0.0000,0,0,4,0.4000,0
12,TIMOB,"The Titanium SDK ",Appcelerator,4715,"2019 Sprint 5","2019-02-24 18:36:06","2019-03-08 18:36:00","2019-02-27 04:12:04",136,11.9583,15,7,0.9333,1.0000,297.2857,12,0.8000,3,0.2000,1.0000,0.9333,5,0.3333,2,0.1333,3,0.2000,0,0.0000,2,6,6,0.4000,2,0.1333,4,0.2667,18,13,0.8667,12,0.8000,1,0.0667,0,0,7,0.4667,0
12,TIMOB,"The Titanium SDK ",Appcelerator,4714,"2019 Sprint 6","2019-03-03 22:20:00","2019-03-15 22:20:00","2019-03-06 07:56:00",137,12.0000,10,7,1.0000,1.0000,288.0000,5,0.5000,0,0.0000,0.9000,0.6000,3,0.3000,2,0.2000,1,0.1000,0,0.0000,1,4,2,0.2000,1,0.1000,1,0.1000,7,7,0.7000,7,0.7000,0,0.0000,0,0,5,0.5000,0
12,TIMOB,"The Titanium SDK ",Appcelerator,4713,"2019 Sprint 7","2019-03-18 17:27:26","2019-03-30 17:27:00","2019-03-21 03:03:20",138,11.9583,14,7,0.9286,0.8571,241.0000,10,0.7143,3,0.2143,0.7857,0.6429,3,0.2143,2,0.1429,1,0.0714,0,0.0000,1,11,6,0.4286,2,0.1429,4,0.2857,18,12,0.8571,10,0.7143,2,0.1429,0,0,2,0.1429,0
12,TIMOB,"The Titanium SDK ",Appcelerator,4712,"2019 Sprint 8","2019-03-31 17:03:00","2019-04-12 17:03:00","2019-04-03 02:39:00",139,12.0000,20,6,1.0000,1.0000,392.3333,15,0.7500,4,0.2000,0.8500,0.7000,9,0.4500,7,0.3500,2,0.1000,0,0.0000,0,8,8,0.4000,6,0.3000,2,0.1000,11,11,0.5500,9,0.4500,2,0.1000,0,0,10,0.5000,0
12,TIMOB,"The Titanium SDK ",Appcelerator,4710,"2019 Sprint 10","2019-04-28 21:06:00","2019-05-17 21:06:00","2019-05-02 16:18:00",140,19.0000,14,6,1.0000,1.0000,667.8333,10,0.7143,7,0.5000,0.8571,0.5714,0,0.0000,0,0.0000,0,0.0000,0,0.0000,0,3,3,0.2143,2,0.1429,1,0.0714,11,10,0.7143,4,0.2857,6,0.4286,0,0,11,0.7857,0
12,TIMOB,"The Titanium SDK ",Appcelerator,4709,"2019 Sprint 11","2019-05-18 16:39:53","2019-05-31 16:39:00","2019-05-21 07:03:42",141,12.9583,28,9,0.9643,1.0000,413.3333,21,0.7500,3,0.1071,0.9286,0.8929,3,0.1071,2,0.0714,1,0.0357,0,0.0000,2,5,4,0.1429,4,0.1429,0,0.0000,8,8,0.2857,6,0.2143,2,0.0714,0,0,13,0.4643,0
12,TIMOB,"The Titanium SDK ",Appcelerator,4708,"2019 Sprint 12","2019-06-03 21:00:37","2019-06-14 21:00:00","2019-06-06 01:48:29",142,10.9583,13,4,0.8462,1.0000,960.0000,8,0.6154,6,0.4615,0.9231,0.6923,2,0.1538,0,0.0000,2,0.1538,0,0.0000,0,4,4,0.3077,1,0.0769,3,0.2308,14,12,0.9231,2,0.1538,10,0.7692,0,0,11,0.8462,0
12,TIMOB,"The Titanium SDK ",Appcelerator,4704,"2019 Sprint 16","2019-07-29 14:35:47","2019-08-11 14:35:00","2019-08-01 04:59:37",143,12.9583,16,6,0.9375,1.0000,413.5000,6,0.3750,6,0.3750,1.0000,0.8125,2,0.1250,0,0.0000,2,0.1250,0,0.0000,0,1,1,0.0625,0,0.0000,1,0.0625,5,5,0.3125,1,0.0625,4,0.2500,0,1,6,0.3750,0
12,TIMOB,"The Titanium SDK ",Appcelerator,4703,"2019 Sprint 17","2019-08-12 06:59:29","2019-08-25 06:59:00","2019-08-14 21:23:23",144,12.9583,32,8,0.9688,1.0000,526.5000,23,0.7188,9,0.2813,0.9063,0.9063,4,0.1250,3,0.0938,1,0.0313,0,0.0000,0,4,4,0.1250,3,0.0938,1,0.0313,31,31,0.9688,29,0.9063,2,0.0625,0,0,13,0.4063,0
12,TIMOB,"The Titanium SDK ",Appcelerator,4702,"2019 Sprint 18","2019-08-26 20:46:26","2019-09-08 20:46:00","2019-08-29 11:10:20",145,12.9583,15,6,0.9333,1.0000,629.3333,6,0.4000,4,0.2667,1.0000,1.0000,5,0.3333,2,0.1333,3,0.2000,0,0.0000,0,6,5,0.3333,3,0.2000,2,0.1333,13,13,0.8667,5,0.3333,8,0.5333,0,0,9,0.6000,0
12,TIMOB,"The Titanium SDK ",Appcelerator,4699,"2019 Sprint 20","2019-09-23 14:38:44","2019-10-06 14:38:00","2019-09-26 05:02:35",146,12.9583,12,7,1.0000,1.0000,627.5714,11,0.9167,5,0.4167,0.9167,0.8333,3,0.2500,2,0.1667,1,0.0833,1,0.0833,0,5,5,0.4167,3,0.2500,2,0.1667,9,9,0.7500,8,0.6667,1,0.0833,0,0,5,0.4167,0
12,TIMOB,"The Titanium SDK ",Appcelerator,4695,"2019 Sprint 24","2019-11-18 16:40:09","2019-12-01 16:40:00","2019-11-21 07:04:07",147,12.9583,10,5,0.9000,1.0000,885.6000,4,0.4000,1,0.1000,0.8000,0.8000,4,0.4000,4,0.4000,0,0.0000,0,0.0000,0,3,3,0.3000,1,0.1000,2,0.2000,6,6,0.6000,3,0.3000,3,0.3000,0,0,5,0.5000,0
12,TIMOB,"The Titanium SDK ",Appcelerator,4693,"2019 Sprint 26","2019-12-16 06:12:12","2019-12-21 06:12:00","2019-12-17 06:12:09",148,4.9583,18,4,1.0000,1.0000,409.2500,6,0.3333,4,0.2222,0.9444,1.0000,3,0.1667,1,0.0556,2,0.1111,0,0.0000,0,1,1,0.0556,1,0.0556,0,0.0000,4,4,0.2222,2,0.1111,2,0.1111,0,0,1,0.0556,0
12,TIMOB,"The Titanium SDK ",Appcelerator,4692,"2020 Sprint 1","2020-01-02 21:15:56","2020-01-17 21:15:00","2020-01-05 21:15:44",149,14.9583,11,5,0.9091,1.0000,599.6000,6,0.5455,2,0.1818,0.9091,0.6364,4,0.3636,4,0.3636,0,0.0000,0,0.0000,0,1,1,0.0909,1,0.0909,0,0.0000,10,9,0.8182,9,0.8182,0,0.0000,0,0,8,0.7273,0
12,TIMOB,"The Titanium SDK ",Appcelerator,4691,"2020 Sprint 2","2020-01-20 17:44:38","2020-01-31 17:44:00","2020-01-22 22:32:30",150,10.9583,37,7,0.9459,1.0000,558.0000,14,0.3784,5,0.1351,1.0000,0.3514,6,0.1622,1,0.0270,5,0.1351,0,0.0000,1,10,10,0.2703,10,0.2703,0,0.0000,29,28,0.7568,28,0.7568,0,0.0000,0,0,35,0.9459,1
12,TIMOB,"The Titanium SDK ",Appcelerator,4690,"2020 Sprint 3","2020-02-03 16:58:00","2020-02-14 16:58:00","2020-02-05 21:46:00",151,11.0000,12,5,1.0000,1.0000,782.8000,5,0.4167,3,0.2500,0.8333,0.8333,3,0.2500,2,0.1667,1,0.0833,1,0.0833,0,4,3,0.2500,2,0.1667,1,0.0833,3,3,0.2500,3,0.2500,0,0.0000,0,0,11,0.9167,1
12,TIMOB,"The Titanium SDK ",Appcelerator,4688,"2020 Sprint 5","2020-03-02 18:45:03","2020-03-13 18:45:00","2020-03-04 23:33:02",152,10.9583,12,8,1.0000,0.8750,278.0000,7,0.5833,2,0.1667,0.7500,0.8333,3,0.2500,2,0.1667,1,0.0833,0,0.0000,0,1,1,0.0833,0,0.0000,1,0.0833,13,10,0.8333,10,0.8333,0,0.0000,0,0,5,0.4167,0
12,TIMOB,"The Titanium SDK ",Appcelerator,4684,"2020 Sprint 8","2020-04-10 17:08:36","2020-04-24 17:08:00","2020-04-13 12:20:28",153,13.9583,16,5,1.0000,1.0000,321.4000,12,0.7500,6,0.3750,0.6250,0.7500,1,0.0625,1,0.0625,0,0.0000,0,0.0000,2,3,1,0.0625,1,0.0625,0,0.0000,28,16,1.0000,10,0.6250,6,0.3750,0,0,6,0.3750,0
12,TIMOB,"The Titanium SDK ",Appcelerator,4683,"2020 Sprint 9","2020-04-24 16:09:52","2020-05-08 16:09:00","2020-04-27 11:21:41",154,13.9583,14,3,1.0000,1.0000,299.6667,6,0.4286,4,0.2857,0.5714,1.0000,5,0.3571,5,0.3571,0,0.0000,0,0.0000,0,2,2,0.1429,2,0.1429,0,0.0000,19,14,1.0000,10,0.7143,4,0.2857,0,0,5,0.3571,0
12,TIMOB,"The Titanium SDK ",Appcelerator,4682,"2020 Sprint 10","2020-05-08 15:37:58","2020-05-22 15:37:00","2020-05-11 10:49:46",155,13.9583,14,6,1.0000,0.8333,352.5000,6,0.4286,3,0.2143,0.5714,0.8571,4,0.2857,0,0.0000,4,0.2857,0,0.0000,2,7,7,0.5000,3,0.2143,4,0.2857,25,14,1.0000,13,0.9286,1,0.0714,0,0,1,0.0714,0
12,TIMOB,"The Titanium SDK ",Appcelerator,4679,"2020 Sprint 13","2020-06-19 15:41:04","2020-07-02 15:41:00","2020-06-22 06:05:03",156,12.9583,13,5,1.0000,1.0000,428.2000,2,0.1538,1,0.0769,0.6154,0.6923,1,0.0769,1,0.0769,0,0.0000,0,0.0000,3,4,4,0.3077,2,0.1538,2,0.1538,21,12,0.9231,12,0.9231,0,0.0000,0,0,1,0.0769,0
12,TIMOB,"The Titanium SDK ",Appcelerator,4675,"2020 Sprint 17","2020-08-17 14:48:00","2020-08-28 14:48:00","2020-08-19 19:36:00",157,11.0000,11,4,1.0000,1.0000,492.0000,5,0.4545,2,0.1818,0.9091,0.9091,4,0.3636,3,0.2727,1,0.0909,0,0.0000,2,4,3,0.2727,2,0.1818,1,0.0909,9,9,0.8182,3,0.2727,6,0.5455,0,0,5,0.4545,0
12,TIMOB,"The Titanium SDK ",Appcelerator,4674,"2020 Sprint 18","2020-08-31 14:45:10","2020-09-11 14:45:00","2020-09-02 19:33:08",158,10.9583,10,5,1.0000,1.0000,425.6000,6,0.6000,3,0.3000,0.3000,1.0000,6,0.6000,6,0.6000,0,0.0000,0,0.0000,1,5,5,0.5000,5,0.5000,0,0.0000,10,10,1.0000,10,1.0000,0,0.0000,0,0,6,0.6000,0
12,TIMOB,"The Titanium SDK ",Appcelerator,4673,"2020 Sprint 19","2020-09-14 19:01:00","2020-09-25 19:01:00","2020-09-16 23:49:00",159,11.0000,28,5,1.0000,1.0000,327.4000,17,0.6071,5,0.1786,0.6786,0.8929,8,0.2857,3,0.1071,5,0.1786,0,0.0000,14,10,7,0.2500,6,0.2143,1,0.0357,21,21,0.7500,20,0.7143,1,0.0357,0,0,11,0.3929,0
12,TIMOB,"The Titanium SDK ",Appcelerator,4672,"2020 Sprint 20","2020-09-28 14:30:47","2020-10-09 14:30:00","2020-09-30 19:18:37",160,10.9583,14,4,1.0000,1.0000,436.0000,13,0.9286,5,0.3571,0.5714,0.5000,11,0.7857,9,0.6429,2,0.1429,0,0.0000,8,5,5,0.3571,4,0.2857,1,0.0714,9,8,0.5714,4,0.2857,4,0.2857,0,0,6,0.4286,0
12,TIMOB,"The Titanium SDK ",Appcelerator,4671,"2020 Sprint 21","2020-10-12 15:34:00","2020-10-23 15:34:00","2020-10-14 20:22:00",161,11.0000,13,5,1.0000,1.0000,453.8000,9,0.6923,2,0.1538,0.9231,0.6923,6,0.4615,5,0.3846,1,0.0769,0,0.0000,11,2,2,0.1538,2,0.1538,0,0.0000,30,12,0.9231,12,0.9231,0,0.0000,0,0,2,0.1538,0
13,TISTUD,"Appcelerator Studio",Appcelerator,4662,"2013 Sprint 19","2013-09-09 22:34:05","2013-09-20 22:34:05","2013-09-12 03:22:05",6,11.0000,36,3,1.0000,1.0000,578.0000,1,0.0278,0,0.0000,0.8889,0.7778,7,0.1944,6,0.1667,1,0.0278,15,0.4167,0,8,8,0.2222,6,0.1667,2,0.0556,20,20,0.5556,8,0.2222,12,0.3333,0,0,35,0.9722,1
13,TISTUD,"Appcelerator Studio",Appcelerator,4661,"2013 Sprint 20","2013-09-23 21:56:10","2013-10-07 00:01:10","2013-09-26 12:45:10",7,13.0833,17,3,1.0000,1.0000,591.6667,5,0.2941,2,0.1176,0.9412,0.8824,0,0.0000,0,0.0000,0,0.0000,2,0.1176,0,8,8,0.4706,4,0.2353,4,0.2353,14,14,0.8235,0,0.0000,14,0.8235,0,0,13,0.7647,0
13,TISTUD,"Appcelerator Studio",Appcelerator,4660,"2013 Sprint 21","2013-10-08 00:24:28","2013-10-19 00:24:28","2013-10-10 05:12:28",8,11.0000,20,3,1.0000,1.0000,602.3333,6,0.3000,2,0.1000,0.9000,0.7500,5,0.2500,3,0.1500,2,0.1000,0,0.0000,0,15,15,0.7500,9,0.4500,6,0.3000,22,20,1.0000,3,0.1500,17,0.8500,0,0,14,0.7000,0
13,TISTUD,"Appcelerator Studio",Appcelerator,4659,"2013 Sprint 22","2013-10-21 20:22:56","2013-11-03 21:23:56","2013-10-24 10:59:08",9,13.0417,56,4,1.0000,1.0000,551.0000,24,0.4286,15,0.2679,0.8036,0.7500,25,0.4464,7,0.1250,18,0.3214,4,0.0714,1,38,28,0.5000,13,0.2321,15,0.2679,50,50,0.8929,7,0.1250,43,0.7679,0,0,54,0.9643,1
13,TISTUD,"Appcelerator Studio",Appcelerator,4658,"2013 Sprint 23","2013-11-04 23:11:22","2013-11-16 04:11:00","2013-11-07 04:59:17",10,11.1667,53,3,1.0000,1.0000,641.6667,43,0.8113,12,0.2264,0.9057,0.6792,30,0.5660,18,0.3396,12,0.2264,0,0.0000,0,52,37,0.6981,29,0.5472,8,0.1509,27,27,0.5094,24,0.4528,3,0.0566,0,0,47,0.8868,0
13,TISTUD,"Appcelerator Studio",Appcelerator,4657,"2013 Sprint 24","2013-11-19 19:13:37","2013-12-01 19:13:37","2013-11-22 04:49:37",11,12.0000,20,3,1.0000,1.0000,672.3333,18,0.9000,6,0.3000,1.0000,1.0000,8,0.4000,2,0.1000,6,0.3000,0,0.0000,0,18,15,0.7500,6,0.3000,9,0.4500,11,10,0.5000,4,0.2000,6,0.3000,0,0,15,0.7500,0
13,TISTUD,"Appcelerator Studio",Appcelerator,4656,"2013 Sprint 25","2013-12-02 22:12:56","2013-12-15 22:12:56","2013-12-05 12:36:56",12,13.0000,21,3,1.0000,1.0000,684.0000,14,0.6667,5,0.2381,0.9524,0.9524,3,0.1429,0,0.0000,3,0.1429,0,0.0000,0,15,15,0.7143,5,0.2381,10,0.4762,5,5,0.2381,1,0.0476,4,0.1905,0,0,18,0.8571,0
13,TISTUD,"Appcelerator Studio",Appcelerator,4653,"2014 Sprint 03","2014-02-03 23:29:46","2014-02-16 23:29:46","2014-02-06 13:53:46",13,13.0000,10,3,1.0000,1.0000,732.6667,4,0.4000,0,0.0000,1.0000,1.0000,0,0.0000,0,0.0000,0,0.0000,0,0.0000,0,3,3,0.3000,3,0.3000,0,0.0000,0,0,0.0000,0,0.0000,0,0.0000,0,0,8,0.8000,0
13,TISTUD,"Appcelerator Studio",Appcelerator,4648,"2014 Sprint 09 Tooling","2014-04-28 15:43:24","2014-05-10 03:44:00","2014-04-30 22:55:31",15,11.5000,11,3,1.0000,1.0000,502.3333,6,0.5455,2,0.1818,1.0000,0.8182,4,0.3636,3,0.2727,1,0.0909,0,0.0000,0,5,5,0.4545,3,0.2727,2,0.1818,3,3,0.2727,2,0.1818,1,0.0909,0,0,10,0.9091,1
13,TISTUD,"Appcelerator Studio",Appcelerator,4644,"2014 Sprint 13 Studio","2014-06-23 16:22:31","2014-07-04 00:00:00","2014-06-25 17:54:00",16,10.2917,16,5,1.0000,1.0000,342.6000,13,0.8125,1,0.0625,0.8750,0.8750,2,0.1250,2,0.1250,0,0.0000,1,0.0625,1,10,9,0.5625,7,0.4375,2,0.1250,8,4,0.2500,3,0.1875,1,0.0625,0,0,7,0.4375,0
13,TISTUD,"Appcelerator Studio",Appcelerator,4643,"2014 Sprint 14 Studio","2014-07-07 21:58:33","2014-07-19 00:00:00","2014-07-10 03:10:50",17,11.0833,12,4,1.0000,1.0000,516.7500,11,0.9167,1,0.0833,0.8333,0.5833,1,0.0833,1,0.0833,0,0.0000,0,0.0000,1,7,5,0.4167,1,0.0833,4,0.3333,8,4,0.3333,2,0.1667,2,0.1667,0,0,5,0.4167,0
13,TISTUD,"Appcelerator Studio",Appcelerator,4641,"2014 Sprint 16 Studio","2014-08-04 16:36:42","2014-08-16 01:36:00","2014-08-06 23:12:33",18,11.3333,11,3,1.0000,1.0000,582.3333,3,0.2727,0,0.0000,0.9091,0.9091,4,0.3636,2,0.1818,2,0.1818,0,0.0000,1,5,5,0.4545,3,0.2727,2,0.1818,7,5,0.4545,4,0.3636,1,0.0909,0,0,5,0.4545,0
13,TISTUD,"Appcelerator Studio",Appcelerator,4639,"2014 Sprint 18 Studio","2014-09-02 16:08:00","2014-09-13 01:08:00","2014-09-04 17:56:00",19,10.3750,36,5,1.0000,1.0000,440.0000,24,0.6667,3,0.0833,0.9444,0.8889,20,0.5556,15,0.4167,5,0.1389,0,0.0000,1,28,22,0.6111,16,0.4444,6,0.1667,43,20,0.5556,14,0.3889,6,0.1667,0,0,32,0.8889,0
13,TISTUD,"Appcelerator Studio",Appcelerator,4638,"2014 Sprint 19 Studio","2014-09-15 16:00:13","2014-09-27 01:00:00","2014-09-17 22:36:10",20,11.3333,27,4,1.0000,1.0000,377.7500,16,0.5926,1,0.0370,0.9259,0.8889,4,0.1481,1,0.0370,3,0.1111,0,0.0000,0,11,11,0.4074,4,0.1481,7,0.2593,29,21,0.7778,3,0.1111,18,0.6667,0,0,20,0.7407,0
13,TISTUD,"Appcelerator Studio",Appcelerator,4637,"2014 Sprint 20 Studio","2014-09-29 17:05:08","2014-10-11 01:05:00","2014-10-01 23:29:06",21,11.2917,19,4,1.0000,1.0000,444.0000,14,0.7368,2,0.1053,1.0000,0.7368,2,0.1053,1,0.0526,1,0.0526,0,0.0000,0,11,11,0.5789,8,0.4211,3,0.1579,7,4,0.2105,4,0.2105,0,0.0000,0,0,18,0.9474,1
13,TISTUD,"Appcelerator Studio",Appcelerator,4636,"2014 Sprint 21 Studio","2014-10-13 15:41:34","2014-10-25 01:41:00","2014-10-15 22:29:27",22,11.3750,19,4,1.0000,1.0000,481.7500,9,0.4737,0,0.0000,1.0000,0.8947,1,0.0526,1,0.0526,0,0.0000,0,0.0000,1,14,13,0.6842,10,0.5263,3,0.1579,6,6,0.3158,2,0.1053,4,0.2105,0,0,17,0.8947,0
13,TISTUD,"Appcelerator Studio",Appcelerator,4635,"2014 Sprint 22 Studio","2014-10-27 15:59:36","2014-11-08 02:30:00","2014-10-29 22:53:40",23,11.4167,12,3,1.0000,1.0000,476.0000,5,0.4167,0,0.0000,1.0000,1.0000,0,0.0000,0,0.0000,0,0.0000,0,0.0000,0,11,10,0.8333,4,0.3333,6,0.5000,0,0,0.0000,0,0.0000,0,0.0000,0,0,12,1.0000,1
13,TISTUD,"Appcelerator Studio",Appcelerator,4633,"2014 Sprint 23 Studio","2014-11-10 17:30:47","2014-11-22 02:30:00","2014-11-13 00:06:37",24,11.3333,15,4,1.0000,1.0000,490.2500,10,0.6667,1,0.0667,0.9333,0.8667,1,0.0667,1,0.0667,0,0.0000,1,0.0667,0,11,11,0.7333,5,0.3333,6,0.4000,2,1,0.0667,1,0.0667,0,0.0000,0,0,13,0.8667,0
13,TISTUD,"Appcelerator Studio",Appcelerator,4626,"2015 Sprint 06 Studio","2015-03-14 13:54:24","2015-03-28 00:00:00","2015-03-17 06:19:31",25,13.4167,15,4,1.0000,1.0000,610.2500,13,0.8667,6,0.4000,0.4667,0.3333,11,0.7333,10,0.6667,1,0.0667,0,0.0000,1,12,10,0.6667,9,0.6000,1,0.0667,29,14,0.9333,13,0.8667,1,0.0667,0,0,12,0.8000,0
13,TISTUD,"Appcelerator Studio",Appcelerator,4625,"2015 Sprint 07 Studio","2015-03-30 15:42:00","2015-04-11 03:42:00","2015-04-01 22:54:00",26,11.5000,27,5,1.0000,0.8000,493.0000,20,0.7407,5,0.1852,0.7778,0.6296,8,0.2963,2,0.0741,6,0.2222,5,0.1852,0,22,15,0.5556,7,0.2593,8,0.2963,4,4,0.1481,3,0.1111,1,0.0370,0,0,24,0.8889,0
13,TISTUD,"Appcelerator Studio",Appcelerator,4624,"2015 Sprint 08 Studio","2015-04-11 00:00:57","2015-04-25 00:00:00","2015-04-13 19:12:45",27,13.9583,23,4,1.0000,0.7500,455.5000,13,0.5652,1,0.0435,0.7826,0.9130,9,0.3913,9,0.3913,0,0.0000,0,0.0000,0,17,17,0.7391,12,0.5217,5,0.2174,12,8,0.3478,8,0.3478,0,0.0000,0,0,18,0.7826,0
13,TISTUD,"Appcelerator Studio",Appcelerator,4623,"2015 Sprint 09 Studio","2015-04-25 00:00:41","2015-05-09 00:00:00","2015-04-27 19:12:32",28,13.9583,15,3,1.0000,1.0000,710.3333,11,0.7333,1,0.0667,1.0000,0.8667,12,0.8000,11,0.7333,1,0.0667,2,0.1333,0,18,12,0.8000,11,0.7333,1,0.0667,17,15,1.0000,15,1.0000,0,0.0000,0,0,15,1.0000,1
13,TISTUD,"Appcelerator Studio",Appcelerator,4621,"2015 Sprint 11 Studio","2015-05-23 02:20:40","2015-06-06 02:20:00","2015-05-25 21:32:32",29,13.9583,11,3,1.0000,1.0000,735.0000,7,0.6364,1,0.0909,0.9091,0.6364,0,0.0000,0,0.0000,0,0.0000,1,0.0909,0,5,5,0.4545,2,0.1818,3,0.2727,3,3,0.2727,0,0.0000,3,0.2727,0,0,11,1.0000,1
13,TISTUD,"Appcelerator Studio",Appcelerator,4618,"2015 Sprint 13 Studio","2015-06-22 16:14:27","2015-07-04 01:14:00","2015-06-24 22:50:21",30,11.3333,19,3,1.0000,1.0000,751.6667,15,0.7895,5,0.2632,0.8947,0.5263,9,0.4737,4,0.2105,5,0.2632,2,0.1053,0,11,8,0.4211,8,0.4211,0,0.0000,16,15,0.7895,8,0.4211,7,0.3684,0,0,17,0.8947,0
13,TISTUD,"Appcelerator Studio",Appcelerator,4593,"2015 Sprint 22 Studio","2015-10-26 16:25:53","2015-11-07 03:25:00","2015-10-28 23:25:42",32,11.4167,14,3,1.0000,1.0000,682.3333,11,0.7857,4,0.2857,1.0000,0.9286,1,0.0714,1,0.0714,0,0.0000,0,0.0000,0,7,7,0.5000,6,0.4286,1,0.0714,3,3,0.2143,2,0.1429,1,0.0714,0,0,12,0.8571,0
13,TISTUD,"Appcelerator Studio",Appcelerator,4599,"To Be Scheduled","2016-03-28 04:03:55","2016-04-08 04:03:00","2016-03-30 08:51:44",33,10.9583,57,5,1.0000,1.0000,602.4000,29,0.5088,21,0.3684,0.3684,0.1930,0,0.0000,0,0.0000,0,0.0000,14,0.2456,33,0,0,0.0000,0,0.0000,0,0.0000,0,0,0.0000,0,0.0000,0,0.0000,0,0,14,0.2456,0
13,TISTUD,"Appcelerator Studio",Appcelerator,4615,"2018 Sprint 05 SDK","2018-02-25 19:38:09","2018-03-11 18:38:00","2018-02-28 14:38:07",34,13.9167,18,5,1.0000,0.8000,672.0000,11,0.6111,12,0.6667,0.1667,0.0556,0,0.0000,0,0.0000,0,0.0000,3,0.1667,15,0,0,0.0000,0,0.0000,0,0.0000,0,0,0.0000,0,0.0000,0,0.0000,0,0,3,0.1667,0
23,BE,"Hyperledger Blockchain Explorer",Hyperledger,2667,"BE Sprint 10","2018-06-18 11:02:08","2018-06-29 12:02:00","2018-06-20 16:02:06",7,11.0000,29,12,1.0000,0.7500,16.9167,3,0.1034,0,0.0000,0.7241,0.8966,11,0.3793,5,0.1724,6,0.2069,0,0.0000,0,21,18,0.6207,5,0.1724,13,0.4483,5,5,0.1724,4,0.1379,1,0.0345,0,0,29,1.0000,1
23,BE,"Hyperledger Blockchain Explorer",Hyperledger,2664,"BE Sprint 14","2018-08-13 11:30:34","2018-08-24 12:30:00","2018-08-15 16:30:27",11,11.0000,15,8,1.0000,0.8750,28.8750,2,0.1333,0,0.0000,0.8667,1.0000,3,0.2000,1,0.0667,2,0.1333,0,0.0000,0,7,3,0.2000,1,0.0667,2,0.1333,15,15,1.0000,1,0.0667,14,0.9333,0,1,15,1.0000,1
23,BE,"Hyperledger Blockchain Explorer",Hyperledger,2650,"BE Sprint 26","2019-02-11 15:01:56","2019-02-23 04:01:00","2019-02-13 22:25:44",12,11.5000,11,6,1.0000,0.8333,25.1667,2,0.1818,2,0.1818,0.8182,1.0000,3,0.2727,1,0.0909,2,0.1818,0,0.0000,0,5,4,0.3636,3,0.2727,1,0.0909,3,3,0.2727,1,0.0909,2,0.1818,0,0,10,0.9091,1
23,BE,"Hyperledger Blockchain Explorer",Hyperledger,2648,"BE Sprint 28","2019-03-11 13:00:00","2019-03-22 22:16:00","2019-03-13 19:39:12",14,11.3750,13,7,1.0000,0.7143,26.5714,3,0.2308,0,0.0000,0.7692,0.9231,1,0.0769,1,0.0769,0,0.0000,1,0.0769,0,7,5,0.3846,5,0.3846,0,0.0000,1,1,0.0769,1,0.0769,0,0.0000,0,0,12,0.9231,1
23,BE,"Hyperledger Blockchain Explorer",Hyperledger,2647,"BE Sprint 29","2019-03-25 12:38:52","2019-04-05 21:54:00","2019-03-27 19:17:53",15,11.3750,11,4,1.0000,1.0000,45.5000,2,0.1818,2,0.1818,0.8182,0.9091,4,0.3636,1,0.0909,3,0.2727,0,0.0000,0,4,4,0.3636,1,0.0909,3,0.2727,5,5,0.4545,3,0.2727,2,0.1818,0,0,11,1.0000,1
23,BE,"Hyperledger Blockchain Explorer",Hyperledger,2646,"BE Sprint 30","2019-04-08 12:41:00","2019-04-19 21:57:00","2019-04-10 19:20:12",16,11.3750,13,4,1.0000,0.7500,46.2500,4,0.3077,1,0.0769,0.6923,1.0000,6,0.4615,5,0.3846,1,0.0769,0,0.0000,0,6,5,0.3846,4,0.3077,1,0.0769,7,7,0.5385,5,0.3846,2,0.1538,0,0,12,0.9231,1
23,BE,"Hyperledger Blockchain Explorer",Hyperledger,2645,"BE Sprint 31","2019-04-22 13:00:24","2019-05-03 22:27:00","2019-04-24 19:41:43",17,11.3750,23,9,1.0000,0.8889,33.3333,1,0.0435,0,0.0000,0.5652,0.4783,3,0.1304,3,0.1304,0,0.0000,0,0.0000,0,7,6,0.2609,1,0.0435,5,0.2174,19,19,0.8261,3,0.1304,16,0.6957,0,0,23,1.0000,1
23,BE,"Hyperledger Blockchain Explorer",Hyperledger,2644,"BE Sprint 32","2019-05-06 12:00:00","2019-05-17 21:27:00","2019-05-08 18:41:24",18,11.3750,11,4,1.0000,0.7500,52.5000,2,0.1818,0,0.0000,0.7273,0.9091,0,0.0000,0,0.0000,0,0.0000,0,0.0000,0,0,0,0.0000,0,0.0000,0,0.0000,4,4,0.3636,4,0.3636,0,0.0000,0,0,11,1.0000,1
23,BE,"Hyperledger Blockchain Explorer",Hyperledger,2643,"BE Sprint 33","2019-05-20 12:00:00","2019-06-01 03:06:00","2019-05-22 19:49:12",19,11.6250,13,3,1.0000,1.0000,72.3333,7,0.5385,0,0.0000,0.4615,0.8462,7,0.5385,6,0.4615,1,0.0769,0,0.0000,0,4,4,0.3077,3,0.2308,1,0.0769,7,7,0.5385,6,0.4615,1,0.0769,0,0,13,1.0000,1
23,BE,"Hyperledger Blockchain Explorer",Hyperledger,2642,"BE Sprint 34","2019-06-03 12:00:00","2019-06-14 22:20:00","2019-06-05 18:52:00",20,11.4167,10,3,1.0000,1.0000,77.3333,0,0.0000,0,0.0000,0.9000,0.8000,2,0.2000,1,0.1000,1,0.1000,0,0.0000,0,4,3,0.3000,2,0.2000,1,0.1000,5,3,0.3000,2,0.2000,1,0.1000,0,0,10,1.0000,1
23,BE,"Hyperledger Blockchain Explorer",Hyperledger,2636,"BE Sprint 40","2019-11-11 13:48:15","2019-11-23 01:48:00","2019-11-13 21:00:12",22,11.4583,10,5,1.0000,0.8000,45.4000,1,0.1000,0,0.0000,0.9000,0.8000,2,0.2000,2,0.2000,0,0.0000,0,0.0000,0,2,2,0.2000,1,0.1000,1,0.1000,5,5,0.5000,3,0.3000,2,0.2000,0,0,10,1.0000,1
23,BE,"Hyperledger Blockchain Explorer",Hyperledger,2635,"BE Sprint 41","2019-11-25 13:20:00","2019-12-06 22:20:00","2019-11-27 19:56:00",23,11.3750,10,5,0.8000,0.8000,66.2000,0,0.0000,0,0.0000,0.8000,0.3000,0,0.0000,0,0.0000,0,0.0000,4,0.4000,0,1,1,0.1000,1,0.1000,0,0.0000,0,0,0.0000,0,0.0000,0,0.0000,0,0,10,1.0000,1
23,BE,"Hyperledger Blockchain Explorer",Hyperledger,2631,"BE Sprint 46","2020-08-23 05:54:00","2020-09-30 05:54:00","2020-08-30 20:18:00",24,38.0000,21,5,1.0000,0.8000,70.0000,6,0.2857,1,0.0476,0.0476,0.7143,10,0.4762,10,0.4762,0,0.0000,6,0.2857,0,6,6,0.2857,6,0.2857,0,0.0000,5,4,0.1905,4,0.1905,0,0.0000,0,0,21,1.0000,1
24,FAB,"Hyperledger Fabric",Hyperledger,2880,"Sprint 3","2016-10-10 08:00:55","2016-10-21 23:59:00","2016-10-12 16:00:32",8,11.6250,11,4,1.0000,0.7500,10.7500,0,0.0000,1,0.0909,0.7273,0.7273,5,0.4545,4,0.3636,1,0.0909,0,0.0000,0,3,2,0.1818,0,0.0000,2,0.1818,5,4,0.3636,1,0.0909,3,0.2727,0,0,1,0.0909,0
24,FAB,"Hyperledger Fabric",Hyperledger,2807,"Sprint 5 - Consensus","2016-11-07 08:00:23","2016-11-19 23:59:00","2016-11-09 20:48:06",12,12.6250,47,11,0.8085,0.9091,11.9091,4,0.0851,1,0.0213,0.3404,0.4894,18,0.3830,16,0.3404,2,0.0426,2,0.0426,0,2,2,0.0426,2,0.0426,0,0.0000,37,17,0.3617,3,0.0638,14,0.2979,0,0,13,0.2766,0
24,FAB,"Hyperledger Fabric",Hyperledger,2850,"Sprint 5 - Crypto","2016-11-07 08:00:29","2016-11-20 23:59:00","2016-11-10 01:36:11",13,13.6250,16,4,0.8750,0.7500,10.5000,0,0.0000,0,0.0000,0.2500,0.7500,10,0.6250,8,0.5000,2,0.1250,0,0.0000,0,3,3,0.1875,2,0.1250,1,0.0625,3,3,0.1875,0,0.0000,3,0.1875,0,0,0,0.0000,0
24,FAB,"Hyperledger Fabric",Hyperledger,2844,"Sprint 7 - Endorser","2016-12-05 08:00:57","2016-12-16 23:59:00","2016-12-07 16:00:33",19,11.6250,17,5,0.9412,0.8000,12.0000,0,0.0000,0,0.0000,0.0000,0.2353,10,0.5882,8,0.4706,2,0.1176,0,0.0000,0,4,4,0.2353,3,0.1765,1,0.0588,5,5,0.2941,4,0.2353,1,0.0588,0,0,10,0.5882,0
24,FAB,"Hyperledger Fabric",Hyperledger,2785,"Sprint 8 - Quality","2017-01-02 08:00:44","2017-01-13 23:59:00","2017-01-04 16:00:23",20,11.6250,15,8,0.8000,0.7500,10.6250,0,0.0000,0,0.0000,0.0000,0.8667,0,0.0000,0,0.0000,0,0.0000,6,0.4000,0,1,1,0.0667,1,0.0667,0,0.0000,7,7,0.4667,7,0.4667,0,0.0000,0,0,6,0.4000,0
24,FAB,"Hyperledger Fabric",Hyperledger,2840,"Sprint 9 - consensus","2017-01-02 08:00:55","2017-01-13 23:59:00","2017-01-04 16:00:32",21,11.6250,33,4,1.0000,1.0000,31.0000,1,0.0303,0,0.0000,0.5152,1.0000,22,0.6667,22,0.6667,0,0.0000,2,0.0606,0,5,5,0.1515,4,0.1212,1,0.0303,2,2,0.0606,2,0.0606,0,0.0000,0,0,27,0.8182,0
24,FAB,"Hyperledger Fabric",Hyperledger,2793,"Sprint 10 - Quality","2017-01-16 08:00:27","2017-01-27 23:59:00","2017-01-18 16:00:09",23,11.6250,28,6,0.8929,0.8333,14.6667,0,0.0000,0,0.0000,0.0714,0.4643,26,0.9286,25,0.8929,1,0.0357,0,0.0000,0,6,5,0.1786,5,0.1786,0,0.0000,1,1,0.0357,1,0.0357,0,0.0000,0,0,3,0.1071,0
24,FAB,"Hyperledger Fabric",Hyperledger,2802,"Sprint 10 - Ledger","2017-01-16 08:00:31","2017-01-27 23:59:00","2017-01-18 16:00:12",24,11.6250,47,8,0.8511,0.7500,6.8750,10,0.2128,0,0.0000,0.0851,0.6596,35,0.7447,27,0.5745,8,0.1702,1,0.0213,0,6,6,0.1277,3,0.0638,3,0.0638,7,5,0.1064,0,0.0000,5,0.1064,0,0,7,0.1489,0
24,FAB,"Hyperledger Fabric",Hyperledger,2815,"Sprint 10 - Gossip","2017-01-16 08:00:56","2017-01-27 23:59:00","2017-01-18 16:00:32",25,11.6250,11,4,1.0000,1.0000,18.7500,1,0.0909,0,0.0000,0.0000,0.7273,11,1.0000,11,1.0000,0,0.0000,0,0.0000,0,1,1,0.0909,1,0.0909,0,0.0000,0,0,0.0000,0,0.0000,0,0.0000,0,0,0,0.0000,0
24,FAB,"Hyperledger Fabric",Hyperledger,2830,"Sprint 11 - Ledger","2017-01-30 08:00:07","2017-02-13 08:00:00","2017-02-02 03:12:05",26,13.9583,12,4,0.8333,0.7500,15.2500,4,0.3333,0,0.0000,0.0000,0.5000,12,1.0000,11,0.9167,1,0.0833,0,0.0000,0,4,4,0.3333,4,0.3333,0,0.0000,4,4,0.3333,4,0.3333,0,0.0000,0,0,6,0.5000,0
24,FAB,"Hyperledger Fabric",Hyperledger,2820,"Sprint 11 - consensus","2017-01-30 20:00:10","2017-02-13 20:00:00","2017-02-02 15:12:08",27,13.9583,77,3,0.9221,1.0000,47.6667,3,0.0390,0,0.0000,0.7662,0.9091,72,0.9351,70,0.9091,2,0.0260,0,0.0000,0,9,9,0.1169,8,0.1039,1,0.0130,4,4,0.0519,4,0.0519,0,0.0000,0,0,0,0.0000,0
24,FAB,"Hyperledger Fabric",Hyperledger,2776,"Sprint 12 - Crypto","2017-02-13 08:00:36","2017-02-27 21:23:00","2017-02-16 05:53:04",28,14.5417,14,4,0.9286,0.7500,25.2500,1,0.0714,0,0.0000,0.0000,0.7857,5,0.3571,4,0.2857,1,0.0714,0,0.0000,0,2,1,0.0714,1,0.0714,0,0.0000,1,1,0.0714,0,0.0000,1,0.0714,0,0,5,0.3571,0
24,FAB,"Hyperledger Fabric",Hyperledger,2822,"Sprint 12 - Ledger","2017-02-13 21:24:19","2017-02-27 21:24:00","2017-02-16 16:36:15",29,13.9583,18,8,0.8333,0.8750,17.1250,10,0.5556,1,0.0556,0.0000,0.5000,11,0.6111,10,0.5556,1,0.0556,0,0.0000,0,4,4,0.2222,4,0.2222,0,0.0000,1,1,0.0556,1,0.0556,0,0.0000,0,0,4,0.2222,0
24,FAB,"Hyperledger Fabric",Hyperledger,2779,"Sprint 13 - Ledger","2017-02-27 08:00:51","2017-03-13 08:00:00","2017-03-02 03:12:40",30,13.9583,20,6,1.0000,1.0000,19.3333,5,0.2500,2,0.1000,0.0000,0.7500,20,1.0000,19,0.9500,1,0.0500,0,0.0000,0,1,1,0.0500,1,0.0500,0,0.0000,1,1,0.0500,1,0.0500,0,0.0000,0,0,3,0.1500,0
24,FAB,"Hyperledger Fabric",Hyperledger,2795,"Sprint 16 - Quality","2017-04-10 08:00:00","2017-04-24 08:00:00","2017-04-13 03:12:00",32,14.0000,22,9,0.9545,1.0000,33.4444,0,0.0000,2,0.0909,0.0000,0.7273,21,0.9545,20,0.9091,1,0.0455,0,0.0000,1,0,0,0.0000,0,0.0000,0,0.0000,1,1,0.0455,0,0.0000,1,0.0455,0,0,1,0.0455,0
24,FAB,"Hyperledger Fabric",Hyperledger,2789,"Sprint 18 - Quality","2017-05-01 08:00:56","2017-05-15 08:00:00","2017-05-04 03:12:44",33,13.9583,27,5,0.7037,1.0000,40.8000,1,0.0370,3,0.1111,0.0370,0.4815,17,0.6296,15,0.5556,2,0.0741,0,0.0000,0,7,6,0.2222,4,0.1481,2,0.0741,10,8,0.2963,8,0.2963,0,0.0000,0,0,12,0.4444,0
24,FAB,"Hyperledger Fabric",Hyperledger,2770,"Sprint 7 - Hygiene","2018-03-26 00:00:48","2018-04-09 00:00:00","2018-03-28 19:12:38",34,13.9583,12,3,0.9167,1.0000,103.6667,1,0.0833,0,0.0000,0.0000,0.9167,8,0.6667,5,0.4167,3,0.2500,0,0.0000,0,3,3,0.2500,0,0.0000,3,0.2500,14,8,0.6667,1,0.0833,7,0.5833,0,0,7,0.5833,0
24,FAB,"Hyperledger Fabric",Hyperledger,2765,"May2018 - NextGen Endorsement","2018-05-07 01:58:01","2018-06-01 03:59:00","2018-05-12 02:22:12",35,25.0833,93,8,0.9785,1.0000,90.1250,2,0.0215,4,0.0430,0.0000,0.9355,31,0.3333,20,0.2151,11,0.1183,31,0.3333,0,11,11,0.1183,9,0.0968,2,0.0215,16,14,0.1505,6,0.0645,8,0.0860,0,0,84,0.9032,1
24,FAB,"Hyperledger Fabric",Hyperledger,2763,"May2018 - Security","2018-05-07 10:31:46","2018-06-01 03:59:00","2018-05-12 09:13:12",36,24.7083,20,4,0.9500,1.0000,28.5000,0,0.0000,0,0.0000,0.0000,0.9500,4,0.2000,4,0.2000,0,0.0000,1,0.0500,0,0,0,0.0000,0,0.0000,0,0.0000,0,0,0.0000,0,0.0000,0,0.0000,0,0,7,0.3500,0
25,INDY,"Hyperledger Indy Node",Hyperledger,2740,10,"2017-08-03 08:00:32","2017-08-16 08:00:00","2017-08-05 22:24:25",8,12.9583,29,5,0.9655,0.8000,42.4000,14,0.4828,3,0.1034,0.0690,1.0000,4,0.1379,2,0.0690,2,0.0690,0,0.0000,1,94,27,0.9310,22,0.7586,5,0.1724,6,5,0.1724,1,0.0345,4,0.1379,0,0,0,0.0000,0
25,INDY,"Hyperledger Indy Node",Hyperledger,2739,11,"2017-08-17 16:46:31","2017-08-30 16:46:00","2017-08-20 07:10:24",9,12.9583,24,7,0.9167,0.7143,37.0000,8,0.3333,1,0.0417,0.1667,0.9583,15,0.6250,15,0.6250,0,0.0000,0,0.0000,0,59,19,0.7917,18,0.7500,1,0.0417,8,7,0.2917,6,0.2500,1,0.0417,0,0,0,0.0000,0
25,INDY,"Hyperledger Indy Node",Hyperledger,2738,12,"2017-08-31 12:28:02","2017-09-13 12:28:00","2017-09-03 02:52:01",10,12.9583,12,4,0.8333,1.0000,57.5000,10,0.8333,1,0.0833,0.0833,0.7500,3,0.2500,1,0.0833,2,0.1667,0,0.0000,0,28,11,0.9167,9,0.7500,2,0.1667,6,6,0.5000,4,0.3333,2,0.1667,0,0,0,0.0000,0
25,INDY,"Hyperledger Indy Node",Hyperledger,2736,13,"2017-09-14 09:56:46","2017-09-28 09:56:00","2017-09-17 05:08:36",11,13.9583,25,5,0.9200,1.0000,68.4000,10,0.4000,7,0.2800,0.5200,0.8000,9,0.3600,3,0.1200,6,0.2400,0,0.0000,1,55,20,0.8000,15,0.6000,5,0.2000,33,24,0.9600,22,0.8800,2,0.0800,0,0,0,0.0000,0
25,INDY,"Hyperledger Indy Node",Hyperledger,2735,14,"2017-09-28 08:34:10","2017-10-12 08:34:00","2017-10-01 03:46:08",12,13.9583,35,12,0.9143,0.8333,36.4167,21,0.6000,1,0.0286,0.4000,0.5714,9,0.2571,3,0.0857,6,0.1714,0,0.0000,1,55,31,0.8857,9,0.2571,22,0.6286,8,7,0.2000,4,0.1143,3,0.0857,0,0,0,0.0000,0
25,INDY,"Hyperledger Indy Node",Hyperledger,2734,"INDY 17.21","2017-10-12 08:43:54","2017-10-26 08:43:00","2017-10-15 03:55:43",13,13.9583,10,3,1.0000,1.0000,50.0000,7,0.7000,1,0.1000,0.3000,1.0000,8,0.8000,4,0.4000,4,0.4000,0,0.0000,0,28,8,0.8000,7,0.7000,1,0.1000,5,5,0.5000,1,0.1000,4,0.4000,0,0,0,0.0000,0
25,INDY,"Hyperledger Indy Node",Hyperledger,2732,"INDY 17.23","2017-11-09 07:50:13","2017-11-23 07:50:00","2017-11-12 03:02:10",14,13.9583,12,3,0.7500,1.0000,58.3333,7,0.5833,1,0.0833,0.3333,1.0000,7,0.5833,5,0.4167,2,0.1667,0,0.0000,0,23,10,0.8333,8,0.6667,2,0.1667,12,11,0.9167,11,0.9167,0,0.0000,0,0,0,0.0000,0
25,INDY,"Hyperledger Indy Node",Hyperledger,2730,"INDY 17.25","2017-12-07 15:03:17","2017-12-21 15:03:00","2017-12-10 10:15:13",15,13.9583,12,6,1.0000,0.8333,59.6667,6,0.5000,0,0.0000,0.3333,0.8333,0,0.0000,0,0.0000,0,0.0000,0,0.0000,0,18,12,1.0000,4,0.3333,8,0.6667,6,5,0.4167,4,0.3333,1,0.0833,0,0,0,0.0000,0
25,INDY,"Hyperledger Indy Node",Hyperledger,2727,"Sprint 18.03 Stability","2018-02-01 08:07:35","2018-02-15 08:07:00","2018-02-04 03:19:28",17,13.9583,24,8,0.8750,0.7500,23.1250,11,0.4583,2,0.0833,0.5417,0.9583,16,0.6667,6,0.2500,10,0.4167,0,0.0000,1,42,20,0.8333,15,0.6250,5,0.2083,20,17,0.7083,7,0.2917,10,0.4167,0,0,0,0.0000,0
25,INDY,"Hyperledger Indy Node",Hyperledger,2725,"Sprint 18.05","2018-03-01 07:52:35","2018-03-15 07:52:00","2018-03-04 03:04:28",18,13.9583,25,7,0.7200,0.7143,19.0000,9,0.3600,0,0.0000,0.6400,0.8800,7,0.2800,5,0.2000,2,0.0800,0,0.0000,1,38,21,0.8400,20,0.8000,1,0.0400,12,10,0.4000,8,0.3200,2,0.0800,0,0,0,0.0000,0
25,INDY,"Hyperledger Indy Node",Hyperledger,2723,"18.07 Stability & Monitoring","2018-03-29 08:36:04","2018-04-12 08:36:00","2018-04-01 03:48:03",19,13.9583,22,9,0.8182,0.8889,25.2222,8,0.3636,4,0.1818,0.5000,0.9091,11,0.5000,6,0.2727,5,0.2273,0,0.0000,0,9,9,0.4091,8,0.3636,1,0.0455,12,11,0.5000,9,0.4091,2,0.0909,0,0,0,0.0000,0
25,INDY,"Hyperledger Indy Node",Hyperledger,2720,"EV 18.10 Stability and VC","2018-05-11 13:14:17","2018-05-25 13:14:00","2018-05-14 08:26:13",20,13.9583,10,5,1.0000,1.0000,84.2000,5,0.5000,1,0.1000,0.5000,0.8000,3,0.3000,3,0.3000,0,0.0000,0,0.0000,0,17,9,0.9000,9,0.9000,0,0.0000,8,6,0.6000,6,0.6000,0,0.0000,0,0,0,0.0000,0
25,INDY,"Hyperledger Indy Node",Hyperledger,2719,"EV 18.11 Stability/ViewChange","2018-05-25 13:33:40","2018-06-08 13:33:00","2018-05-28 08:45:32",21,13.9583,19,7,1.0000,0.8571,27.0000,6,0.3158,1,0.0526,0.6842,1.0000,1,0.0526,1,0.0526,0,0.0000,0,0.0000,0,24,11,0.5789,9,0.4737,2,0.1053,4,3,0.1579,1,0.0526,2,0.1053,0,0,0,0.0000,0
25,INDY,"Hyperledger Indy Node",Hyperledger,2718,"EV 18.12 Release RocksDB","2018-06-08 05:59:54","2018-06-22 05:59:00","2018-06-11 01:11:43",22,13.9583,16,6,1.0000,1.0000,46.5000,3,0.1875,0,0.0000,0.8125,0.9375,4,0.2500,1,0.0625,3,0.1875,0,0.0000,0,29,13,0.8125,9,0.5625,4,0.2500,7,6,0.3750,4,0.2500,2,0.1250,0,0,0,0.0000,0
25,INDY,"Hyperledger Indy Node",Hyperledger,2717,"EV 18.13 Benchmark hardening","2018-06-22 14:45:07","2018-07-05 14:45:00","2018-06-25 05:09:05",23,12.9583,15,6,1.0000,1.0000,39.1667,8,0.5333,0,0.0000,0.4667,0.8667,5,0.3333,4,0.2667,1,0.0667,0,0.0000,0,23,12,0.8000,11,0.7333,1,0.0667,9,9,0.6000,6,0.4000,3,0.2000,0,0,0,0.0000,0
25,INDY,"Hyperledger Indy Node",Hyperledger,2716,"EV 18.14 Monitoring/Stability","2018-07-06 11:51:11","2018-07-19 11:51:00","2018-07-09 02:15:08",24,12.9583,26,9,0.9615,0.8889,38.5556,9,0.3462,0,0.0000,0.6538,0.9231,11,0.4231,10,0.3846,1,0.0385,0,0.0000,0,38,20,0.7692,19,0.7308,1,0.0385,13,11,0.4231,9,0.3462,2,0.0769,0,0,0,0.0000,0
25,INDY,"Hyperledger Indy Node",Hyperledger,2715,"EV 18.15 Stability/Availabilit","2018-07-20 13:48:39","2018-08-02 13:48:00","2018-07-23 04:12:31",25,12.9583,24,8,0.8750,1.0000,34.0000,7,0.2917,1,0.0417,0.7083,1.0000,4,0.1667,2,0.0833,2,0.0833,0,0.0000,0,33,16,0.6667,15,0.6250,1,0.0417,5,5,0.2083,3,0.1250,2,0.0833,0,0,0,0.0000,0
25,INDY,"Hyperledger Indy Node",Hyperledger,2714,"EV 18.16 Releasing 1.6","2018-08-03 13:45:46","2018-08-16 13:45:00","2018-08-06 04:09:36",26,12.9583,21,9,0.8095,1.0000,46.4444,8,0.3810,0,0.0000,0.6190,0.9524,9,0.4286,9,0.4286,0,0.0000,0,0.0000,0,34,16,0.7619,16,0.7619,0,0.0000,16,9,0.4286,9,0.4286,0,0.0000,0,0,0,0.0000,0
25,INDY,"Hyperledger Indy Node",Hyperledger,2713,"EV 18.17 Service Pack","2018-08-17 13:59:25","2018-08-30 13:59:00","2018-08-20 04:23:20",27,12.9583,24,9,1.0000,0.8889,44.4444,9,0.3750,0,0.0000,0.6250,0.9583,8,0.3333,8,0.3333,0,0.0000,0,0.0000,1,34,17,0.7083,17,0.7083,0,0.0000,9,6,0.2500,6,0.2500,0,0.0000,0,0,0,0.0000,0
25,INDY,"Hyperledger Indy Node",Hyperledger,2712,"EV 18.18 Service Pack 2","2018-08-31 14:01:25","2018-09-13 14:01:00","2018-09-03 04:25:20",28,12.9583,21,10,0.9524,0.8000,39.4000,7,0.3333,1,0.0476,0.6667,0.9524,3,0.1429,2,0.0952,1,0.0476,0,0.0000,0,36,14,0.6667,12,0.5714,2,0.0952,4,4,0.1905,4,0.1905,0,0.0000,0,0,0,0.0000,0
25,INDY,"Hyperledger Indy Node",Hyperledger,2710,"Ev 18.20","2018-09-28 14:40:13","2018-10-12 14:40:00","2018-10-01 09:52:10",29,13.9583,23,8,0.7826,1.0000,38.8750,14,0.6087,2,0.0870,0.3478,0.9130,7,0.3043,4,0.1739,3,0.1304,0,0.0000,0,46,19,0.8261,19,0.8261,0,0.0000,12,11,0.4783,7,0.3043,4,0.1739,0,0,0,0.0000,0
25,INDY,"Hyperledger Indy Node",Hyperledger,2708,"Ev 18.22","2018-10-26 13:36:39","2018-11-09 13:36:00","2018-10-29 08:48:31",30,13.9583,21,10,0.9524,1.0000,42.8000,5,0.2381,0,0.0000,0.7143,1.0000,4,0.1905,4,0.1905,0,0.0000,0,0.0000,0,31,13,0.6190,13,0.6190,0,0.0000,9,8,0.3810,6,0.2857,2,0.0952,0,0,0,0.0000,0
25,INDY,"Hyperledger Indy Node",Hyperledger,2707,"Ev 18.23","2018-11-09 14:47:19","2018-11-22 14:47:00","2018-11-12 05:11:15",31,12.9583,19,10,1.0000,0.9000,42.5000,6,0.3158,0,0.0000,0.6842,1.0000,2,0.1053,1,0.0526,1,0.0526,0,0.0000,0,25,9,0.4737,9,0.4737,0,0.0000,6,3,0.1579,3,0.1579,0,0.0000,0,0,0,0.0000,0
25,INDY,"Hyperledger Indy Node",Hyperledger,2706,"EV 18.24","2018-11-23 09:15:53","2018-12-06 09:15:00","2018-11-25 23:39:42",32,12.9583,28,10,0.9643,1.0000,52.8000,8,0.2857,1,0.0357,0.7143,0.9643,6,0.2143,5,0.1786,1,0.0357,0,0.0000,0,30,18,0.6429,15,0.5357,3,0.1071,11,10,0.3571,9,0.3214,1,0.0357,0,0,0,0.0000,0
25,INDY,"Hyperledger Indy Node",Hyperledger,2705,"Ev 18.25","2018-12-07 14:52:03","2018-12-20 14:52:00","2018-12-10 05:16:02",33,12.9583,23,6,0.9130,1.0000,61.1667,3,0.1304,1,0.0435,0.8696,0.9130,8,0.3478,7,0.3043,1,0.0435,0,0.0000,0,32,18,0.7826,18,0.7826,0,0.0000,9,9,0.3913,8,0.3478,1,0.0435,0,0,0,0.0000,0
25,INDY,"Hyperledger Indy Node",Hyperledger,2703,"Ev-Node 19.02","2019-01-18 15:02:24","2019-01-31 15:02:00","2019-01-21 05:26:19",34,12.9583,12,4,1.0000,1.0000,72.5000,6,0.5000,0,0.0000,0.5000,1.0000,1,0.0833,1,0.0833,0,0.0000,0,0.0000,0,13,7,0.5833,7,0.5833,0,0.0000,5,5,0.4167,5,0.4167,0,0.0000,0,0,0,0.0000,0
25,INDY,"Hyperledger Indy Node",Hyperledger,2702,"Ev-Node 19.03","2019-02-01 14:16:13","2019-02-15 14:16:00","2019-02-04 09:28:10",35,13.9583,11,4,1.0000,1.0000,79.0000,6,0.5455,1,0.0909,0.4545,0.9091,2,0.1818,1,0.0909,1,0.0909,0,0.0000,0,22,11,1.0000,11,1.0000,0,0.0000,3,3,0.2727,2,0.1818,1,0.0909,0,0,0,0.0000,0
25,INDY,"Hyperledger Indy Node",Hyperledger,2701,"Ev-Node 19.04","2019-02-15 14:44:34","2019-03-01 14:44:00","2019-02-18 09:56:27",36,13.9583,10,6,1.0000,1.0000,67.1667,0,0.0000,0,0.0000,1.0000,0.9000,6,0.6000,6,0.6000,0,0.0000,0,0.0000,0,10,6,0.6000,6,0.6000,0,0.0000,7,7,0.7000,7,0.7000,0,0.0000,0,0,0,0.0000,0
25,INDY,"Hyperledger Indy Node",Hyperledger,2697,"Ev-Node 19.08","2019-04-12 14:01:05","2019-04-26 14:01:00","2019-04-15 09:13:04",37,13.9583,12,4,1.0000,1.0000,93.5000,6,0.5000,0,0.0000,0.5000,1.0000,5,0.4167,5,0.4167,0,0.0000,0,0.0000,0,19,8,0.6667,6,0.5000,2,0.1667,4,4,0.3333,3,0.2500,1,0.0833,0,0,10,0.8333,0
25,INDY,"Hyperledger Indy Node",Hyperledger,2695,"Ev-Node 19.10","2019-05-13 13:45:53","2019-05-24 13:45:00","2019-05-15 18:33:42",38,10.9583,13,5,0.9231,0.8000,76.8000,2,0.1538,0,0.0000,0.8462,0.9231,6,0.4615,6,0.4615,0,0.0000,0,0.0000,0,21,12,0.9231,8,0.6154,4,0.3077,15,8,0.6154,7,0.5385,1,0.0769,0,0,9,0.6923,0
25,INDY,"Hyperledger Indy Node",Hyperledger,2694,"Ev-Node 19.11","2019-05-24 14:21:48","2019-06-07 14:21:00","2019-05-27 09:33:38",39,13.9583,15,8,1.0000,0.8750,56.0000,6,0.4000,2,0.1333,0.6000,1.0000,4,0.2667,3,0.2000,1,0.0667,0,0.0000,0,14,11,0.7333,10,0.6667,1,0.0667,1,1,0.0667,1,0.0667,0,0.0000,0,0,13,0.8667,0
25,INDY,"Hyperledger Indy Node",Hyperledger,2693,"Ev-Node 19.12","2019-06-07 14:00:45","2019-06-21 14:00:00","2019-06-10 09:12:36",40,13.9583,13,5,0.7692,1.0000,83.4000,3,0.2308,0,0.0000,0.7692,0.9231,4,0.3077,3,0.2308,1,0.0769,0,0.0000,0,13,11,0.8462,9,0.6923,2,0.1538,5,4,0.3077,4,0.3077,0,0.0000,0,0,13,1.0000,1
25,INDY,"Hyperledger Indy Node",Hyperledger,2690,"Ev-Node 19.15","2019-07-22 14:03:58","2019-08-02 14:03:00","2019-07-24 18:51:46",41,10.9583,10,3,1.0000,1.0000,120.6667,2,0.2000,0,0.0000,0.8000,1.0000,3,0.3000,0,0.0000,3,0.3000,0,0.0000,0,13,8,0.8000,6,0.6000,2,0.2000,4,4,0.4000,2,0.2000,2,0.2000,0,0,8,0.8000,0
25,INDY,"Hyperledger Indy Node",Hyperledger,2689,"Ev-Node 19.16","2019-08-02 14:04:26","2019-08-16 14:04:00","2019-08-05 09:16:20",42,13.9583,10,4,0.7000,1.0000,108.0000,4,0.4000,0,0.0000,0.6000,0.8000,5,0.5000,3,0.3000,2,0.2000,0,0.0000,0,8,6,0.6000,6,0.6000,0,0.0000,8,6,0.6000,5,0.5000,1,0.1000,0,0,9,0.9000,1
25,INDY,"Hyperledger Indy Node",Hyperledger,2688,"Ev-Node 19.17","2019-08-16 16:09:48","2019-08-30 16:09:00","2019-08-19 11:21:38",43,13.9583,12,5,1.0000,0.8000,86.0000,6,0.5000,1,0.0833,0.5000,1.0000,3,0.2500,3,0.2500,0,0.0000,0,0.0000,0,13,6,0.5000,6,0.5000,0,0.0000,3,3,0.2500,3,0.2500,0,0.0000,0,0,5,0.4167,0
25,INDY,"Hyperledger Indy Node",Hyperledger,2683,"Ev-Node 19.22","2019-10-25 14:31:38","2019-11-08 14:31:00","2019-10-28 09:43:30",44,13.9583,10,5,1.0000,0.8000,86.8000,2,0.2000,0,0.0000,0.8000,1.0000,2,0.2000,1,0.1000,1,0.1000,0,0.0000,0,16,8,0.8000,6,0.6000,2,0.2000,3,3,0.3000,2,0.2000,1,0.1000,0,0,8,0.8000,0
25,INDY,"Hyperledger Indy Node",Hyperledger,2682,"Ev-Node 19.23","2019-11-08 16:10:18","2019-11-22 16:10:00","2019-11-11 11:22:14",45,13.9583,11,5,1.0000,1.0000,104.0000,2,0.1818,0,0.0000,0.8182,0.9091,3,0.2727,2,0.1818,1,0.0909,0,0.0000,0,17,10,0.9091,7,0.6364,3,0.2727,6,5,0.4545,4,0.3636,1,0.0909,0,0,6,0.5455,0
25,INDY,"Hyperledger Indy Node",Hyperledger,2678,"Ev-Node 19.26","2019-12-20 14:58:41","2020-01-17 14:58:00","2019-12-26 05:22:32",46,27.9583,10,4,0.7000,1.0000,119.5000,5,0.5000,1,0.1000,0.5000,0.9000,5,0.5000,3,0.3000,2,0.2000,0,0.0000,0,17,10,1.0000,8,0.8000,2,0.2000,7,7,0.7000,5,0.5000,2,0.2000,0,0,10,1.0000,1
26,IS,"Hyperledger Indy SDK",Hyperledger,2624,"LibINDY Sprint 7","2017-08-15 16:14:31","2017-08-30 16:14:00","2017-08-18 16:14:24",7,14.9583,27,5,0.9259,0.8000,23.4000,10,0.3704,0,0.0000,0.5926,0.7778,19,0.7037,5,0.1852,14,0.5185,0,0.0000,0,40,23,0.8519,16,0.5926,7,0.2593,33,26,0.9630,5,0.1852,21,0.7778,0,0,21,0.7778,0
26,IS,"Hyperledger Indy SDK",Hyperledger,2623,"LibINDY Sprint 8","2017-08-31 16:34:20","2017-09-13 16:34:00","2017-09-03 06:58:16",8,12.9583,15,5,0.8000,0.8000,35.4000,1,0.0667,0,0.0000,0.8667,0.6000,2,0.1333,2,0.1333,0,0.0000,1,0.0667,1,7,6,0.4000,4,0.2667,2,0.1333,2,2,0.1333,2,0.1333,0,0.0000,0,0,8,0.5333,0
26,IS,"Hyperledger Indy SDK",Hyperledger,2621,"LibINDY Sprint 10","2017-09-28 13:40:13","2017-10-12 13:40:00","2017-10-01 08:52:10",9,13.9583,15,4,1.0000,1.0000,49.2500,4,0.2667,0,0.0000,0.5333,0.8667,9,0.6000,7,0.4667,2,0.1333,0,0.0000,0,10,8,0.5333,6,0.4000,2,0.1333,13,13,0.8667,7,0.4667,6,0.4000,0,0,10,0.6667,0
26,IS,"Hyperledger Indy SDK",Hyperledger,2619,"LibINDY 17.22","2017-10-26 12:31:14","2017-11-09 12:31:00","2017-10-29 07:43:11",11,13.9583,15,4,1.0000,0.7500,49.7500,2,0.1333,0,0.0000,0.8000,0.9333,13,0.8667,5,0.3333,8,0.5333,0,0.0000,0,28,14,0.9333,11,0.7333,3,0.2000,9,6,0.4000,6,0.4000,0,0.0000,0,0,13,0.8667,0
26,IS,"Hyperledger Indy SDK",Hyperledger,2609,18.06,"2018-03-15 20:51:04","2018-03-29 20:51:00","2018-03-18 16:03:03",14,13.9583,14,4,0.7143,1.0000,65.5000,4,0.2857,0,0.0000,0.7143,0.9286,2,0.1429,1,0.0714,1,0.0714,0,0.0000,0,19,11,0.7857,7,0.5000,4,0.2857,13,11,0.7857,11,0.7857,0,0.0000,0,0,3,0.2143,0
26,IS,"Hyperledger Indy SDK",Hyperledger,2607,"18.08 Wallets+","2018-04-12 13:22:45","2018-04-26 13:22:00","2018-04-15 08:34:36",15,13.9583,21,5,1.0000,0.8000,59.0000,1,0.0476,1,0.0476,0.9524,1.0000,6,0.2857,5,0.2381,1,0.0476,0,0.0000,0,43,21,1.0000,21,1.0000,0,0.0000,20,17,0.8095,17,0.8095,0,0.0000,0,0,17,0.8095,0
26,IS,"Hyperledger Indy SDK",Hyperledger,2604,"EV 18.10 Stability and VC","2018-05-11 13:14:17","2018-05-25 13:14:00","2018-05-14 08:26:13",16,13.9583,28,7,0.9286,0.8571,47.5714,2,0.0714,0,0.0000,0.7857,0.8571,0,0.0000,0,0.0000,0,0.0000,0,0.0000,0,30,15,0.5357,15,0.5357,0,0.0000,11,11,0.3929,0,0.0000,11,0.3929,0,0,21,0.7500,0
26,IS,"Hyperledger Indy SDK",Hyperledger,2603,"EV 18.11 Payments/Performance","2018-05-25 13:24:54","2018-06-08 13:24:00","2018-05-28 08:36:43",17,13.9583,15,6,1.0000,0.8333,59.3333,3,0.2000,1,0.0667,0.8000,1.0000,5,0.3333,5,0.3333,0,0.0000,0,0.0000,0,20,14,0.9333,13,0.8667,1,0.0667,8,5,0.3333,5,0.3333,0,0.0000,0,0,12,0.8000,0
26,IS,"Hyperledger Indy SDK",Hyperledger,2601,"EV 18.12 Release New Wallet","2018-06-08 13:08:49","2018-06-22 13:08:00","2018-06-11 08:20:39",18,13.9583,16,3,1.0000,1.0000,52.6667,7,0.4375,0,0.0000,0.5625,1.0000,3,0.1875,3,0.1875,0,0.0000,0,0.0000,0,39,15,0.9375,14,0.8750,1,0.0625,3,3,0.1875,3,0.1875,0,0.0000,0,0,13,0.8125,0
26,IS,"Hyperledger Indy SDK",Hyperledger,2597,"EV 18.16","2018-08-03 13:52:58","2018-08-16 13:52:00","2018-08-06 04:16:46",21,12.9583,23,5,1.0000,0.8000,57.6000,9,0.3913,0,0.0000,0.6087,0.9565,4,0.1739,4,0.1739,0,0.0000,0,0.0000,0,46,20,0.8696,18,0.7826,2,0.0870,11,10,0.4348,10,0.4348,0,0.0000,0,0,21,0.9130,1
26,IS,"Hyperledger Indy SDK",Hyperledger,2593,"Ev 18.20","2018-09-28 15:29:02","2018-10-12 15:29:00","2018-10-01 10:41:01",24,13.9583,20,6,0.8500,0.8333,80.6667,8,0.4000,2,0.1000,0.6000,0.9000,6,0.3000,5,0.2500,1,0.0500,0,0.0000,0,23,15,0.7500,14,0.7000,1,0.0500,13,13,0.6500,13,0.6500,0,0.0000,0,0,16,0.8000,0
26,IS,"Hyperledger Indy SDK",Hyperledger,2592,"EV 18.21","2018-10-12 15:25:28","2018-10-26 15:25:00","2018-10-15 10:37:22",25,13.9583,13,4,0.7692,0.7500,83.5000,1,0.0769,0,0.0000,0.9231,0.6923,0,0.0000,0,0.0000,0,0.0000,0,0.0000,0,11,9,0.6923,6,0.4615,3,0.2308,6,5,0.3846,5,0.3846,0,0.0000,0,0,9,0.6923,0
26,IS,"Hyperledger Indy SDK",Hyperledger,2590,"EV 18.23","2018-11-09 14:29:55","2018-11-22 14:29:00","2018-11-12 04:53:44",26,12.9583,17,6,0.9412,1.0000,82.0000,4,0.2353,1,0.0588,0.7647,1.0000,4,0.2353,4,0.2353,0,0.0000,0,0.0000,0,21,16,0.9412,13,0.7647,3,0.1765,5,4,0.2353,4,0.2353,0,0.0000,0,0,8,0.4706,0
26,IS,"Hyperledger Indy SDK",Hyperledger,2589,"EV 18.24","2018-11-23 09:06:18","2018-12-09 09:06:00","2018-11-26 13:54:14",27,15.9583,18,6,0.8889,0.8333,71.3333,4,0.2222,1,0.0556,0.7778,0.8889,0,0.0000,0,0.0000,0,0.0000,1,0.0556,0,20,15,0.8333,12,0.6667,3,0.1667,7,7,0.3889,7,0.3889,0,0.0000,0,0,16,0.8889,0
26,IS,"Hyperledger Indy SDK",Hyperledger,2588,"EV 18.25","2018-12-07 14:30:59","2018-12-21 14:30:00","2018-12-10 09:42:47",28,13.9583,11,3,1.0000,1.0000,64.3333,3,0.2727,0,0.0000,0.7273,1.0000,0,0.0000,0,0.0000,0,0.0000,0,0.0000,0,9,9,0.8182,8,0.7273,1,0.0909,3,3,0.2727,3,0.2727,0,0.0000,0,0,8,0.7273,0
26,IS,"Hyperledger Indy SDK",Hyperledger,2586,"EV 19.02","2019-01-18 14:28:49","2019-01-31 14:28:00","2019-01-21 04:52:39",29,12.9583,11,5,0.8182,0.8000,51.2000,2,0.1818,0,0.0000,0.7273,1.0000,5,0.4545,5,0.4545,0,0.0000,0,0.0000,0,14,10,0.9091,9,0.8182,1,0.0909,6,3,0.2727,3,0.2727,0,0.0000,0,0,11,1.0000,1
26,IS,"Hyperledger Indy SDK",Hyperledger,2585,"Ev 19.03","2019-02-01 13:55:31","2019-02-15 13:55:00","2019-02-04 09:07:24",30,13.9583,10,5,0.9000,1.0000,78.4000,2,0.2000,0,0.0000,0.8000,0.9000,3,0.3000,3,0.3000,0,0.0000,0,0.0000,0,7,5,0.5000,5,0.5000,0,0.0000,1,1,0.1000,1,0.1000,0,0.0000,0,0,6,0.6000,0
26,IS,"Hyperledger Indy SDK",Hyperledger,2584,"EV 19.04","2019-02-15 14:19:07","2019-03-01 14:19:00","2019-02-18 09:31:05",31,13.9583,17,7,1.0000,0.8571,58.1429,6,0.3529,0,0.0000,0.6471,0.9412,4,0.2353,3,0.1765,1,0.0588,0,0.0000,1,23,15,0.8824,15,0.8824,0,0.0000,18,12,0.7059,12,0.7059,0,0.0000,0,0,10,0.5882,0
26,IS,"Hyperledger Indy SDK",Hyperledger,2571,"Indy SDK 19.17","2019-08-16 09:35:27","2019-08-30 09:35:00","2019-08-19 04:47:21",34,13.9583,11,3,0.8182,1.0000,80.3333,4,0.3636,0,0.0000,0.6364,0.7273,1,0.0909,0,0.0000,1,0.0909,0,0.0000,0,17,8,0.7273,8,0.7273,0,0.0000,2,2,0.1818,0,0.0000,2,0.1818,0,0,8,0.7273,0
27,STL,"Hyperledger Sawtooth",Hyperledger,2549,"Sprint 39","2017-07-24 15:36:06","2017-08-07 15:36:00","2017-07-27 10:48:04",6,13.9583,14,8,1.0000,1.0000,30.3750,1,0.0714,0,0.0000,1.0000,0.8571,2,0.1429,0,0.0000,2,0.1429,0,0.0000,1,0,0,0.0000,0,0.0000,0,0.0000,1,1,0.0714,0,0.0000,1,0.0714,0,1,3,0.2143,0
27,STL,"Hyperledger Sawtooth",Hyperledger,2548,"Sprint 40","2017-08-07 15:47:17","2017-08-21 15:47:00","2017-08-10 10:59:13",7,13.9583,17,11,1.0000,1.0000,33.3636,0,0.0000,0,0.0000,1.0000,0.9412,4,0.2353,1,0.0588,3,0.1765,0,0.0000,0,2,2,0.1176,0,0.0000,2,0.1176,3,3,0.1765,0,0.0000,3,0.1765,0,1,4,0.2353,0
27,STL,"Hyperledger Sawtooth",Hyperledger,2547,"Sprint 41","2017-08-28 15:21:10","2017-09-11 15:21:00","2017-08-31 10:33:08",8,13.9583,36,9,1.0000,1.0000,34.7778,1,0.0278,0,0.0000,1.0000,0.9167,0,0.0000,0,0.0000,0,0.0000,0,0.0000,0,9,6,0.1667,5,0.1389,1,0.0278,17,13,0.3611,5,0.1389,8,0.2222,0,0,19,0.5278,0
27,STL,"Hyperledger Sawtooth",Hyperledger,2546,"Sprint 42","2017-09-11 16:08:40","2017-09-25 16:08:00","2017-09-14 11:20:32",9,13.9583,34,11,1.0000,1.0000,32.4545,3,0.0882,0,0.0000,1.0000,0.9706,5,0.1471,0,0.0000,5,0.1471,0,0.0000,0,5,5,0.1471,4,0.1176,1,0.0294,3,3,0.0882,0,0.0000,3,0.0882,0,0,14,0.4118,0
27,STL,"Hyperledger Sawtooth",Hyperledger,2545,"Sprint 43","2017-10-02 16:15:18","2017-10-16 16:15:00","2017-10-05 11:27:14",10,13.9583,22,6,1.0000,0.8333,40.0000,0,0.0000,0,0.0000,1.0000,0.8636,11,0.5000,5,0.2273,6,0.2727,0,0.0000,0,6,6,0.2727,0,0.0000,6,0.2727,17,11,0.5000,8,0.3636,3,0.1364,0,0,17,0.7727,0
27,STL,"Hyperledger Sawtooth",Hyperledger,2544,"Sprint 44","2017-10-16 19:20:03","2017-10-30 19:20:00","2017-10-19 14:32:02",11,13.9583,46,7,1.0000,1.0000,46.2857,1,0.0217,0,0.0000,1.0000,0.9565,5,0.1087,0,0.0000,5,0.1087,0,0.0000,1,6,5,0.1087,1,0.0217,4,0.0870,28,26,0.5652,23,0.5000,3,0.0652,0,0,27,0.5870,0
27,STL,"Hyperledger Sawtooth",Hyperledger,2543,"Sprint 45","2017-10-30 19:49:56","2017-11-27 19:49:00","2017-11-05 10:13:44",12,27.9583,51,9,1.0000,1.0000,50.4444,1,0.0196,1,0.0196,0.9608,0.7647,11,0.2157,8,0.1569,3,0.0588,0,0.0000,3,11,11,0.2157,9,0.1765,2,0.0392,23,16,0.3137,15,0.2941,1,0.0196,0,0,41,0.8039,0
27,STL,"Hyperledger Sawtooth",Hyperledger,2542,"Sprint 46","2017-11-27 18:03:33","2017-12-26 18:03:00","2017-12-03 13:15:26",13,28.9583,61,12,1.0000,0.7500,40.0000,5,0.0820,0,0.0000,0.9016,0.9016,42,0.6885,38,0.6230,4,0.0656,0,0.0000,2,35,33,0.5410,27,0.4426,6,0.0984,36,36,0.5902,28,0.4590,8,0.1311,0,0,48,0.7869,0
27,STL,"Hyperledger Sawtooth",Hyperledger,2541,"Sprint 47","2018-01-09 18:49:36","2018-01-31 18:49:00","2018-01-14 04:25:28",14,21.9583,52,8,0.9231,0.7500,46.2500,16,0.3077,8,0.1538,0.7115,0.7692,36,0.6923,31,0.5962,5,0.0962,1,0.0192,11,9,7,0.1346,6,0.1154,1,0.0192,5,5,0.0962,2,0.0385,3,0.0577,0,0,27,0.5192,0
27,STL,"Hyperledger Sawtooth",Hyperledger,2540,"Sprint 48","2018-02-01 19:35:26","2018-02-28 19:35:00","2018-02-07 05:11:20",15,26.9583,28,9,1.0000,0.7778,48.6667,16,0.5714,4,0.1429,0.4643,0.8929,16,0.5714,12,0.4286,4,0.1429,0,0.0000,2,7,7,0.2500,5,0.1786,2,0.0714,8,8,0.2857,5,0.1786,3,0.1071,0,0,21,0.7500,0
27,STL,"Hyperledger Sawtooth",Hyperledger,2539,"Sprint 49","2018-03-01 16:52:28","2018-03-30 16:52:00","2018-03-07 12:04:22",16,28.9583,38,10,0.9737,0.7000,54.8000,17,0.4474,2,0.0526,0.6579,0.6316,15,0.3947,8,0.2105,7,0.1842,0,0.0000,9,8,6,0.1579,3,0.0789,3,0.0789,3,3,0.0789,3,0.0789,0,0.0000,0,0,24,0.6316,0
27,STL,"Hyperledger Sawtooth",Hyperledger,2538,"Sprint 50","2018-04-02 16:40:26","2018-04-30 16:40:00","2018-04-08 07:04:20",17,27.9583,47,7,1.0000,1.0000,69.0000,1,0.0213,0,0.0000,1.0000,0.9574,26,0.5532,14,0.2979,12,0.2553,0,0.0000,5,13,13,0.2766,9,0.1915,4,0.0851,13,12,0.2553,12,0.2553,0,0.0000,0,0,26,0.5532,0
27,STL,"Hyperledger Sawtooth",Hyperledger,2537,"Sprint 51","2018-05-01 16:42:31","2018-05-31 16:42:00","2018-05-07 16:42:24",18,29.9583,46,8,1.0000,0.8750,58.7500,0,0.0000,0,0.0000,0.9783,0.8913,23,0.5000,15,0.3261,8,0.1739,0,0.0000,1,13,12,0.2609,4,0.0870,8,0.1739,3,3,0.0652,2,0.0435,1,0.0217,0,0,22,0.4783,0
27,STL,"Hyperledger Sawtooth",Hyperledger,2536,"Sprint 52","2018-06-04 19:45:22","2018-06-29 19:45:00","2018-06-09 19:45:17",19,24.9583,42,7,1.0000,1.0000,71.0000,0,0.0000,0,0.0000,1.0000,0.9762,3,0.0714,3,0.0714,0,0.0000,0,0.0000,1,8,8,0.1905,7,0.1667,1,0.0238,1,1,0.0238,1,0.0238,0,0.0000,0,0,29,0.6905,0
27,STL,"Hyperledger Sawtooth",Hyperledger,2534,"Sprint 54","2018-08-07 16:25:04","2018-08-31 16:25:00","2018-08-12 11:37:03",21,23.9583,18,4,1.0000,1.0000,57.0000,1,0.0556,0,0.0000,1.0000,1.0000,3,0.1667,3,0.1667,0,0.0000,0,0.0000,0,1,1,0.0556,1,0.0556,0,0.0000,1,1,0.0556,1,0.0556,0,0.0000,0,0,18,1.0000,1
27,STL,"Hyperledger Sawtooth",Hyperledger,2533,"Sprint 55","2018-09-05 16:17:59","2018-09-28 16:17:00","2018-09-10 06:41:47",22,22.9583,49,5,1.0000,1.0000,80.0000,6,0.1224,0,0.0000,0.7959,0.9592,32,0.6531,25,0.5102,7,0.1429,0,0.0000,0,22,14,0.2857,12,0.2449,2,0.0408,9,9,0.1837,2,0.0408,7,0.1429,0,0,48,0.9796,1
28,DM,"Lsstcorp Data management",Lsstcorp,3264,DB_S14_08,"2014-07-30 21:21:11","2014-08-29 21:21:00","2014-08-05 21:21:08",6,29.9583,10,3,1.0000,1.0000,63.0000,3,0.3000,0,0.0000,0.9000,0.8000,4,0.4000,4,0.4000,0,0.0000,0,0.0000,0,1,1,0.1000,1,0.1000,0,0.0000,6,5,0.5000,5,0.5000,0,0.0000,0,0,8,0.8000,0
28,DM,"Lsstcorp Data management",Lsstcorp,3260,DB_S14_9,"2014-09-02 16:59:46","2014-10-01 00:00:00","2014-09-08 08:47:48",7,28.2917,12,3,1.0000,1.0000,70.3333,1,0.0833,0,0.0000,0.9167,1.0000,1,0.0833,1,0.0833,0,0.0000,2,0.1667,0,2,2,0.1667,0,0.0000,2,0.1667,3,3,0.2500,1,0.0833,2,0.1667,0,0,12,1.0000,1
28,DM,"Lsstcorp Data management",Lsstcorp,3258,DB_S14_10,"2014-10-01 22:57:21","2014-10-31 22:57:00","2014-10-07 22:57:16",8,29.9583,16,3,1.0000,1.0000,76.3333,2,0.1250,0,0.0000,0.9375,1.0000,5,0.3125,2,0.1250,3,0.1875,0,0.0000,0,1,1,0.0625,1,0.0625,0,0.0000,4,4,0.2500,4,0.2500,0,0.0000,0,0,14,0.8750,0
28,DM,"Lsstcorp Data management",Lsstcorp,3257,"Science Pipelines DM-W15-1","2014-10-06 14:00:09","2014-11-01 03:00:00","2014-10-11 16:36:07",9,25.5000,24,5,1.0000,0.8000,44.0000,1,0.0417,0,0.0000,0.8750,0.7917,3,0.1250,0,0.0000,3,0.1250,0,0.0000,0,2,2,0.0833,0,0.0000,2,0.0833,2,2,0.0833,0,0.0000,2,0.0833,0,1,17,0.7083,0
28,DM,"Lsstcorp Data management",Lsstcorp,3255,DB_W15_11,"2014-11-02 04:15:18","2014-12-02 04:15:00","2014-11-08 04:15:14",10,29.9583,24,5,1.0000,0.8000,51.2000,4,0.1667,0,0.0000,0.9167,0.8333,7,0.2917,5,0.2083,2,0.0833,0,0.0000,0,4,4,0.1667,2,0.0833,2,0.0833,14,12,0.5000,12,0.5000,0,0.0000,0,0,19,0.7917,0
28,DM,"Lsstcorp Data management",Lsstcorp,3254,"Science Pipelines DM-W15-2","2014-11-03 15:00:41","2014-12-01 15:00:00","2014-11-09 05:24:32",11,27.9583,18,5,1.0000,0.8000,44.0000,2,0.1111,0,0.0000,0.5000,0.9444,6,0.3333,4,0.2222,2,0.1111,0,0.0000,0,3,3,0.1667,0,0.0000,3,0.1667,7,6,0.3333,4,0.2222,2,0.1111,0,0,16,0.8889,0
28,DM,"Lsstcorp Data management",Lsstcorp,3251,DB_W15_12,"2014-12-01 17:54:50","2014-12-31 17:54:00","2014-12-07 17:54:40",12,29.9583,24,6,1.0000,0.8333,49.3333,4,0.1667,0,0.0000,0.8750,0.9167,13,0.5417,4,0.1667,9,0.3750,0,0.0000,0,5,4,0.1667,4,0.1667,0,0.0000,5,5,0.2083,3,0.1250,2,0.0833,0,0,15,0.6250,0
28,DM,"Lsstcorp Data management",Lsstcorp,3249,"Science Pipelines DM-W15-3","2014-12-01 18:54:58","2015-01-05 15:00:00","2014-12-08 18:07:58",13,34.8333,21,6,0.9524,1.0000,47.3333,0,0.0000,0,0.0000,1.0000,0.8095,6,0.2857,3,0.1429,3,0.1429,0,0.0000,0,0,0,0.0000,0,0.0000,0,0.0000,10,8,0.3810,7,0.3333,1,0.0476,0,0,9,0.4286,0
28,DM,"Lsstcorp Data management",Lsstcorp,3253,"W15 Dec Sprint 1","2014-12-01 21:00:24","2014-12-15 21:00:00","2014-12-04 16:12:19",14,13.9583,12,6,1.0000,0.8333,26.1667,1,0.0833,0,0.0000,0.9167,0.9167,0,0.0000,0,0.0000,0,0.0000,0,0.0000,0,1,1,0.0833,1,0.0833,0,0.0000,18,10,0.8333,10,0.8333,0,0.0000,0,0,5,0.4167,0
28,DM,"Lsstcorp Data management",Lsstcorp,3252,"W15 Dec Sprint 3","2014-12-15 20:53:47","2015-01-05 20:53:00","2014-12-20 01:41:37",15,20.9583,11,4,1.0000,1.0000,35.5000,0,0.0000,0,0.0000,0.5455,0.5455,2,0.1818,0,0.0000,2,0.1818,0,0.0000,0,3,3,0.2727,0,0.0000,3,0.2727,7,7,0.6364,7,0.6364,0,0.0000,0,0,6,0.5455,0
28,DM,"Lsstcorp Data management",Lsstcorp,3243,DB_W15_01,"2015-01-05 17:44:25","2015-01-30 17:44:00","2015-01-10 17:44:20",16,24.9583,34,5,1.0000,1.0000,67.6000,9,0.2647,0,0.0000,0.8824,0.9412,15,0.4412,10,0.2941,5,0.1471,0,0.0000,0,8,7,0.2059,5,0.1471,2,0.0588,9,9,0.2647,5,0.1471,4,0.1176,0,0,20,0.5882,0
28,DM,"Lsstcorp Data management",Lsstcorp,3161,"Science Pipelines DM-W15-4","2015-01-05 22:02:28","2015-02-06 22:02:00","2015-01-12 07:38:22",17,31.9583,35,8,0.9429,0.7500,33.6250,6,0.1714,0,0.0000,0.8000,0.8000,12,0.3429,7,0.2000,5,0.1429,0,0.0000,3,2,2,0.0571,2,0.0571,0,0.0000,8,8,0.2286,8,0.2286,0,0.0000,0,0,20,0.5714,0
28,DM,"Lsstcorp Data management",Lsstcorp,3240,DB_W15_02,"2015-02-03 19:42:09","2015-02-28 19:42:00","2015-02-08 19:42:07",18,24.9583,23,5,1.0000,1.0000,74.8000,7,0.3043,0,0.0000,0.9565,0.7826,7,0.3043,5,0.2174,2,0.0870,3,0.1304,0,1,1,0.0435,0,0.0000,1,0.0435,6,6,0.2609,5,0.2174,1,0.0435,0,0,22,0.9565,1
28,DM,"Lsstcorp Data management",Lsstcorp,3237,DB_S15_03,"2015-02-27 23:29:45","2015-04-01 00:00:00","2015-03-06 09:11:48",19,32.0000,46,9,0.9783,1.0000,57.2222,5,0.1087,0,0.0000,0.8913,0.9130,16,0.3478,13,0.2826,3,0.0652,3,0.0652,1,9,6,0.1304,4,0.0870,2,0.0435,8,8,0.1739,7,0.1522,1,0.0217,0,0,37,0.8043,0
28,DM,"Lsstcorp Data management",Lsstcorp,3239,"Science Pipelines DM-S15-1","2015-03-02 13:50:35","2015-03-27 22:00:00","2015-03-07 15:28:28",20,25.3333,21,8,1.0000,1.0000,54.1250,2,0.0952,0,0.0000,1.0000,0.8571,8,0.3810,8,0.3810,0,0.0000,0,0.0000,0,3,3,0.1429,3,0.1429,0,0.0000,4,4,0.1905,4,0.1905,0,0.0000,0,0,8,0.3810,0
28,DM,"Lsstcorp Data management",Lsstcorp,3235,"Science Pipelines DM-S15-2","2015-03-30 12:51:06","2015-05-01 21:00:00","2015-04-06 00:04:52",21,32.3333,31,6,1.0000,1.0000,64.5000,4,0.1290,0,0.0000,0.9032,0.8710,17,0.5484,14,0.4516,3,0.0968,1,0.0323,0,5,3,0.0968,3,0.0968,0,0.0000,6,6,0.1935,5,0.1613,1,0.0323,0,0,22,0.7097,0
28,DM,"Lsstcorp Data management",Lsstcorp,3236,DB_S15_04,"2015-04-01 20:46:15","2015-04-30 20:46:00","2015-04-07 15:58:12",22,28.9583,35,8,1.0000,1.0000,61.3750,7,0.2000,0,0.0000,0.9143,0.8286,12,0.3429,11,0.3143,1,0.0286,1,0.0286,0,5,5,0.1429,5,0.1429,0,0.0000,9,8,0.2286,7,0.2000,1,0.0286,0,0,23,0.6571,0
28,DM,"Lsstcorp Data management",Lsstcorp,3234,DB_S15_05,"2015-05-01 16:11:50","2015-06-01 16:00:00","2015-05-07 20:57:28",23,30.9583,44,8,0.9773,1.0000,68.2500,16,0.3636,0,0.0000,0.9091,0.8864,25,0.5682,13,0.2955,12,0.2727,2,0.0455,0,4,4,0.0909,2,0.0455,2,0.0455,20,18,0.4091,14,0.3182,4,0.0909,0,0,39,0.8864,0
28,DM,"Lsstcorp Data management",Lsstcorp,3233,"Science Pipelines DM-S15-3","2015-05-04 12:00:59","2015-06-01 12:00:00","2015-05-10 02:24:47",24,27.9583,15,6,1.0000,1.0000,69.1667,1,0.0667,0,0.0000,0.9333,0.9333,7,0.4667,5,0.3333,2,0.1333,0,0.0000,0,0,0,0.0000,0,0.0000,0,0.0000,7,7,0.4667,5,0.3333,2,0.1333,0,0,8,0.5333,0
28,DM,"Lsstcorp Data management",Lsstcorp,3231,DB_S15_06,"2015-05-30 20:53:06","2015-07-01 00:00:00","2015-06-06 02:18:28",25,31.1250,41,11,0.9756,0.9091,61.2727,11,0.2683,0,0.0000,0.8780,0.6829,23,0.5610,10,0.2439,13,0.3171,0,0.0000,2,13,12,0.2927,6,0.1463,6,0.1463,8,7,0.1707,5,0.1220,2,0.0488,0,0,24,0.5854,0
28,DM,"Lsstcorp Data management",Lsstcorp,3232,"Science Pipelines DM-S15-4","2015-06-02 19:04:01","2015-06-29 12:00:00","2015-06-08 03:15:12",26,26.6667,27,7,1.0000,1.0000,68.1429,4,0.1481,0,0.0000,1.0000,0.8148,12,0.4444,10,0.3704,2,0.0741,1,0.0370,0,3,3,0.1111,2,0.0741,1,0.0370,14,14,0.5185,12,0.4444,2,0.0741,0,0,17,0.6296,0
28,DM,"Lsstcorp Data management",Lsstcorp,3229,"Science Pipelines DM-S15-5","2015-06-29 19:04:07","2015-07-31 21:00:00","2015-07-06 05:03:17",27,32.0417,34,8,1.0000,1.0000,66.1250,10,0.2941,0,0.0000,1.0000,0.9706,22,0.6471,22,0.6471,0,0.0000,0,0.0000,0,8,6,0.1765,6,0.1765,0,0.0000,17,17,0.5000,16,0.4706,1,0.0294,0,0,19,0.5588,0
28,DM,"Lsstcorp Data management",Lsstcorp,3230,DB_S15_07,"2015-07-04 18:18:43","2015-08-01 21:25:00","2015-07-10 09:19:58",28,28.1250,25,9,1.0000,1.0000,71.2222,4,0.1600,0,0.0000,1.0000,0.9200,10,0.4000,7,0.2800,3,0.1200,2,0.0800,0,2,2,0.0800,2,0.0800,0,0.0000,13,12,0.4800,12,0.4800,0,0.0000,0,0,17,0.6800,0
28,DM,"Lsstcorp Data management",Lsstcorp,3227,DB_S15_08,"2015-08-01 04:30:25","2015-09-01 00:00:00","2015-08-07 08:24:20",29,30.7917,28,8,1.0000,1.0000,82.2500,4,0.1429,0,0.0000,1.0000,0.9286,13,0.4643,11,0.3929,2,0.0714,1,0.0357,0,3,3,0.1071,3,0.1071,0,0.0000,7,7,0.2500,7,0.2500,0,0.0000,0,0,25,0.8929,0
28,DM,"Lsstcorp Data management",Lsstcorp,3228,"Science Pipelines DM-S15-6","2015-08-03 01:28:13","2015-09-01 03:59:00","2015-08-08 21:10:22",30,29.0833,24,8,1.0000,1.0000,78.3750,8,0.3333,0,0.0000,0.9583,1.0000,16,0.6667,13,0.5417,3,0.1250,0,0.0000,0,0,0,0.0000,0,0.0000,0,0.0000,15,13,0.5417,13,0.5417,0,0.0000,0,0,19,0.7917,0
28,DM,"Lsstcorp Data management",Lsstcorp,3222,"Science Pipelines DM-W16-1","2015-09-01 12:00:00","2015-09-30 21:00:00","2015-09-07 09:00:00",31,29.3750,33,11,1.0000,0.8182,62.3636,9,0.2727,0,0.0000,1.0000,0.8788,23,0.6970,17,0.5152,6,0.1818,2,0.0606,0,4,4,0.1212,2,0.0606,2,0.0606,12,12,0.3636,6,0.1818,6,0.1818,0,0,21,0.6364,0
28,DM,"Lsstcorp Data management",Lsstcorp,3225,DB_W16_09,"2015-09-01 16:00:00","2015-10-01 00:00:00","2015-09-07 12:48:00",32,29.3333,40,9,1.0000,1.0000,80.4444,6,0.1500,0,0.0000,1.0000,0.9500,20,0.5000,16,0.4000,4,0.1000,2,0.0500,0,5,4,0.1000,4,0.1000,0,0.0000,14,12,0.3000,12,0.3000,0,0.0000,0,0,35,0.8750,0
28,DM,"Lsstcorp Data management",Lsstcorp,3224,"Science Pipelines DM-W16-2","2015-10-01 13:00:18","2015-10-30 22:00:00","2015-10-07 10:00:14",33,29.3333,15,6,1.0000,1.0000,110.5000,9,0.6000,0,0.0000,0.8667,0.9333,9,0.6000,6,0.4000,3,0.2000,0,0.0000,0,5,5,0.3333,4,0.2667,1,0.0667,10,10,0.6667,8,0.5333,2,0.1333,0,0,10,0.6667,0
28,DM,"Lsstcorp Data management",Lsstcorp,3223,DB_W16_10,"2015-10-01 15:00:00","2015-10-31 00:00:00","2015-10-07 12:00:00",34,29.3750,34,8,0.9706,1.0000,111.6250,7,0.2059,0,0.0000,1.0000,0.8529,13,0.3824,12,0.3529,1,0.0294,2,0.0588,1,3,3,0.0882,3,0.0882,0,0.0000,8,7,0.2059,6,0.1765,1,0.0294,0,0,24,0.7059,0
28,DM,"Lsstcorp Data management",Lsstcorp,3221,DB_W16_11,"2015-11-01 06:15:31","2015-12-01 01:18:00","2015-11-07 05:16:00",35,29.7917,27,9,0.8519,1.0000,104.5556,1,0.0370,0,0.0000,0.9259,0.9259,3,0.1111,2,0.0741,1,0.0370,0,0.0000,1,3,3,0.1111,1,0.0370,2,0.0741,14,13,0.4815,12,0.4444,1,0.0370,0,0,16,0.5926,0
28,DM,"Lsstcorp Data management",Lsstcorp,3220,"Science Pipelines DM-W16-3","2015-11-01 21:39:50","2015-12-01 04:00:00","2015-11-07 18:07:52",36,29.2500,23,8,1.0000,0.8750,62.8750,4,0.1739,0,0.0000,1.0000,0.9130,16,0.6957,12,0.5217,4,0.1739,0,0.0000,0,6,6,0.2609,4,0.1739,2,0.0870,11,11,0.4783,6,0.2609,5,0.2174,0,0,13,0.5652,0
28,DM,"Lsstcorp Data management",Lsstcorp,3219,DB_W16_12,"2015-12-01 06:22:40","2016-01-01 01:25:00","2015-12-07 10:11:08",37,30.7917,34,9,0.7941,1.0000,110.8889,6,0.1765,0,0.0000,0.8824,0.7353,14,0.4118,8,0.2353,6,0.1765,0,0.0000,3,4,4,0.1176,2,0.0588,2,0.0588,4,4,0.1176,3,0.0882,1,0.0294,0,0,12,0.3529,0
28,DM,"Lsstcorp Data management",Lsstcorp,3217,"JS conversion 1","2015-12-01 21:49:17","2016-01-15 21:49:00","2015-12-10 21:49:13",38,44.9583,18,4,1.0000,1.0000,35.2500,0,0.0000,0,0.0000,1.0000,0.7222,17,0.9444,2,0.1111,15,0.8333,0,0.0000,0,4,4,0.2222,3,0.1667,1,0.0556,22,18,1.0000,9,0.5000,9,0.5000,0,0,17,0.9444,1
28,DM,"Lsstcorp Data management",Lsstcorp,3216,DB_W16_01,"2016-01-04 07:04:42","2016-01-30 01:00:00","2016-01-09 10:39:45",39,25.7083,30,8,0.9667,1.0000,103.6250,5,0.1667,0,0.0000,0.9667,0.8667,7,0.2333,4,0.1333,3,0.1000,0,0.0000,0,8,8,0.2667,7,0.2333,1,0.0333,11,10,0.3333,9,0.3000,1,0.0333,0,0,20,0.6667,0
28,DM,"Lsstcorp Data management",Lsstcorp,3215,"Science Pipelines DM-W16-5","2016-01-04 11:48:28","2016-01-31 23:55:00","2016-01-09 23:49:46",40,27.5000,16,6,1.0000,0.8333,88.0000,3,0.1875,0,0.0000,1.0000,0.8750,12,0.7500,12,0.7500,0,0.0000,0,0.0000,0,6,6,0.3750,6,0.3750,0,0.0000,11,11,0.6875,11,0.6875,0,0.0000,0,0,16,1.0000,1
28,DM,"Lsstcorp Data management",Lsstcorp,3214,"JS conversion 1.5","2016-01-19 17:53:25","2016-01-31 17:53:00","2016-01-22 03:29:20",41,11.9583,13,5,1.0000,0.8000,39.8000,0,0.0000,0,0.0000,1.0000,0.7692,2,0.1538,2,0.1538,0,0.0000,2,0.1538,0,0,0,0.0000,0,0.0000,0,0.0000,2,2,0.1538,2,0.1538,0,0.0000,0,0,13,1.0000,1
28,DM,"Lsstcorp Data management",Lsstcorp,3211,"Science Pipelines DM-W16-6","2016-02-01 16:51:34","2016-03-01 04:58:00","2016-02-07 09:40:51",42,28.5000,67,13,0.9851,0.9231,59.4615,9,0.1343,0,0.0000,0.9851,0.8955,17,0.2537,11,0.1642,6,0.0896,0,0.0000,0,13,13,0.1940,12,0.1791,1,0.0149,21,21,0.3134,17,0.2537,4,0.0597,0,0,31,0.4627,0
28,DM,"Lsstcorp Data management",Lsstcorp,3213,"JS conversion 2","2016-02-01 17:10:21","2016-02-29 17:10:00","2016-02-07 07:34:16",43,27.9583,26,7,1.0000,0.8571,41.1429,0,0.0000,0,0.0000,1.0000,0.8462,9,0.3462,5,0.1923,4,0.1538,0,0.0000,0,4,3,0.1154,3,0.1154,0,0.0000,7,5,0.1923,3,0.1154,2,0.0769,0,0,26,1.0000,1
28,DM,"Lsstcorp Data management",Lsstcorp,3212,DB_W16_02,"2016-02-01 18:44:02","2016-03-01 01:00:00","2016-02-07 10:23:13",44,28.2500,30,10,0.9333,1.0000,105.5000,5,0.1667,0,0.0000,1.0000,0.7000,7,0.2333,6,0.2000,1,0.0333,4,0.1333,1,5,5,0.1667,3,0.1000,2,0.0667,3,3,0.1000,2,0.0667,1,0.0333,0,0,15,0.5000,0
28,DM,"Lsstcorp Data management",Lsstcorp,3208,"JS conversion 3","2016-03-01 14:55:00","2016-04-01 05:55:00","2016-03-07 17:55:00",45,30.6250,23,7,1.0000,0.7143,32.2857,0,0.0000,0,0.0000,1.0000,0.9130,7,0.3043,4,0.1739,3,0.1304,0,0.0000,0,2,2,0.0870,1,0.0435,1,0.0435,6,2,0.0870,2,0.0870,0,0.0000,0,0,23,1.0000,1
28,DM,"Lsstcorp Data management",Lsstcorp,3206,"Alert Production X16 - 03","2016-03-02 00:09:39","2016-03-29 23:09:00","2016-03-07 14:21:31",46,27.9167,30,5,1.0000,1.0000,68.6000,3,0.1000,0,0.0000,0.9667,0.8667,8,0.2667,6,0.2000,2,0.0667,0,0.0000,0,1,1,0.0333,1,0.0333,0,0.0000,11,11,0.3667,7,0.2333,4,0.1333,0,0,21,0.7000,0
28,DM,"Lsstcorp Data management",Lsstcorp,3209,"DRP W16-7","2016-03-02 14:00:00","2016-03-16 03:59:00","2016-03-05 07:11:48",47,13.5417,23,6,1.0000,1.0000,97.8333,2,0.0870,0,0.0000,1.0000,0.9565,9,0.3913,9,0.3913,0,0.0000,0,0.0000,0,16,14,0.6087,13,0.5652,1,0.0435,18,18,0.7826,18,0.7826,0,0.0000,0,0,21,0.9130,1
28,DM,"Lsstcorp Data management",Lsstcorp,3210,DB_W16_03,"2016-03-03 05:10:19","2016-03-16 00:00:00","2016-03-05 18:32:15",48,12.7500,16,7,0.9375,1.0000,77.0000,2,0.1250,0,0.0000,1.0000,1.0000,4,0.2500,2,0.1250,2,0.1250,0,0.0000,0,1,1,0.0625,1,0.0625,0,0.0000,1,1,0.0625,1,0.0625,0,0.0000,0,0,6,0.3750,0
28,DM,"Lsstcorp Data management",Lsstcorp,3205,"DRP X16-1","2016-03-16 13:00:00","2016-04-01 03:59:00","2016-03-19 15:59:48",49,15.5833,22,9,1.0000,1.0000,76.8889,7,0.3182,0,0.0000,1.0000,0.9545,5,0.2273,2,0.0909,3,0.1364,2,0.0909,0,3,2,0.0909,2,0.0909,0,0.0000,4,4,0.1818,3,0.1364,1,0.0455,0,0,12,0.5455,0
28,DM,"Lsstcorp Data management",Lsstcorp,3204,DB_X16_04,"2016-04-01 01:16:33","2016-05-01 06:59:00","2016-04-07 02:25:02",50,30.2083,20,8,0.9000,1.0000,116.3750,1,0.0500,0,0.0000,0.9500,0.9500,0,0.0000,0,0.0000,0,0.0000,0,0.0000,0,0,0,0.0000,0,0.0000,0,0.0000,1,1,0.0500,0,0.0000,1,0.0500,1,1,12,0.6000,0
28,DM,"Lsstcorp Data management",Lsstcorp,3201,"DRP X16-2","2016-04-01 13:00:00","2016-05-01 03:59:00","2016-04-07 11:11:48",51,29.5833,38,10,0.9737,1.0000,72.9000,10,0.2632,0,0.0000,1.0000,0.9211,16,0.4211,13,0.3421,3,0.0789,0,0.0000,0,7,6,0.1579,6,0.1579,0,0.0000,14,14,0.3684,12,0.3158,2,0.0526,0,0,23,0.6053,0
28,DM,"Lsstcorp Data management",Lsstcorp,3202,"JS conversion 4","2016-04-01 15:31:33","2016-05-01 06:31:00","2016-04-07 13:43:26",52,29.5833,35,6,1.0000,1.0000,41.1667,0,0.0000,0,0.0000,0.9714,0.9714,17,0.4857,13,0.3714,4,0.1143,0,0.0000,0,1,1,0.0286,1,0.0286,0,0.0000,7,6,0.1714,6,0.1714,0,0.0000,0,0,35,1.0000,1
28,DM,"Lsstcorp Data management",Lsstcorp,3203,"Alert Production X16 - 04","2016-04-01 23:27:15","2016-04-29 22:27:00","2016-04-07 13:39:12",53,27.9167,16,5,0.8750,1.0000,78.6000,1,0.0625,0,0.0000,1.0000,0.6875,3,0.1875,3,0.1875,0,0.0000,1,0.0625,2,2,2,0.1250,2,0.1250,0,0.0000,2,2,0.1250,2,0.1250,0,0.0000,0,0,8,0.5000,0
28,DM,"Lsstcorp Data management",Lsstcorp,3196,"DRP X16-3","2016-05-01 18:00:57","2016-05-31 22:00:00","2016-05-07 18:48:45",54,30.1250,48,9,1.0000,1.0000,84.2222,8,0.1667,0,0.0000,0.8125,0.9583,26,0.5417,22,0.4583,4,0.0833,3,0.0625,0,9,9,0.1875,4,0.0833,5,0.1042,16,16,0.3333,10,0.2083,6,0.1250,0,0,36,0.7500,0
28,DM,"Lsstcorp Data management",Lsstcorp,3200,DB_X16_05,"2016-05-02 07:00:28","2016-06-01 07:00:00","2016-05-08 07:00:22",56,29.9583,18,6,1.0000,1.0000,144.8333,1,0.0556,0,0.0000,1.0000,1.0000,4,0.2222,3,0.1667,1,0.0556,0,0.0000,0,1,1,0.0556,0,0.0000,1,0.0556,7,7,0.3889,0,0.0000,7,0.3889,0,0,15,0.8333,0
28,DM,"Lsstcorp Data management",Lsstcorp,3199,"Alert Production X16 - 5","2016-05-03 17:12:33","2016-05-31 16:12:00","2016-05-09 07:24:26",57,27.9167,21,5,1.0000,1.0000,82.0000,0,0.0000,0,0.0000,0.9048,0.7143,4,0.1905,4,0.1905,0,0.0000,1,0.0476,1,2,1,0.0476,0,0.0000,1,0.0476,1,1,0.0476,0,0.0000,1,0.0476,0,0,13,0.6190,0
28,DM,"Lsstcorp Data management",Lsstcorp,3192,"JS conversion 6","2016-06-01 03:30:29","2016-06-30 18:30:00","2016-06-07 01:42:23",58,29.5833,19,6,1.0000,1.0000,67.0000,0,0.0000,0,0.0000,1.0000,0.9474,4,0.2105,3,0.1579,1,0.0526,0,0.0000,0,0,0,0.0000,0,0.0000,0,0.0000,0,0,0.0000,0,0.0000,0,0.0000,0,0,19,1.0000,1
28,DM,"Lsstcorp Data management",Lsstcorp,3194,DB_F16_6,"2016-06-01 07:00:48","2016-07-01 06:59:00","2016-06-07 07:00:26",59,29.9583,12,6,1.0000,1.0000,150.1667,1,0.0833,0,0.0000,1.0000,1.0000,8,0.6667,2,0.1667,6,0.5000,0,0.0000,0,4,4,0.3333,0,0.0000,4,0.3333,8,7,0.5833,3,0.2500,4,0.3333,0,0,6,0.5000,0
28,DM,"Lsstcorp Data management",Lsstcorp,3191,"DRP F16-1","2016-06-01 12:25:35","2016-07-01 00:00:00","2016-06-07 09:56:28",60,29.4583,35,9,1.0000,1.0000,92.8889,11,0.3143,0,0.0000,1.0000,0.8857,20,0.5714,19,0.5429,1,0.0286,1,0.0286,0,5,5,0.1429,5,0.1429,0,0.0000,17,15,0.4286,15,0.4286,0,0.0000,0,0,25,0.7143,0
28,DM,"Lsstcorp Data management",Lsstcorp,3193,"Alert Production F16 - 6","2016-06-02 16:49:28","2016-06-30 19:37:00","2016-06-08 07:46:58",61,28.0833,18,6,0.9444,0.8333,77.3333,2,0.1111,0,0.0000,0.9444,0.8333,10,0.5556,7,0.3889,3,0.1667,2,0.1111,0,6,6,0.3333,4,0.2222,2,0.1111,11,9,0.5000,6,0.3333,3,0.1667,0,0,12,0.6667,0
28,DM,"Lsstcorp Data management",Lsstcorp,3189,"SUIT Sprint 2016-7","2016-07-01 06:56:35","2016-07-31 21:56:00","2016-07-07 09:56:28",62,30.5833,20,9,1.0000,0.7778,45.0000,4,0.2000,0,0.0000,1.0000,0.9500,9,0.4500,6,0.3000,3,0.1500,0,0.0000,0,5,5,0.2500,5,0.2500,0,0.0000,3,3,0.1500,2,0.1000,1,0.0500,0,0,20,1.0000,1
28,DM,"Lsstcorp Data management",Lsstcorp,3187,"DRP F16-2","2016-07-01 13:11:04","2016-08-01 03:00:00","2016-07-07 15:56:51",63,30.5417,63,9,0.9841,1.0000,99.5556,4,0.0635,0,0.0000,0.7460,0.5873,20,0.3175,16,0.2540,4,0.0635,23,0.3651,1,7,7,0.1111,5,0.0794,2,0.0317,9,9,0.1429,8,0.1270,1,0.0159,0,0,50,0.7937,0
28,DM,"Lsstcorp Data management",Lsstcorp,3188,DB_F16_7,"2016-07-05 14:56:11","2016-08-04 14:55:00","2016-07-11 14:55:56",64,29.9583,22,7,1.0000,0.8571,129.7143,3,0.1364,0,0.0000,1.0000,0.9091,11,0.5000,8,0.3636,3,0.1364,0,0.0000,0,5,4,0.1818,4,0.1818,0,0.0000,9,9,0.4091,9,0.4091,0,0.0000,0,0,16,0.7273,0
28,DM,"Lsstcorp Data management",Lsstcorp,3190,"Alert Production F16 - 7","2016-07-07 06:58:49","2016-08-04 09:46:00","2016-07-12 21:56:15",65,28.0833,24,5,1.0000,1.0000,94.6000,3,0.1250,0,0.0000,1.0000,0.8333,5,0.2083,3,0.1250,2,0.0833,0,0.0000,1,3,3,0.1250,2,0.0833,1,0.0417,19,15,0.6250,13,0.5417,2,0.0833,0,0,15,0.6250,0
28,DM,"Lsstcorp Data management",Lsstcorp,3183,"DRP F16-3","2016-08-01 12:00:46","2016-09-01 03:00:00","2016-08-07 15:00:36",66,30.5833,58,11,1.0000,0.9091,88.6364,10,0.1724,0,0.0000,0.9828,0.7931,40,0.6897,32,0.5517,8,0.1379,3,0.0517,0,9,6,0.1034,5,0.0862,1,0.0172,26,25,0.4310,21,0.3621,4,0.0690,0,0,45,0.7759,0
28,DM,"Lsstcorp Data management",Lsstcorp,3184,"SUIT Sprint 2016-8","2016-08-01 15:33:25","2016-09-02 06:33:00","2016-08-07 23:21:20",67,31.5833,61,12,1.0000,0.9167,48.1667,13,0.2131,0,0.0000,0.8852,0.8361,25,0.4098,19,0.3115,6,0.0984,0,0.0000,0,13,11,0.1803,9,0.1475,2,0.0328,41,33,0.5410,32,0.5246,1,0.0164,0,0,36,0.5902,0
28,DM,"Lsstcorp Data management",Lsstcorp,3186,"Alert Production F16 - 8","2016-08-02 21:58:31","2016-09-01 00:46:00","2016-08-08 17:44:00",68,29.0833,11,4,0.9091,0.7500,28.2500,1,0.0909,0,0.0000,0.9091,0.8182,5,0.4545,5,0.4545,0,0.0000,0,0.0000,1,1,1,0.0909,1,0.0909,0,0.0000,2,2,0.1818,2,0.1818,0,0.0000,0,0,8,0.7273,0
28,DM,"Lsstcorp Data management",Lsstcorp,3185,DB_F16_8,"2016-08-03 01:43:15","2016-09-01 06:59:00","2016-08-08 21:58:24",69,29.2083,25,7,1.0000,1.0000,138.5714,3,0.1200,0,0.0000,0.9600,0.9600,17,0.6800,12,0.4800,5,0.2000,0,0.0000,0,5,4,0.1600,3,0.1200,1,0.0400,8,8,0.3200,5,0.2000,3,0.1200,0,0,14,0.5600,0
28,DM,"Lsstcorp Data management",Lsstcorp,3179,DB_F16_9,"2016-09-01 07:00:04","2016-10-01 06:59:00","2016-09-07 06:59:51",70,29.9583,22,8,1.0000,1.0000,124.8750,2,0.0909,0,0.0000,0.9545,0.9545,17,0.7727,11,0.5000,6,0.2727,0,0.0000,0,1,1,0.0455,1,0.0455,0,0.0000,2,2,0.0909,2,0.0909,0,0.0000,0,0,5,0.2273,0
28,DM,"Lsstcorp Data management",Lsstcorp,3181,"SUIT Sprint 2016-9","2016-09-01 13:35:19","2016-10-02 04:35:00","2016-09-07 16:35:15",71,30.5833,60,11,1.0000,1.0000,58.5455,17,0.2833,0,0.0000,0.9167,0.7167,38,0.6333,29,0.4833,9,0.1500,0,0.0000,0,32,25,0.4167,23,0.3833,2,0.0333,42,29,0.4833,23,0.3833,6,0.1000,0,0,52,0.8667,0
28,DM,"Lsstcorp Data management",Lsstcorp,3180,"DRP F16-4","2016-09-01 22:04:19","2016-10-01 03:00:00","2016-09-07 18:15:27",72,29.1667,43,10,1.0000,0.8000,88.3000,7,0.1628,0,0.0000,0.9767,0.8837,27,0.6279,15,0.3488,12,0.2791,0,0.0000,1,6,4,0.0930,1,0.0233,3,0.0698,13,13,0.3023,7,0.1628,6,0.1395,0,0,25,0.5814,0
28,DM,"Lsstcorp Data management",Lsstcorp,3182,"Alert Production F16 - 9","2016-09-02 18:11:29","2016-10-01 20:59:00","2016-09-08 13:56:59",73,29.0833,30,8,1.0000,0.7500,49.2500,3,0.1000,0,0.0000,0.9000,0.9000,11,0.3667,10,0.3333,1,0.0333,0,0.0000,0,17,14,0.4667,14,0.4667,0,0.0000,18,18,0.6000,18,0.6000,0,0.0000,0,0,18,0.6000,0
28,DM,"Lsstcorp Data management",Lsstcorp,3177,"SUIT Sprint 2016-10","2016-10-01 18:21:37","2016-11-01 06:59:00","2016-10-07 20:53:05",74,30.5000,32,10,1.0000,0.9000,58.3000,5,0.1563,0,0.0000,1.0000,0.9375,11,0.3438,6,0.1875,5,0.1563,0,0.0000,2,2,2,0.0625,1,0.0313,1,0.0313,4,4,0.1250,2,0.0625,2,0.0625,0,0,15,0.4688,0
28,DM,"Lsstcorp Data management",Lsstcorp,3171,"DRP F16-5","2016-10-03 19:23:01","2016-11-01 03:59:00","2016-10-09 11:30:12",75,28.3333,35,13,1.0000,0.8462,87.3846,4,0.1143,0,0.0000,1.0000,0.8571,18,0.5143,13,0.3714,5,0.1429,0,0.0000,0,3,3,0.0857,1,0.0286,2,0.0571,19,19,0.5429,12,0.3429,7,0.2000,0,0,26,0.7429,0
28,DM,"Lsstcorp Data management",Lsstcorp,3178,"Alert Production F16 - 10","2016-10-04 23:03:32","2016-11-01 01:51:00","2016-10-10 09:13:01",76,27.0833,29,8,1.0000,1.0000,73.7500,2,0.0690,0,0.0000,1.0000,0.9310,11,0.3793,8,0.2759,3,0.1034,4,0.1379,0,2,2,0.0690,2,0.0690,0,0.0000,5,4,0.1379,3,0.1034,1,0.0345,0,0,18,0.6207,0
28,DM,"Lsstcorp Data management",Lsstcorp,3174,"DRP F16-6","2016-11-01 12:00:02","2016-12-01 04:59:00","2016-11-07 10:35:49",77,29.6667,45,13,1.0000,0.9231,86.4615,4,0.0889,0,0.0000,1.0000,0.8000,10,0.2222,8,0.1778,2,0.0444,0,0.0000,1,5,4,0.0889,4,0.0889,0,0.0000,10,10,0.2222,9,0.2000,1,0.0222,0,0,32,0.7111,0
28,DM,"Lsstcorp Data management",Lsstcorp,3176,"Alert Production F16 - 11","2016-11-01 18:28:50","2016-11-30 21:16:00","2016-11-07 14:14:16",78,29.0833,16,6,1.0000,1.0000,29.5000,2,0.1250,0,0.0000,1.0000,1.0000,0,0.0000,0,0.0000,0,0.0000,1,0.0625,0,0,0,0.0000,0,0.0000,0,0.0000,31,16,1.0000,0,0.0000,16,1.0000,0,0,7,0.4375,0
28,DM,"Lsstcorp Data management",Lsstcorp,3170,"SUIT Sprint 2016-11","2016-11-02 11:52:49","2016-12-01 00:30:00","2016-11-08 04:48:15",79,28.5000,35,11,1.0000,1.0000,68.9091,1,0.0286,0,0.0000,0.9714,0.9429,21,0.6000,16,0.4571,5,0.1429,2,0.0571,0,11,9,0.2571,8,0.2286,1,0.0286,12,12,0.3429,12,0.3429,0,0.0000,0,0,28,0.8000,0
28,DM,"Lsstcorp Data management",Lsstcorp,3169,DB_S17_12,"2016-12-01 08:00:01","2017-01-01 07:59:00","2016-12-07 12:47:48",80,30.9583,11,6,1.0000,0.8333,100.6667,3,0.2727,0,0.0000,0.9091,1.0000,7,0.6364,5,0.4545,2,0.1818,0,0.0000,0,4,4,0.3636,0,0.0000,4,0.3636,4,4,0.3636,0,0.0000,4,0.3636,0,0,2,0.1818,0
28,DM,"Lsstcorp Data management",Lsstcorp,3167,"SUIT Sprint 2016-12","2016-12-01 15:18:57","2016-12-30 03:56:00","2016-12-07 08:14:21",81,28.5000,29,10,1.0000,1.0000,69.7000,4,0.1379,0,0.0000,0.8966,0.7931,10,0.3448,7,0.2414,3,0.1034,1,0.0345,0,10,7,0.2414,2,0.0690,5,0.1724,3,3,0.1034,2,0.0690,1,0.0345,0,0,16,0.5517,0
28,DM,"Lsstcorp Data management",Lsstcorp,3168,"DRP S17-1","2016-12-01 16:00:00","2017-01-01 04:59:00","2016-12-07 18:35:48",82,30.5000,36,12,1.0000,1.0000,98.5000,2,0.0556,0,0.0000,1.0000,0.8889,16,0.4444,13,0.3611,3,0.0833,0,0.0000,1,6,6,0.1667,6,0.1667,0,0.0000,27,20,0.5556,20,0.5556,0,0.0000,0,0,21,0.5833,0
28,DM,"Lsstcorp Data management",Lsstcorp,3166,"Alert Production S17 - 12","2016-12-02 17:53:10","2016-12-31 00:38:00","2016-12-08 09:38:08",83,28.2500,33,8,1.0000,1.0000,82.2500,4,0.1212,0,0.0000,0.9091,0.8485,13,0.3939,12,0.3636,1,0.0303,0,0.0000,0,6,5,0.1515,5,0.1515,0,0.0000,7,7,0.2121,7,0.2121,0,0.0000,0,0,23,0.6970,0
28,DM,"Lsstcorp Data management",Lsstcorp,3162,DB_S17_01,"2017-01-01 08:00:53","2017-02-01 07:59:00","2017-01-07 12:48:30",84,30.9583,32,6,0.9688,1.0000,173.1667,6,0.1875,0,0.0000,0.6250,0.7813,15,0.4688,14,0.4375,1,0.0313,1,0.0313,1,1,1,0.0313,1,0.0313,0,0.0000,4,4,0.1250,4,0.1250,0,0.0000,0,0,12,0.3750,0
28,DM,"Lsstcorp Data management",Lsstcorp,3163,"DRP S17-2","2017-01-01 11:38:03","2017-02-01 04:59:00","2017-01-07 15:06:14",85,30.7083,44,13,0.9773,1.0000,89.3077,2,0.0455,0,0.0000,1.0000,0.8864,31,0.7045,24,0.5455,7,0.1591,0,0.0000,1,8,7,0.1591,4,0.0909,3,0.0682,19,19,0.4318,17,0.3864,2,0.0455,0,0,32,0.7273,0
28,DM,"Lsstcorp Data management",Lsstcorp,3165,"SUIT Sprint 2017-01","2017-01-03 17:55:06","2017-02-01 06:33:00","2017-01-09 10:50:40",86,28.5000,26,10,0.9615,1.0000,76.3000,5,0.1923,0,0.0000,0.9615,0.9231,7,0.2692,5,0.1923,2,0.0769,0,0.0000,1,8,7,0.2692,3,0.1154,4,0.1538,5,5,0.1923,3,0.1154,2,0.0769,0,0,14,0.5385,0
28,DM,"Lsstcorp Data management",Lsstcorp,3164,"Alert Production S17 - 1","2017-01-04 03:02:32","2017-02-01 09:47:00","2017-01-09 18:47:25",87,28.2500,34,9,1.0000,1.0000,77.4444,4,0.1176,0,0.0000,1.0000,0.9706,7,0.2059,5,0.1471,2,0.0588,5,0.1471,0,10,9,0.2647,1,0.0294,8,0.2353,12,12,0.3529,8,0.2353,4,0.1176,0,0,24,0.7059,0
28,DM,"Lsstcorp Data management",Lsstcorp,3159,"DRP S17-3","2017-02-01 14:00:00","2017-03-01 04:59:00","2017-02-07 02:35:48",88,27.5833,88,15,1.0000,1.0000,90.9333,0,0.0000,0,0.0000,0.9773,0.9205,34,0.3864,28,0.3182,6,0.0682,4,0.0455,0,19,19,0.2159,16,0.1818,3,0.0341,26,25,0.2841,18,0.2045,7,0.0795,0,0,65,0.7386,0
28,DM,"Lsstcorp Data management",Lsstcorp,3160,"SUIT Sprint 2017-2","2017-02-02 01:26:31","2017-03-01 14:04:00","2017-02-07 13:34:00",89,27.5000,55,9,0.9455,1.0000,85.0000,9,0.1636,0,0.0000,0.8000,0.8182,33,0.6000,25,0.4545,8,0.1455,0,0.0000,1,25,20,0.3636,19,0.3455,1,0.0182,40,29,0.5273,26,0.4727,3,0.0545,0,0,49,0.8909,0
28,DM,"Lsstcorp Data management",Lsstcorp,3158,"Alert Production S17 - 2","2017-02-02 05:17:57","2017-03-02 12:02:00","2017-02-07 21:02:45",90,28.2500,39,10,0.9744,1.0000,78.3000,2,0.0513,0,0.0000,1.0000,0.8718,19,0.4872,9,0.2308,10,0.2564,0,0.0000,1,16,15,0.3846,10,0.2564,5,0.1282,30,26,0.6667,21,0.5385,5,0.1282,0,0,26,0.6667,0
28,DM,"Lsstcorp Data management",Lsstcorp,3156,"DRP S17-4","2017-03-01 13:40:53","2017-04-01 03:59:00","2017-03-07 16:32:30",91,30.5833,57,14,0.9825,0.9286,101.6429,3,0.0526,0,0.0000,1.0000,0.8070,25,0.4386,18,0.3158,7,0.1228,3,0.0526,0,3,3,0.0526,3,0.0526,0,0.0000,9,9,0.1579,8,0.1404,1,0.0175,0,0,41,0.7193,0
28,DM,"Lsstcorp Data management",Lsstcorp,3146,"SUIT Sprint 2017-3","2017-03-01 17:09:36","2017-03-29 05:47:00","2017-03-07 05:17:04",92,27.5000,47,10,0.9362,1.0000,83.3000,13,0.2766,0,0.0000,0.7021,0.7447,23,0.4894,20,0.4255,3,0.0638,2,0.0426,1,9,7,0.1489,7,0.1489,0,0.0000,16,13,0.2766,9,0.1915,4,0.0851,0,0,29,0.6170,0
28,DM,"Lsstcorp Data management",Lsstcorp,3157,"Alert Production S17 - 3","2017-03-08 16:43:57","2017-04-08 23:28:00","2017-03-14 22:52:45",93,31.2500,35,9,1.0000,1.0000,87.8889,4,0.1143,0,0.0000,0.9714,0.9429,17,0.4857,10,0.2857,7,0.2000,2,0.0571,0,3,3,0.0857,3,0.0857,0,0.0000,20,18,0.5143,16,0.4571,2,0.0571,0,0,25,0.7143,0
28,DM,"Lsstcorp Data management",Lsstcorp,3152,DB_S17_4,"2017-04-01 07:00:41","2017-05-01 06:59:00","2017-04-07 07:00:20",94,29.9583,18,7,1.0000,1.0000,163.8571,2,0.1111,0,0.0000,0.9444,0.9444,16,0.8889,13,0.7222,3,0.1667,0,0.0000,0,3,3,0.1667,3,0.1667,0,0.0000,4,4,0.2222,3,0.1667,1,0.0556,0,0,11,0.6111,0
28,DM,"Lsstcorp Data management",Lsstcorp,3151,"SUIT Sprint 2017-4","2017-04-02 00:17:52","2017-04-30 07:02:00","2017-04-07 16:02:41",95,28.2500,23,9,1.0000,1.0000,95.6667,1,0.0435,0,0.0000,0.9565,0.8696,9,0.3913,8,0.3478,1,0.0435,0,0.0000,1,4,4,0.1739,4,0.1739,0,0.0000,4,3,0.1304,3,0.1304,0,0.0000,0,0,11,0.4783,0
28,DM,"Lsstcorp Data management",Lsstcorp,3153,"DRP S17-5","2017-04-03 10:00:00","2017-04-29 03:59:00","2017-04-08 13:35:48",96,25.7083,69,11,1.0000,0.9091,111.5455,11,0.1594,0,0.0000,1.0000,0.8261,39,0.5652,26,0.3768,13,0.1884,4,0.0580,3,9,7,0.1014,7,0.1014,0,0.0000,19,19,0.2754,15,0.2174,4,0.0580,0,0,49,0.7101,0
28,DM,"Lsstcorp Data management",Lsstcorp,3154,"Alert Production S17 - 4","2017-04-05 23:36:56","2017-05-01 06:21:00","2017-04-11 00:57:44",97,25.2500,28,8,1.0000,1.0000,83.0000,3,0.1071,0,0.0000,0.9643,1.0000,6,0.2143,4,0.1429,2,0.0714,2,0.0714,0,3,3,0.1071,2,0.0714,1,0.0357,18,17,0.6071,16,0.5714,1,0.0357,0,0,16,0.5714,0
28,DM,"Lsstcorp Data management",Lsstcorp,3147,"DRP S17-6","2017-05-01 10:00:00","2017-05-31 22:00:00","2017-05-07 12:24:00",98,30.5000,56,12,1.0000,1.0000,106.5000,2,0.0357,0,0.0000,0.9107,0.8571,31,0.5536,30,0.5357,1,0.0179,1,0.0179,0,3,3,0.0536,3,0.0536,0,0.0000,9,9,0.1607,8,0.1429,1,0.0179,0,0,22,0.3929,0
28,DM,"Lsstcorp Data management",Lsstcorp,3150,"SUIT Sprint 2017-5","2017-05-01 19:05:28","2017-06-01 01:50:00","2017-05-07 20:26:22",99,30.2500,26,9,1.0000,1.0000,97.8889,7,0.2692,0,0.0000,0.8077,0.8462,14,0.5385,9,0.3462,5,0.1923,0,0.0000,0,7,7,0.2692,5,0.1923,2,0.0769,14,12,0.4615,10,0.3846,2,0.0769,0,0,23,0.8846,0
28,DM,"Lsstcorp Data management",Lsstcorp,3148,"Alert Production S17 - 5","2017-05-01 23:42:52","2017-06-01 06:27:00","2017-05-08 01:03:41",100,30.2500,24,7,0.9583,1.0000,96.4286,12,0.5000,0,0.0000,1.0000,0.9583,9,0.3750,6,0.2500,3,0.1250,0,0.0000,1,3,3,0.1250,3,0.1250,0,0.0000,10,10,0.4167,9,0.3750,1,0.0417,0,0,19,0.7917,0
28,DM,"Lsstcorp Data management",Lsstcorp,3149,DB_S17_5,"2017-05-02 06:19:28","2017-06-01 06:18:00","2017-05-08 06:19:10",101,29.9583,31,9,1.0000,1.0000,136.4444,4,0.1290,0,0.0000,0.9677,0.9032,16,0.5161,13,0.4194,3,0.0968,0,0.0000,0,0,0,0.0000,0,0.0000,0,0.0000,5,5,0.1613,3,0.0968,2,0.0645,0,0,24,0.7742,0
28,DM,"Lsstcorp Data management",Lsstcorp,3142,DB_S17_6,"2017-06-01 07:00:20","2017-07-01 06:59:00","2017-06-07 07:00:04",102,29.9583,31,9,1.0000,1.0000,140.3333,3,0.0968,0,0.0000,1.0000,0.9677,17,0.5484,14,0.4516,3,0.0968,0,0.0000,0,8,8,0.2581,4,0.1290,4,0.1290,19,18,0.5806,10,0.3226,8,0.2581,0,0,21,0.6774,0
28,DM,"Lsstcorp Data management",Lsstcorp,3145,"Alert Production S17 - 6","2017-06-02 20:00:05","2017-07-01 02:45:00","2017-06-08 11:45:04",103,28.2500,31,9,0.9677,1.0000,82.4444,3,0.0968,0,0.0000,0.9677,0.8710,9,0.2903,8,0.2581,1,0.0323,2,0.0645,2,1,1,0.0323,1,0.0323,0,0.0000,3,2,0.0645,2,0.0645,0,0.0000,0,0,20,0.6452,0
28,DM,"Lsstcorp Data management",Lsstcorp,3143,"DRP F17-1","2017-06-09 16:36:11","2017-06-30 22:00:00","2017-06-13 22:28:56",104,21.2083,63,14,0.9683,1.0000,85.3571,2,0.0317,0,0.0000,0.9841,0.8413,22,0.3492,19,0.3016,3,0.0476,6,0.0952,3,2,2,0.0317,2,0.0317,0,0.0000,10,10,0.1587,9,0.1429,1,0.0159,0,0,32,0.5079,0
28,DM,"Lsstcorp Data management",Lsstcorp,3141,"SUIT Sprint 2017-7","2017-07-05 01:56:50","2017-08-01 00:41:00","2017-07-10 11:17:40",105,26.9167,15,7,0.9333,1.0000,101.2857,4,0.2667,0,0.0000,0.8667,0.8667,6,0.4000,6,0.4000,0,0.0000,0,0.0000,1,6,5,0.3333,4,0.2667,1,0.0667,1,1,0.0667,0,0.0000,1,0.0667,0,0,11,0.7333,0
28,DM,"Lsstcorp Data management",Lsstcorp,3138,DB_S17_7,"2017-07-05 22:00:13","2017-07-31 21:59:00","2017-07-11 02:47:58",106,25.9583,16,7,1.0000,1.0000,176.8571,1,0.0625,0,0.0000,1.0000,0.8750,8,0.5000,6,0.3750,2,0.1250,1,0.0625,0,4,3,0.1875,3,0.1875,0,0.0000,6,6,0.3750,6,0.3750,0,0.0000,0,0,9,0.5625,0
28,DM,"Lsstcorp Data management",Lsstcorp,3139,"Alert Production F17 - 7","2017-07-05 22:17:50","2017-08-01 05:02:00","2017-07-11 04:26:40",107,26.2500,25,6,1.0000,1.0000,60.0000,2,0.0800,0,0.0000,1.0000,1.0000,6,0.2400,5,0.2000,1,0.0400,2,0.0800,0,1,1,0.0400,1,0.0400,0,0.0000,1,1,0.0400,0,0.0000,1,0.0400,0,0,16,0.6400,0
28,DM,"Lsstcorp Data management",Lsstcorp,3140,"DRP F17-2","2017-07-12 13:27:10","2017-08-01 03:00:00","2017-07-16 11:21:44",108,19.5417,28,10,1.0000,1.0000,143.7000,2,0.0714,0,0.0000,0.9643,0.8571,9,0.3214,6,0.2143,3,0.1071,5,0.1786,0,1,1,0.0357,1,0.0357,0,0.0000,11,11,0.3929,5,0.1786,6,0.2143,0,0,26,0.9286,1
28,DM,"Lsstcorp Data management",Lsstcorp,3135,"DRP F17-3","2017-08-01 13:22:19","2017-09-01 03:00:00","2017-08-07 16:05:51",109,30.5417,55,12,0.9455,1.0000,126.1667,6,0.1091,0,0.0000,1.0000,0.7273,26,0.4727,22,0.4000,4,0.0727,5,0.0909,3,9,6,0.1091,4,0.0727,2,0.0364,11,11,0.2000,8,0.1455,3,0.0545,0,0,26,0.4727,0
28,DM,"Lsstcorp Data management",Lsstcorp,3136,"SUIT Sprint 2017-8","2017-08-01 14:05:58","2017-09-01 03:50:00","2017-08-07 16:50:46",110,30.5417,24,8,0.9583,1.0000,126.0000,7,0.2917,0,0.0000,0.7917,0.6667,9,0.3750,5,0.2083,4,0.1667,0,0.0000,2,4,4,0.1667,1,0.0417,3,0.1250,3,3,0.1250,0,0.0000,3,0.1250,0,0,13,0.5417,0
28,DM,"Lsstcorp Data management",Lsstcorp,3137,"Alert Production F17 - 8","2017-08-01 18:56:12","2017-09-01 01:41:00","2017-08-07 20:17:09",111,30.2500,21,9,1.0000,1.0000,93.3333,0,0.0000,0,0.0000,1.0000,0.8095,4,0.1905,4,0.1905,0,0.0000,0,0.0000,1,2,2,0.0952,1,0.0476,1,0.0476,2,2,0.0952,2,0.0952,0,0.0000,0,0,12,0.5714,0
28,DM,"Lsstcorp Data management",Lsstcorp,3134,DB_S17_8,"2017-08-04 23:50:36","2017-09-01 04:59:00","2017-08-10 10:28:16",112,27.2083,22,7,1.0000,1.0000,207.5714,3,0.1364,0,0.0000,1.0000,0.9545,18,0.8182,12,0.5455,6,0.2727,0,0.0000,0,4,3,0.1364,2,0.0909,1,0.0455,8,8,0.3636,5,0.2273,3,0.1364,0,0,14,0.6364,0
28,DM,"Lsstcorp Data management",Lsstcorp,3131,DB_S17_9,"2017-09-01 05:00:51","2017-10-01 04:59:00","2017-09-07 05:00:28",113,29.9583,24,6,0.9583,1.0000,147.6667,0,0.0000,0,0.0000,0.8750,0.7500,16,0.6667,16,0.6667,0,0.0000,0,0.0000,0,1,1,0.0417,1,0.0417,0,0.0000,4,4,0.1667,4,0.1667,0,0.0000,0,0,12,0.5000,0
28,DM,"Lsstcorp Data management",Lsstcorp,3132,"SUIT Sprint 2017-9","2017-09-01 15:04:56","2017-10-01 04:49:00","2017-09-07 13:01:44",114,29.5417,12,5,0.9167,1.0000,117.6000,1,0.0833,0,0.0000,0.9167,0.8333,4,0.3333,2,0.1667,2,0.1667,1,0.0833,0,0,0,0.0000,0,0.0000,0,0.0000,0,0,0.0000,0,0.0000,0,0.0000,0,0,7,0.5833,0
28,DM,"Lsstcorp Data management",Lsstcorp,3129,"DRP F17-4","2017-09-05 14:39:09","2017-09-30 03:00:00","2017-09-10 12:19:19",115,24.5000,57,12,0.9825,0.9167,135.5833,1,0.0175,0,0.0000,0.9825,0.7719,31,0.5439,29,0.5088,2,0.0351,1,0.0175,3,4,4,0.0702,4,0.0702,0,0.0000,10,10,0.1754,9,0.1579,1,0.0175,0,0,26,0.4561,0
28,DM,"Lsstcorp Data management",Lsstcorp,3133,"Alert Production F17 - 9","2017-09-08 00:59:55","2017-09-30 03:00:00","2017-09-12 10:59:56",116,22.0833,31,9,1.0000,1.0000,93.0000,4,0.1290,0,0.0000,1.0000,0.9355,7,0.2258,7,0.2258,0,0.0000,1,0.0323,0,1,1,0.0323,1,0.0323,0,0.0000,24,22,0.7097,22,0.7097,0,0.0000,0,0,9,0.2903,0
28,DM,"Lsstcorp Data management",Lsstcorp,3120,DB_S17_10,"2017-10-01 05:00:27","2017-11-01 04:59:00","2017-10-07 09:48:09",117,30.9583,36,10,0.9722,0.9000,136.4000,1,0.0278,0,0.0000,0.9722,0.8889,28,0.7778,23,0.6389,5,0.1389,0,0.0000,2,2,2,0.0556,0,0.0000,2,0.0556,4,4,0.1111,0,0.0000,4,0.1111,0,0,11,0.3056,0
28,DM,"Lsstcorp Data management",Lsstcorp,3130,"SUIT Sprint 2017-10","2017-10-02 03:12:47","2017-11-01 04:57:00","2017-10-08 03:33:37",118,30.0417,13,6,1.0000,1.0000,136.0000,5,0.3846,0,0.0000,1.0000,0.8462,7,0.5385,4,0.3077,3,0.2308,0,0.0000,0,3,3,0.2308,1,0.0769,2,0.1538,2,2,0.1538,2,0.1538,0,0.0000,0,0,6,0.4615,0
28,DM,"Lsstcorp Data management",Lsstcorp,3127,"DRP F17-5","2017-10-03 18:33:56","2017-11-01 03:30:00","2017-10-09 10:45:08",119,28.3333,28,11,1.0000,1.0000,141.1818,0,0.0000,0,0.0000,1.0000,0.7143,17,0.6071,9,0.3214,8,0.2857,1,0.0357,1,2,2,0.0714,2,0.0714,0,0.0000,10,8,0.2857,6,0.2143,2,0.0714,0,0,14,0.5000,0
28,DM,"Lsstcorp Data management",Lsstcorp,3128,"Alert Production F17 - 10","2017-10-04 14:00:26","2017-10-27 21:00:00","2017-10-09 05:48:20",120,23.2500,22,7,1.0000,1.0000,106.5714,4,0.1818,0,0.0000,1.0000,0.9545,12,0.5455,12,0.5455,0,0.0000,1,0.0455,0,2,2,0.0909,2,0.0909,0,0.0000,9,8,0.3636,8,0.3636,0,0.0000,0,0,16,0.7273,0
28,DM,"Lsstcorp Data management",Lsstcorp,3124,"Alert Production F17 - 11","2017-11-01 13:22:11","2017-12-01 04:00:00","2017-11-07 11:29:44",121,29.5833,35,7,1.0000,1.0000,177.2857,7,0.2000,0,0.0000,0.9714,0.8000,20,0.5714,17,0.4857,3,0.0857,2,0.0571,0,3,3,0.0857,3,0.0857,0,0.0000,24,21,0.6000,21,0.6000,0,0.0000,0,0,15,0.4286,0
28,DM,"Lsstcorp Data management",Lsstcorp,3125,"DRP F17-6","2017-11-01 13:54:38","2017-12-01 04:00:00","2017-11-07 11:55:42",122,29.5833,58,12,1.0000,1.0000,136.0833,1,0.0172,0,0.0000,1.0000,0.8448,24,0.4138,20,0.3448,4,0.0690,3,0.0517,3,1,1,0.0172,0,0.0000,1,0.0172,8,8,0.1379,7,0.1207,1,0.0172,0,0,23,0.3966,0
28,DM,"Lsstcorp Data management",Lsstcorp,3122,"DRP S18-1","2017-12-05 01:25:05","2017-12-31 08:25:00","2017-12-10 07:37:04",123,26.2500,20,8,1.0000,1.0000,114.0000,1,0.0500,0,0.0000,1.0000,0.8500,11,0.5500,10,0.5000,1,0.0500,0,0.0000,0,1,1,0.0500,1,0.0500,0,0.0000,3,3,0.1500,3,0.1500,0,0.0000,0,0,5,0.2500,0
28,DM,"Lsstcorp Data management",Lsstcorp,3121,"AP S18-1","2017-12-06 19:19:31","2018-01-01 07:59:00","2017-12-11 21:51:24",124,25.5000,15,6,0.9333,1.0000,215.8333,0,0.0000,0,0.0000,1.0000,0.8667,6,0.4000,4,0.2667,2,0.1333,0,0.0000,0,1,1,0.0667,1,0.0667,0,0.0000,4,4,0.2667,3,0.2000,1,0.0667,0,0,7,0.4667,0
28,DM,"Lsstcorp Data management",Lsstcorp,3117,BG3_S18_01,"2018-01-01 06:00:55","2018-02-01 05:59:00","2018-01-07 10:48:32",125,30.9583,18,3,1.0000,1.0000,270.6667,0,0.0000,0,0.0000,1.0000,0.8333,15,0.8333,14,0.7778,1,0.0556,0,0.0000,0,3,3,0.1667,1,0.0556,2,0.1111,14,10,0.5556,10,0.5556,0,0.0000,0,0,12,0.6667,0
28,DM,"Lsstcorp Data management",Lsstcorp,3116,"AP S18-2","2018-01-05 00:19:29","2018-02-01 07:59:00","2018-01-10 11:27:23",126,27.2917,24,7,1.0000,1.0000,201.7143,6,0.2500,0,0.0000,1.0000,0.9583,11,0.4583,9,0.3750,2,0.0833,0,0.0000,0,2,2,0.0833,1,0.0417,1,0.0417,1,1,0.0417,1,0.0417,0,0.0000,0,0,13,0.5417,0
28,DM,"Lsstcorp Data management",Lsstcorp,3115,"DRP S18-2","2018-01-09 17:14:58","2018-02-05 01:00:00","2018-01-14 23:35:58",127,26.2917,23,9,1.0000,1.0000,102.8889,2,0.0870,0,0.0000,0.9565,0.8696,20,0.8696,14,0.6087,6,0.2609,0,0.0000,0,5,5,0.2174,5,0.2174,0,0.0000,2,2,0.0870,1,0.0435,1,0.0435,0,0,15,0.6522,0
28,DM,"Lsstcorp Data management",Lsstcorp,3110,BG3_S18_02,"2018-02-01 06:00:44","2018-03-01 05:59:00","2018-02-06 20:24:23",128,27.9583,17,6,1.0000,0.8333,229.0000,0,0.0000,0,0.0000,0.9412,0.8235,14,0.8235,11,0.6471,3,0.1765,0,0.0000,0,0,0,0.0000,0,0.0000,0,0.0000,4,4,0.2353,1,0.0588,3,0.1765,0,0,8,0.4706,0
28,DM,"Lsstcorp Data management",Lsstcorp,3111,DB_S18_02,"2018-02-01 08:00:37","2018-03-01 07:59:00","2018-02-06 22:24:17",129,27.9583,42,10,1.0000,1.0000,146.5000,2,0.0476,0,0.0000,1.0000,0.9286,23,0.5476,13,0.3095,10,0.2381,0,0.0000,0,1,1,0.0238,1,0.0238,0,0.0000,24,22,0.5238,2,0.0476,20,0.4762,0,0,22,0.5238,0
28,DM,"Lsstcorp Data management",Lsstcorp,3114,"SUIT Sprint 2018-02","2018-02-01 14:08:33","2018-03-01 03:53:00","2018-02-07 02:29:26",130,27.5417,25,7,0.9600,1.0000,147.2857,3,0.1200,0,0.0000,0.8400,0.6800,2,0.0800,1,0.0400,1,0.0400,0,0.0000,5,1,1,0.0400,0,0.0000,1,0.0400,0,0,0.0000,0,0.0000,0,0.0000,1,1,13,0.5200,0
28,DM,"Lsstcorp Data management",Lsstcorp,3112,"DRP S18-3","2018-02-06 00:04:13","2018-03-06 00:00:00","2018-02-11 14:27:22",131,27.9583,33,11,0.9697,1.0000,98.4545,1,0.0303,0,0.0000,1.0000,0.7273,28,0.8485,21,0.6364,7,0.2121,0,0.0000,0,4,4,0.1212,4,0.1212,0,0.0000,26,22,0.6667,22,0.6667,0,0.0000,0,0,13,0.3939,0
28,DM,"Lsstcorp Data management",Lsstcorp,3113,"AP S18-3","2018-02-07 23:56:01","2018-03-01 07:59:00","2018-02-12 06:20:36",132,21.3333,21,7,1.0000,1.0000,222.0000,5,0.2381,0,0.0000,0.9524,0.8571,12,0.5714,11,0.5238,1,0.0476,1,0.0476,0,3,2,0.0952,2,0.0952,0,0.0000,4,4,0.1905,4,0.1905,0,0.0000,0,0,16,0.7619,0
28,DM,"Lsstcorp Data management",Lsstcorp,3106,"SUIT Sprint 2018-03","2018-03-01 19:08:32","2018-03-31 20:53:00","2018-03-07 19:29:25",133,30.0417,24,7,0.9583,1.0000,151.8571,3,0.1250,0,0.0000,0.9583,0.8333,9,0.3750,8,0.3333,1,0.0417,0,0.0000,1,3,3,0.1250,3,0.1250,0,0.0000,3,3,0.1250,3,0.1250,0,0.0000,0,0,14,0.5833,0
28,DM,"Lsstcorp Data management",Lsstcorp,3105,"AP S18-4","2018-03-02 23:10:47","2018-03-31 00:00:00","2018-03-08 13:44:37",134,28.0000,35,7,1.0000,1.0000,200.5714,4,0.1143,0,0.0000,0.9429,0.9143,18,0.5143,17,0.4857,1,0.0286,2,0.0571,0,6,6,0.1714,5,0.1429,1,0.0286,9,9,0.2571,9,0.2571,0,0.0000,0,0,24,0.6857,0
28,DM,"Lsstcorp Data management",Lsstcorp,3107,"DRP S18-4","2018-03-06 01:29:16","2018-04-02 01:25:00","2018-03-11 11:04:24",135,26.9583,21,7,1.0000,1.0000,141.5714,0,0.0000,0,0.0000,1.0000,0.9048,17,0.8095,14,0.6667,3,0.1429,0,0.0000,1,0,0,0.0000,0,0.0000,0,0.0000,3,3,0.1429,3,0.1429,0,0.0000,0,0,9,0.4286,0
28,DM,"Lsstcorp Data management",Lsstcorp,3108,DB_S18_03,"2018-03-10 00:20:12","2018-04-01 06:59:00","2018-03-14 11:15:57",136,22.2500,20,8,1.0000,1.0000,154.5000,1,0.0500,0,0.0000,1.0000,0.8500,11,0.5500,5,0.2500,6,0.3000,0,0.0000,1,1,1,0.0500,1,0.0500,0,0.0000,4,4,0.2000,4,0.2000,0,0.0000,0,0,8,0.4000,0
28,DM,"Lsstcorp Data management",Lsstcorp,3103,"SUIT Sprint 2018-04","2018-04-02 01:08:35","2018-05-01 02:53:00","2018-04-07 20:41:28",137,29.0417,31,6,1.0000,1.0000,173.3333,8,0.2581,0,0.0000,0.9355,0.7742,16,0.5161,9,0.2903,7,0.2258,0,0.0000,1,6,6,0.1935,3,0.0968,3,0.0968,21,17,0.5484,14,0.4516,3,0.0968,0,0,18,0.5806,0
28,DM,"Lsstcorp Data management",Lsstcorp,3101,DB_S18_04,"2018-04-03 01:39:55","2018-05-01 06:59:00","2018-04-08 17:07:44",138,28.2083,26,8,0.9615,0.8750,158.8750,1,0.0385,0,0.0000,1.0000,0.8846,21,0.8077,16,0.6154,5,0.1923,0,0.0000,1,3,3,0.1154,2,0.0769,1,0.0385,0,0,0.0000,0,0.0000,0,0.0000,0,0,17,0.6538,0
28,DM,"Lsstcorp Data management",Lsstcorp,3100,"AP S18-5","2018-04-05 21:00:48","2018-05-01 06:50:00","2018-04-10 22:58:38",139,25.3750,29,7,1.0000,1.0000,208.2857,5,0.1724,0,0.0000,1.0000,0.9310,18,0.6207,16,0.5517,2,0.0690,1,0.0345,0,2,2,0.0690,2,0.0690,0,0.0000,10,9,0.3103,9,0.3103,0,0.0000,0,0,19,0.6552,0
28,DM,"Lsstcorp Data management",Lsstcorp,3102,"DRP S18-5","2018-04-08 17:58:16","2018-05-01 00:37:00","2018-04-13 04:54:00",140,22.2500,20,8,0.9500,0.8750,118.6250,1,0.0500,0,0.0000,1.0000,0.9500,17,0.8500,15,0.7500,2,0.1000,0,0.0000,0,1,1,0.0500,1,0.0500,0,0.0000,5,4,0.2000,4,0.2000,0,0.0000,0,0,5,0.2500,0
28,DM,"Lsstcorp Data management",Lsstcorp,3099,"SUIT Sprint 2018-05","2018-05-01 05:05:22","2018-05-30 06:50:00","2018-05-07 00:38:17",141,29.0417,16,6,1.0000,1.0000,161.1667,3,0.1875,0,0.0000,1.0000,0.7500,5,0.3125,5,0.3125,0,0.0000,0,0.0000,0,4,4,0.2500,4,0.2500,0,0.0000,3,2,0.1250,2,0.1250,0,0.0000,0,0,6,0.3750,0
28,DM,"Lsstcorp Data management",Lsstcorp,3096,"DRP S18-6","2018-05-04 21:11:57","2018-06-02 00:00:00","2018-05-10 12:09:33",142,28.0833,30,9,1.0000,1.0000,147.5556,1,0.0333,0,0.0000,1.0000,0.9000,29,0.9667,26,0.8667,3,0.1000,0,0.0000,0,2,2,0.0667,1,0.0333,1,0.0333,6,6,0.2000,5,0.1667,1,0.0333,0,0,13,0.4333,0
28,DM,"Lsstcorp Data management",Lsstcorp,3098,BG3_S18_05,"2018-05-05 01:46:00","2018-06-01 06:59:00","2018-05-10 12:24:36",143,27.2083,16,3,1.0000,1.0000,280.3333,0,0.0000,0,0.0000,1.0000,1.0000,15,0.9375,12,0.7500,3,0.1875,0,0.0000,0,1,1,0.0625,0,0.0000,1,0.0625,0,0,0.0000,0,0.0000,0,0.0000,0,0,10,0.6250,0
28,DM,"Lsstcorp Data management",Lsstcorp,3097,DB_S18_05,"2018-05-05 01:46:29","2018-06-01 06:59:00","2018-05-10 12:24:59",144,27.2083,18,8,1.0000,1.0000,163.5000,4,0.2222,0,0.0000,1.0000,0.9444,13,0.7222,7,0.3889,6,0.3333,0,0.0000,1,3,3,0.1667,3,0.1667,0,0.0000,11,7,0.3889,5,0.2778,2,0.1111,0,0,10,0.5556,0
28,DM,"Lsstcorp Data management",Lsstcorp,3095,"AP S18-6","2018-05-08 20:08:13","2018-06-03 05:58:00","2018-05-13 22:06:10",145,25.3750,59,10,0.9153,1.0000,172.2000,16,0.2712,0,0.0000,0.9831,0.8983,19,0.3220,17,0.2881,2,0.0339,3,0.0508,0,8,6,0.1017,6,0.1017,0,0.0000,26,26,0.4407,7,0.1186,19,0.3220,0,0,32,0.5424,0
28,DM,"Lsstcorp Data management",Lsstcorp,3092,DB_F18_06,"2018-06-01 07:00:00","2018-07-01 06:59:00","2018-06-07 06:59:48",146,29.9583,20,8,1.0000,1.0000,129.8750,3,0.1500,0,0.0000,0.9500,0.9500,18,0.9000,12,0.6000,6,0.3000,0,0.0000,1,3,3,0.1500,2,0.1000,1,0.0500,5,5,0.2500,5,0.2500,0,0.0000,0,0,9,0.4500,0
28,DM,"Lsstcorp Data management",Lsstcorp,3094,"SUIT Sprint 2018-06","2018-06-01 13:50:25","2018-07-01 03:35:00","2018-06-07 11:47:20",147,29.5417,36,7,0.9722,1.0000,164.5714,7,0.1944,0,0.0000,0.9722,0.7500,15,0.4167,12,0.3333,3,0.0833,0,0.0000,4,10,8,0.2222,6,0.1667,2,0.0556,10,8,0.2222,7,0.1944,1,0.0278,0,0,16,0.4444,0
28,DM,"Lsstcorp Data management",Lsstcorp,3093,"DRP F18-1","2018-06-06 04:28:36","2018-06-30 07:17:00","2018-06-11 00:14:16",148,24.0833,14,7,1.0000,1.0000,130.1429,1,0.0714,0,0.0000,1.0000,0.7857,10,0.7143,9,0.6429,1,0.0714,0,0.0000,0,3,3,0.2143,3,0.2143,0,0.0000,3,3,0.2143,3,0.2143,0,0.0000,0,0,3,0.2143,0
28,DM,"Lsstcorp Data management",Lsstcorp,3090,"AP F18-1","2018-06-12 22:33:34","2018-07-01 01:22:00","2018-06-16 13:31:15",149,18.0833,33,8,1.0000,1.0000,192.2500,7,0.2121,0,0.0000,0.9697,0.9697,13,0.3939,12,0.3636,1,0.0303,1,0.0303,1,1,1,0.0303,1,0.0303,0,0.0000,2,2,0.0606,0,0.0000,2,0.0606,0,0,13,0.3939,0
28,DM,"Lsstcorp Data management",Lsstcorp,3087,BG3_F18_07,"2018-07-01 07:00:23","2018-08-01 06:59:00","2018-07-07 11:48:06",150,30.9583,10,5,1.0000,1.0000,264.6000,1,0.1000,0,0.0000,1.0000,0.9000,9,0.9000,9,0.9000,0,0.0000,0,0.0000,1,1,1,0.1000,1,0.1000,0,0.0000,2,2,0.2000,2,0.2000,0,0.0000,0,0,1,0.1000,0
28,DM,"Lsstcorp Data management",Lsstcorp,3088,DB_F18_07,"2018-07-01 07:00:50","2018-08-01 06:59:00","2018-07-07 11:48:28",151,30.9583,19,6,0.9474,1.0000,229.8333,1,0.0526,0,0.0000,0.7368,0.9474,18,0.9474,15,0.7895,3,0.1579,0,0.0000,1,2,2,0.1053,2,0.1053,0,0.0000,4,4,0.2105,2,0.1053,2,0.1053,0,0,12,0.6316,0
28,DM,"Lsstcorp Data management",Lsstcorp,3089,"SUIT Sprint 2018-07","2018-07-02 05:03:38","2018-08-01 06:48:00","2018-07-08 05:24:30",152,30.0417,10,5,1.0000,1.0000,177.8000,2,0.2000,0,0.0000,0.9000,0.9000,2,0.2000,2,0.2000,0,0.0000,0,0.0000,1,4,3,0.3000,1,0.1000,2,0.2000,2,2,0.2000,1,0.1000,1,0.1000,0,0,6,0.6000,0
28,DM,"Lsstcorp Data management",Lsstcorp,3086,"DRP F18-2","2018-07-03 04:48:41","2018-07-27 07:37:00","2018-07-08 00:34:20",153,24.0833,21,10,1.0000,1.0000,164.9000,2,0.0952,0,0.0000,1.0000,0.9524,17,0.8095,17,0.8095,0,0.0000,0,0.0000,1,9,8,0.3810,8,0.3810,0,0.0000,6,6,0.2857,6,0.2857,0,0.0000,0,0,9,0.4286,0
28,DM,"Lsstcorp Data management",Lsstcorp,3085,"AP F18-2","2018-07-13 19:33:19","2018-08-01 06:22:00","2018-07-17 12:07:03",154,18.4167,39,7,1.0000,1.0000,151.2857,7,0.1795,0,0.0000,1.0000,0.9231,13,0.3333,10,0.2564,3,0.0769,2,0.0513,0,2,2,0.0513,0,0.0000,2,0.0513,7,7,0.1795,6,0.1538,1,0.0256,0,0,19,0.4872,0
28,DM,"Lsstcorp Data management",Lsstcorp,3080,DB_F18_08,"2018-08-01 07:00:09","2018-09-01 06:59:00","2018-08-07 11:47:55",155,30.9583,23,8,1.0000,0.8750,183.1250,4,0.1739,0,0.0000,1.0000,0.7826,21,0.9130,15,0.6522,6,0.2609,0,0.0000,3,9,9,0.3913,3,0.1304,6,0.2609,8,8,0.3478,5,0.2174,3,0.1304,0,0,10,0.4348,0
28,DM,"Lsstcorp Data management",Lsstcorp,3083,"SUIT Sprint 2018-08","2018-08-01 13:31:30","2018-09-01 04:16:00","2018-08-07 16:28:24",156,30.5833,24,7,1.0000,1.0000,172.8571,7,0.2917,0,0.0000,1.0000,0.7083,9,0.3750,4,0.1667,5,0.2083,0,0.0000,1,4,4,0.1667,4,0.1667,0,0.0000,14,12,0.5000,10,0.4167,2,0.0833,0,0,15,0.6250,0
28,DM,"Lsstcorp Data management",Lsstcorp,3081,"DRP F18-3","2018-08-04 15:58:23","2018-09-01 01:00:00","2018-08-10 03:22:42",157,27.3750,16,9,1.0000,1.0000,99.1111,0,0.0000,0,0.0000,1.0000,0.8125,12,0.7500,5,0.3125,7,0.4375,0,0.0000,0,2,2,0.1250,2,0.1250,0,0.0000,1,1,0.0625,0,0.0000,1,0.0625,0,0,9,0.5625,0
28,DM,"Lsstcorp Data management",Lsstcorp,3082,"AP F18-3","2018-08-09 17:34:09","2018-09-01 06:00:00","2018-08-14 05:39:19",158,22.5000,20,9,1.0000,1.0000,194.2222,3,0.1500,0,0.0000,0.8000,0.9500,9,0.4500,8,0.4000,1,0.0500,1,0.0500,1,3,3,0.1500,2,0.1000,1,0.0500,4,4,0.2000,3,0.1500,1,0.0500,0,0,13,0.6500,0
28,DM,"Lsstcorp Data management",Lsstcorp,3073,DB_F18_09,"2018-09-01 07:00:53","2018-10-01 06:59:00","2018-09-07 07:00:30",159,29.9583,10,6,1.0000,0.8333,165.6667,1,0.1000,0,0.0000,1.0000,0.9000,8,0.8000,7,0.7000,1,0.1000,0,0.0000,0,0,0,0.0000,0,0.0000,0,0.0000,6,6,0.6000,5,0.5000,1,0.1000,0,0,4,0.4000,0
28,DM,"Lsstcorp Data management",Lsstcorp,3078,"SUIT Sprint 2018-09","2018-09-01 15:19:00","2018-09-30 18:04:00","2018-09-07 11:04:00",160,29.0833,18,5,0.9444,1.0000,184.8000,5,0.2778,0,0.0000,0.9444,0.7778,3,0.1667,3,0.1667,0,0.0000,0,0.0000,2,3,3,0.1667,2,0.1111,1,0.0556,1,1,0.0556,0,0.0000,1,0.0556,0,0,9,0.5000,0
28,DM,"Lsstcorp Data management",Lsstcorp,3075,"AP F18-4","2018-09-05 04:31:58","2018-09-30 01:00:00","2018-09-10 03:49:34",161,24.8333,39,9,0.9231,0.8889,129.6667,5,0.1282,0,0.0000,0.9744,0.8974,21,0.5385,15,0.3846,6,0.1538,1,0.0256,5,4,4,0.1026,2,0.0513,2,0.0513,10,10,0.2564,8,0.2051,2,0.0513,0,0,19,0.4872,0
28,DM,"Lsstcorp Data management",Lsstcorp,3074,"DRP F18-4","2018-09-05 15:16:26","2018-10-03 00:18:00","2018-09-11 02:40:44",162,27.3750,26,8,0.9615,1.0000,122.2500,3,0.1154,0,0.0000,1.0000,0.9231,18,0.6923,14,0.5385,4,0.1538,0,0.0000,1,2,1,0.0385,1,0.0385,0,0.0000,22,18,0.6923,14,0.5385,4,0.1538,0,0,15,0.5769,0
28,DM,"Lsstcorp Data management",Lsstcorp,3072,BG3_F18_09,"2018-09-07 15:42:40","2018-10-02 00:00:00","2018-09-12 12:34:08",163,24.3333,11,3,1.0000,1.0000,353.3333,2,0.1818,0,0.0000,1.0000,1.0000,9,0.8182,7,0.6364,2,0.1818,0,0.0000,0,2,2,0.1818,2,0.1818,0,0.0000,5,5,0.4545,5,0.4545,0,0.0000,0,0,6,0.5455,0
28,DM,"Lsstcorp Data management",Lsstcorp,3079,"Arch 2018-09-17","2018-09-14 18:35:08","2018-09-17 22:00:00","2018-09-15 09:40:06",164,3.1250,16,4,1.0000,1.0000,164.7500,0,0.0000,0,0.0000,0.2500,0.7500,0,0.0000,0,0.0000,0,0.0000,7,0.4375,0,0,0,0.0000,0,0.0000,0,0.0000,9,9,0.5625,9,0.5625,0,0.0000,0,0,7,0.4375,0
28,DM,"Lsstcorp Data management",Lsstcorp,3076,"Arch 2018-10-01","2018-09-24 22:00:24","2018-10-01 22:00:00","2018-09-26 07:36:19",165,6.9583,18,5,1.0000,1.0000,172.0000,0,0.0000,0,0.0000,0.2222,0.5556,13,0.7222,13,0.7222,0,0.0000,0,0.0000,3,0,0,0.0000,0,0.0000,0,0.0000,23,15,0.8333,15,0.8333,0,0.0000,0,0,8,0.4444,0
28,DM,"Lsstcorp Data management",Lsstcorp,3063,DB_F18_10,"2018-10-01 07:00:38","2018-11-01 06:59:00","2018-10-07 11:48:18",166,30.9583,14,7,1.0000,1.0000,153.0000,1,0.0714,0,0.0000,1.0000,1.0000,12,0.8571,11,0.7857,1,0.0714,0,0.0000,0,3,3,0.2143,2,0.1429,1,0.0714,3,3,0.2143,3,0.2143,0,0.0000,0,0,7,0.5000,0
28,DM,"Lsstcorp Data management",Lsstcorp,3062,BG3_F18_10,"2018-10-01 07:00:47","2018-11-01 06:59:00","2018-10-07 11:48:25",167,30.9583,10,3,1.0000,1.0000,363.3333,2,0.2000,0,0.0000,1.0000,1.0000,8,0.8000,7,0.7000,1,0.1000,0,0.0000,0,0,0,0.0000,0,0.0000,0,0.0000,4,4,0.4000,3,0.3000,1,0.1000,0,0,9,0.9000,1
28,DM,"Lsstcorp Data management",Lsstcorp,3069,"SUIT Sprint 2018-10","2018-10-01 17:45:38","2018-11-01 03:30:00","2018-10-07 19:42:30",168,30.3750,19,6,0.9474,1.0000,177.0000,7,0.3684,0,0.0000,0.8421,0.6842,8,0.4211,1,0.0526,7,0.3684,0,0.0000,2,6,6,0.3158,2,0.1053,4,0.2105,6,6,0.3158,2,0.1053,4,0.2105,0,0,10,0.5263,0
28,DM,"Lsstcorp Data management",Lsstcorp,3071,"Arch 2018-10-08","2018-10-01 22:39:40","2018-10-08 22:39:00","2018-10-03 08:15:32",169,6.9583,10,3,1.0000,1.0000,144.6667,4,0.4000,0,0.0000,0.7000,0.4000,6,0.6000,5,0.5000,1,0.1000,0,0.0000,0,2,2,0.2000,2,0.2000,0,0.0000,0,0,0.0000,0,0.0000,0,0.0000,0,0,5,0.5000,0
28,DM,"Lsstcorp Data management",Lsstcorp,3065,"DRP F18-5","2018-10-02 20:47:10","2018-11-03 05:49:00","2018-10-09 03:23:32",170,31.3750,20,10,1.0000,1.0000,119.3000,3,0.1500,0,0.0000,1.0000,1.0000,16,0.8000,12,0.6000,4,0.2000,0,0.0000,0,5,5,0.2500,4,0.2000,1,0.0500,17,15,0.7500,15,0.7500,0,0.0000,0,0,11,0.5500,0
28,DM,"Lsstcorp Data management",Lsstcorp,3068,"AP F18-5","2018-10-02 21:57:51","2018-11-01 01:00:00","2018-10-08 17:46:16",171,29.1250,21,7,1.0000,0.7143,168.5714,1,0.0476,0,0.0000,1.0000,0.9048,12,0.5714,8,0.3810,4,0.1905,1,0.0476,0,2,2,0.0952,2,0.0952,0,0.0000,5,5,0.2381,5,0.2381,0,0.0000,0,0,16,0.7619,0
28,DM,"Lsstcorp Data management",Lsstcorp,3067,"Arch 2018-10-22","2018-10-15 22:43:03","2018-10-22 22:00:00","2018-10-17 08:10:26",172,6.9583,13,4,1.0000,1.0000,162.5000,0,0.0000,0,0.0000,0.3846,0.3846,8,0.6154,3,0.2308,5,0.3846,0,0.0000,0,4,4,0.3077,0,0.0000,4,0.3077,3,3,0.2308,3,0.2308,0,0.0000,0,0,4,0.3077,0
28,DM,"Lsstcorp Data management",Lsstcorp,3066,"Arch 2018-10-29","2018-10-22 23:00:40","2018-10-29 22:00:00","2018-10-24 08:24:32",173,6.9167,17,3,1.0000,1.0000,153.3333,0,0.0000,0,0.0000,0.7647,0.5882,7,0.4118,6,0.3529,1,0.0588,1,0.0588,1,2,2,0.1176,2,0.1176,0,0.0000,3,3,0.1765,1,0.0588,2,0.1176,0,0,8,0.4706,0
28,DM,"Lsstcorp Data management",Lsstcorp,3049,DB_F18_11,"2018-11-01 07:00:32","2018-12-01 07:59:00","2018-11-07 07:12:13",174,30.0000,25,5,1.0000,1.0000,187.2000,3,0.1200,0,0.0000,1.0000,0.8800,25,1.0000,21,0.8400,4,0.1600,0,0.0000,3,1,1,0.0400,1,0.0400,0,0.0000,4,4,0.1600,1,0.0400,3,0.1200,0,0,3,0.1200,0
28,DM,"Lsstcorp Data management",Lsstcorp,3056,"AP F18-6","2018-11-03 09:46:06","2018-12-01 02:00:00","2018-11-08 22:36:52",175,27.6667,30,11,1.0000,0.8182,128.9091,6,0.2000,0,0.0000,1.0000,0.7333,6,0.2000,4,0.1333,2,0.0667,2,0.0667,1,0,0,0.0000,0,0.0000,0,0.0000,3,2,0.0667,1,0.0333,1,0.0333,0,0,17,0.5667,0
28,DM,"Lsstcorp Data management",Lsstcorp,3052,"DRP S19-1","2018-12-02 20:39:55","2019-01-03 05:41:00","2018-12-09 03:16:08",176,31.3750,18,7,1.0000,0.8571,76.1429,1,0.0556,0,0.0000,1.0000,1.0000,16,0.8889,15,0.8333,1,0.0556,0,0.0000,0,1,1,0.0556,0,0.0000,1,0.0556,3,3,0.1667,3,0.1667,0,0.0000,0,0,12,0.6667,0
28,DM,"Lsstcorp Data management",Lsstcorp,3050,"AP S19-1","2018-12-06 00:56:17","2019-01-01 01:00:00","2018-12-11 05:45:01",177,26.0000,33,10,1.0000,0.9000,188.0000,3,0.0909,0,0.0000,1.0000,0.8182,20,0.6061,14,0.4242,6,0.1818,0,0.0000,0,10,9,0.2727,8,0.2424,1,0.0303,10,10,0.3030,5,0.1515,5,0.1515,0,0,16,0.4848,0
28,DM,"Lsstcorp Data management",Lsstcorp,3041,DB_S19_01,"2019-01-01 08:00:48","2019-02-01 07:59:00","2019-01-07 12:48:26",178,30.9583,24,5,1.0000,1.0000,229.2000,2,0.0833,0,0.0000,1.0000,0.8333,16,0.6667,16,0.6667,0,0.0000,3,0.1250,0,3,3,0.1250,3,0.1250,0,0.0000,12,11,0.4583,11,0.4583,0,0.0000,0,0,16,0.6667,0
28,DM,"Lsstcorp Data management",Lsstcorp,3047,"SUIT Sprint 2019-01","2019-01-02 23:06:35","2019-02-01 04:00:00","2019-01-08 19:17:16",179,29.1667,17,7,0.9412,1.0000,187.5714,1,0.0588,0,0.0000,0.8824,0.5882,6,0.3529,5,0.2941,1,0.0588,0,0.0000,2,3,3,0.1765,2,0.1176,1,0.0588,1,1,0.0588,1,0.0588,0,0.0000,0,0,5,0.2941,0
28,DM,"Lsstcorp Data management",Lsstcorp,3037,"DRP S19-2","2019-01-10 21:24:27","2019-02-02 06:26:00","2019-01-15 08:48:45",181,22.3750,27,9,1.0000,1.0000,133.0000,1,0.0370,0,0.0000,1.0000,0.9259,25,0.9259,20,0.7407,5,0.1852,1,0.0370,0,2,2,0.0741,1,0.0370,1,0.0370,5,5,0.1852,3,0.1111,2,0.0741,0,0,18,0.6667,0
28,DM,"Lsstcorp Data management",Lsstcorp,3042,"AP S19-2","2019-01-14 15:10:50","2019-02-01 01:00:00","2019-01-18 02:44:40",182,17.3750,21,5,1.0000,1.0000,234.6000,3,0.1429,0,0.0000,1.0000,0.9524,7,0.3333,4,0.1905,3,0.1429,4,0.1905,0,2,2,0.0952,2,0.0952,0,0.0000,5,5,0.2381,3,0.1429,2,0.0952,0,0,11,0.5238,0
28,DM,"Lsstcorp Data management",Lsstcorp,3040,"TSSW Sprint - Jan 21 - Feb 02","2019-01-22 22:34:40","2019-02-03 22:34:00","2019-01-25 08:10:32",183,11.9583,40,12,1.0000,0.8333,54.1667,0,0.0000,0,0.0000,1.0000,0.9250,16,0.4000,14,0.3500,2,0.0500,1,0.0250,0,8,8,0.2000,8,0.2000,0,0.0000,7,7,0.1750,7,0.1750,0,0.0000,0,0,38,0.9500,1
28,DM,"Lsstcorp Data management",Lsstcorp,3039,"Arch 2019-01-28","2019-01-28 23:00:05","2019-02-04 23:00:00","2019-01-30 08:36:04",184,6.9583,10,4,1.0000,1.0000,188.7500,0,0.0000,0,0.0000,0.8000,0.8000,4,0.4000,3,0.3000,1,0.1000,0,0.0000,0,2,2,0.2000,0,0.0000,2,0.2000,3,3,0.3000,1,0.1000,2,0.2000,0,0,6,0.6000,0
28,DM,"Lsstcorp Data management",Lsstcorp,3019,DB_S19_02,"2019-02-01 08:00:22","2019-03-01 07:59:00","2019-02-06 22:24:05",185,27.9583,21,8,1.0000,1.0000,186.5000,1,0.0476,0,0.0000,1.0000,0.9048,18,0.8571,12,0.5714,6,0.2857,0,0.0000,0,5,5,0.2381,0,0.0000,5,0.2381,6,6,0.2857,4,0.1905,2,0.0952,0,0,7,0.3333,0
28,DM,"Lsstcorp Data management",Lsstcorp,3035,"SUIT Sprint 2019-02","2019-02-01 15:02:21","2019-03-01 03:56:00","2019-02-07 03:13:04",186,27.5000,20,7,1.0000,1.0000,189.4286,3,0.1500,0,0.0000,1.0000,0.6500,6,0.3000,1,0.0500,5,0.2500,0,0.0000,6,3,3,0.1500,1,0.0500,2,0.1000,2,2,0.1000,1,0.0500,1,0.0500,0,1,6,0.3000,0
28,DM,"Lsstcorp Data management",Lsstcorp,3036,"Arch 2019-02-04","2019-02-04 23:00:09","2019-02-11 23:00:00","2019-02-06 08:36:07",187,6.9583,10,4,1.0000,1.0000,167.2500,0,0.0000,0,0.0000,0.4000,0.9000,7,0.7000,2,0.2000,5,0.5000,0,0.0000,0,2,2,0.2000,1,0.1000,1,0.1000,2,2,0.2000,1,0.1000,1,0.1000,0,0,2,0.2000,0
28,DM,"Lsstcorp Data management",Lsstcorp,3034,"TSSW Sprint - Feb 04 - Feb 16","2019-02-04 23:07:11","2019-02-16 23:07:00","2019-02-07 08:43:08",188,11.9583,43,10,1.0000,0.8000,67.4000,5,0.1163,0,0.0000,0.9070,0.9767,15,0.3488,10,0.2326,5,0.1163,0,0.0000,0,0,0,0.0000,0,0.0000,0,0.0000,16,10,0.2326,2,0.0465,8,0.1860,0,0,20,0.4651,0
28,DM,"Lsstcorp Data management",Lsstcorp,3031,"AP S19-3","2019-02-06 05:15:19","2019-03-01 01:00:00","2019-02-10 18:48:15",189,22.7917,48,10,0.9792,0.9000,142.9000,2,0.0417,0,0.0000,1.0000,0.9167,17,0.3542,13,0.2708,4,0.0833,5,0.1042,3,5,4,0.0833,4,0.0833,0,0.0000,18,18,0.3750,18,0.3750,0,0.0000,0,0,28,0.5833,0
28,DM,"Lsstcorp Data management",Lsstcorp,3030,"DRP S19-3","2019-02-09 01:36:53","2019-03-02 01:36:00","2019-02-13 06:24:42",190,20.9583,28,10,1.0000,1.0000,131.0000,3,0.1071,0,0.0000,1.0000,0.8929,14,0.5000,11,0.3929,3,0.1071,7,0.2500,0,5,4,0.1429,2,0.0714,2,0.0714,15,15,0.5357,13,0.4643,2,0.0714,0,0,20,0.7143,0
28,DM,"Lsstcorp Data management",Lsstcorp,3029,"TSSW Sprint - Feb 18 - Mar 02","2019-02-18 11:39:44","2019-03-03 11:39:00","2019-02-21 02:03:35",191,12.9583,27,9,1.0000,1.0000,81.5556,1,0.0370,0,0.0000,0.8519,0.9630,18,0.6667,11,0.4074,7,0.2593,0,0.0000,0,0,0,0.0000,0,0.0000,0,0.0000,13,11,0.4074,6,0.2222,5,0.1852,0,0,18,0.6667,0
28,DM,"Lsstcorp Data management",Lsstcorp,3015,"SUIT Sprint 2019-03","2019-03-01 14:51:49","2019-04-01 03:45:00","2019-03-07 17:26:27",192,30.5000,24,7,1.0000,1.0000,191.8571,6,0.2500,0,0.0000,0.9167,0.6250,11,0.4583,6,0.2500,5,0.2083,0,0.0000,6,4,4,0.1667,2,0.0833,2,0.0833,22,14,0.5833,14,0.5833,0,0.0000,0,0,13,0.5417,0
28,DM,"Lsstcorp Data management",Lsstcorp,3016,"AP S19-4","2019-03-01 16:20:08","2019-03-30 00:00:00","2019-03-07 08:16:06",193,28.2917,15,5,1.0000,1.0000,121.2000,3,0.2000,0,0.0000,1.0000,0.8667,4,0.2667,2,0.1333,2,0.1333,0,0.0000,1,3,3,0.2000,3,0.2000,0,0.0000,5,5,0.3333,5,0.3333,0,0.0000,0,0,6,0.4000,0
28,DM,"Lsstcorp Data management",Lsstcorp,3018,"TSSW Sprint - Mar 04 - Mar 16","2019-03-04 16:55:25","2019-03-16 16:55:00","2019-03-07 02:31:20",194,11.9583,30,10,1.0000,1.0000,77.1000,3,0.1000,0,0.0000,0.8333,0.9333,15,0.5000,12,0.4000,3,0.1000,1,0.0333,0,3,3,0.1000,2,0.0667,1,0.0333,6,6,0.2000,3,0.1000,3,0.1000,0,0,17,0.5667,0
28,DM,"Lsstcorp Data management",Lsstcorp,3010,"DRP S19-4","2019-03-05 21:49:27","2019-04-01 00:49:00","2019-03-11 03:13:21",195,26.0833,24,8,1.0000,1.0000,101.0000,3,0.1250,0,0.0000,1.0000,1.0000,18,0.7500,15,0.6250,3,0.1250,0,0.0000,0,1,1,0.0417,0,0.0000,1,0.0417,1,1,0.0417,0,0.0000,1,0.0417,0,0,10,0.4167,0
28,DM,"Lsstcorp Data management",Lsstcorp,3012,"TSSW Sprint - Mar 18 - Mar 30","2019-03-19 00:15:02","2019-03-31 00:15:00","2019-03-21 09:51:01",196,11.9583,45,10,1.0000,1.0000,81.5000,7,0.1556,0,0.0000,0.8444,0.9778,13,0.2889,9,0.2000,4,0.0889,0,0.0000,1,6,4,0.0889,2,0.0444,2,0.0444,12,12,0.2667,6,0.1333,6,0.1333,0,0,21,0.4667,0
28,DM,"Lsstcorp Data management",Lsstcorp,3003,DB_S19_04,"2019-04-01 04:00:55","2019-05-01 03:59:00","2019-04-07 04:00:32",197,29.9583,17,8,1.0000,1.0000,207.8750,0,0.0000,0,0.0000,0.9412,0.8824,17,1.0000,14,0.8235,3,0.1765,0,0.0000,0,0,0,0.0000,0,0.0000,0,0.0000,4,4,0.2353,4,0.2353,0,0.0000,0,0,9,0.5294,0
28,DM,"Lsstcorp Data management",Lsstcorp,3011,"SUIT Sprint 2019-04","2019-04-01 08:57:00","2019-05-01 06:00:00","2019-04-07 08:21:36",198,29.8750,11,5,1.0000,1.0000,191.4000,0,0.0000,0,0.0000,0.8182,0.4545,0,0.0000,0,0.0000,0,0.0000,1,0.0909,2,2,2,0.1818,0,0.0000,2,0.1818,2,2,0.1818,0,0.0000,2,0.1818,0,0,3,0.2727,0
28,DM,"Lsstcorp Data management",Lsstcorp,3007,"TSSW Sprint - Apr 1 - Apr 13","2019-04-01 16:08:25","2019-04-13 16:08:00","2019-04-04 01:44:20",199,11.9583,37,11,1.0000,1.0000,81.8182,2,0.0541,0,0.0000,1.0000,0.9459,20,0.5405,10,0.2703,10,0.2703,0,0.0000,3,0,0,0.0000,0,0.0000,0,0.0000,4,4,0.1081,2,0.0541,2,0.0541,0,0,12,0.3243,0
28,DM,"Lsstcorp Data management",Lsstcorp,3002,"AP S19-5","2019-04-01 21:06:49","2019-05-01 00:00:00","2019-04-07 16:53:27",200,29.0833,39,9,1.0000,1.0000,196.3333,10,0.2564,0,0.0000,1.0000,0.8205,20,0.5128,17,0.4359,3,0.0769,0,0.0000,5,10,8,0.2051,7,0.1795,1,0.0256,13,13,0.3333,11,0.2821,2,0.0513,0,0,23,0.5897,0
28,DM,"Lsstcorp Data management",Lsstcorp,3009,"Arch 2019-04-01","2019-04-01 22:00:14","2019-04-08 22:00:00","2019-04-03 07:36:11",201,6.9583,12,4,1.0000,1.0000,182.2500,1,0.0833,0,0.0000,0.5833,0.9167,2,0.1667,0,0.0000,2,0.1667,1,0.0833,1,1,1,0.0833,0,0.0000,1,0.0833,8,7,0.5833,6,0.5000,1,0.0833,0,0,7,0.5833,0
28,DM,"Lsstcorp Data management",Lsstcorp,3004,"TSSW Sprint - Apr 15 - Apr 27","2019-04-15 15:40:53","2019-04-27 15:40:00","2019-04-18 01:16:42",202,11.9583,27,9,1.0000,1.0000,88.7778,0,0.0000,0,0.0000,1.0000,1.0000,15,0.5556,11,0.4074,4,0.1481,0,0.0000,0,1,1,0.0370,0,0.0000,1,0.0370,5,5,0.1852,3,0.1111,2,0.0741,0,0,8,0.2963,0
28,DM,"Lsstcorp Data management",Lsstcorp,2997,"TSSW Sprint - Apr 29 - May 11","2019-04-29 15:21:50","2019-05-11 15:21:00","2019-05-02 00:57:40",203,11.9583,23,9,1.0000,1.0000,107.0000,1,0.0435,0,0.0000,0.9130,1.0000,10,0.4348,7,0.3043,3,0.1304,0,0.0000,0,1,1,0.0435,1,0.0435,0,0.0000,8,6,0.2609,3,0.1304,3,0.1304,0,0,8,0.3478,0
28,DM,"Lsstcorp Data management",Lsstcorp,2992,DB_S19_05,"2019-05-01 04:00:43","2019-06-01 03:59:00","2019-05-07 08:48:22",204,30.9583,12,4,1.0000,1.0000,185.2500,0,0.0000,0,0.0000,1.0000,1.0000,12,1.0000,9,0.7500,3,0.2500,0,0.0000,0,0,0,0.0000,0,0.0000,0,0.0000,2,2,0.1667,2,0.1667,0,0.0000,0,0,11,0.9167,1
28,DM,"Lsstcorp Data management",Lsstcorp,2989,"AP S19-6","2019-05-02 21:53:20","2019-06-01 00:00:00","2019-05-08 17:30:40",205,29.0833,34,7,1.0000,1.0000,213.5714,3,0.0882,0,0.0000,1.0000,0.8235,19,0.5588,16,0.4706,3,0.0882,1,0.0294,3,0,0,0.0000,0,0.0000,0,0.0000,1,1,0.0294,1,0.0294,0,0.0000,0,0,11,0.3235,0
28,DM,"Lsstcorp Data management",Lsstcorp,2996,"DRP S19-6a","2019-05-05 22:07:58","2019-05-18 01:07:00","2019-05-08 08:19:46",206,12.0833,19,6,1.0000,1.0000,124.8333,0,0.0000,0,0.0000,1.0000,0.6316,19,1.0000,14,0.7368,5,0.2632,0,0.0000,0,0,0,0.0000,0,0.0000,0,0.0000,0,0,0.0000,0,0.0000,0,0.0000,0,0,6,0.3158,0
28,DM,"Lsstcorp Data management",Lsstcorp,2995,"TSSW Sprint - May 13 - May 25","2019-05-13 21:30:58","2019-05-25 21:30:00","2019-05-16 07:06:46",207,11.9583,40,11,1.0000,1.0000,94.3636,3,0.0750,0,0.0000,0.8750,0.9750,27,0.6750,13,0.3250,14,0.3500,0,0.0000,0,0,0,0.0000,0,0.0000,0,0.0000,19,19,0.4750,14,0.3500,5,0.1250,0,0,19,0.4750,0
28,DM,"Lsstcorp Data management",Lsstcorp,2988,"DRP S19-6b","2019-05-20 19:29:45","2019-06-01 22:29:00","2019-05-23 05:41:36",208,12.0833,32,7,1.0000,1.0000,113.8571,0,0.0000,0,0.0000,1.0000,0.9688,11,0.3438,8,0.2500,3,0.0938,0,0.0000,0,0,0,0.0000,0,0.0000,0,0.0000,3,3,0.0938,2,0.0625,1,0.0313,0,0,5,0.1563,0
28,DM,"Lsstcorp Data management",Lsstcorp,2990,"TSSW Sprint - May 28 - Jun 8","2019-05-28 16:26:10","2019-06-08 16:26:00","2019-05-30 21:14:08",209,10.9583,30,10,1.0000,1.0000,102.8000,3,0.1000,0,0.0000,0.8667,0.9667,17,0.5667,8,0.2667,9,0.3000,0,0.0000,0,0,0,0.0000,0,0.0000,0,0.0000,7,7,0.2333,3,0.1000,4,0.1333,0,0,12,0.4000,0
28,DM,"Lsstcorp Data management",Lsstcorp,2987,"TSSW Sprint - Jun 10 - Jun 22","2019-06-10 20:16:28","2019-06-23 20:16:00","2019-06-13 10:40:22",210,12.9583,33,10,1.0000,1.0000,100.6000,3,0.0909,0,0.0000,0.5455,0.6364,31,0.9394,23,0.6970,8,0.2424,0,0.0000,0,1,1,0.0303,0,0.0000,1,0.0303,4,4,0.1212,1,0.0303,3,0.0909,0,0,22,0.6667,0
28,DM,"Lsstcorp Data management",Lsstcorp,2980,"DRP F19-1","2019-06-14 16:39:04","2019-07-05 19:39:00","2019-06-18 22:03:03",211,21.0833,16,7,1.0000,1.0000,103.8571,0,0.0000,0,0.0000,1.0000,0.9375,13,0.8125,11,0.6875,2,0.1250,0,0.0000,0,1,1,0.0625,1,0.0625,0,0.0000,4,4,0.2500,3,0.1875,1,0.0625,0,0,5,0.3125,0
28,DM,"Lsstcorp Data management",Lsstcorp,2977,"AP F19-1","2019-06-17 14:31:14","2019-06-30 01:00:00","2019-06-20 02:12:59",212,12.4167,32,8,1.0000,1.0000,252.3750,2,0.0625,0,0.0000,1.0000,0.8750,20,0.6250,15,0.4688,5,0.1563,3,0.0938,0,6,3,0.0938,1,0.0313,2,0.0625,4,4,0.1250,2,0.0625,2,0.0625,0,0,8,0.2500,0
28,DM,"Lsstcorp Data management",Lsstcorp,2982,"TSSW Sprint - Jun 24 - Jul 6","2019-06-24 14:51:31","2019-07-06 14:51:00","2019-06-27 00:27:24",213,11.9583,21,6,0.9524,1.0000,164.1667,1,0.0476,0,0.0000,0.7143,1.0000,11,0.5238,8,0.3810,3,0.1429,0,0.0000,0,2,2,0.0952,1,0.0476,1,0.0476,2,2,0.0952,1,0.0476,1,0.0476,0,0,10,0.4762,0
28,DM,"Lsstcorp Data management",Lsstcorp,2959,DB_F19_07,"2019-07-03 21:07:42","2019-08-02 21:06:00","2019-07-09 21:07:21",214,29.9583,67,9,1.0000,1.0000,194.3333,10,0.1493,0,0.0000,0.9254,0.9104,41,0.6119,41,0.6119,0,0.0000,0,0.0000,0,6,6,0.0896,6,0.0896,0,0.0000,26,25,0.3731,4,0.0597,21,0.3134,0,0,11,0.1642,0
28,DM,"Lsstcorp Data management",Lsstcorp,2976,"TSSW Sprint - Jul 8 - Jul 20","2019-07-08 23:18:35","2019-07-20 23:18:00","2019-07-11 08:54:28",215,11.9583,16,9,1.0000,1.0000,106.4444,1,0.0625,0,0.0000,0.9375,0.9375,10,0.6250,10,0.6250,0,0.0000,1,0.0625,0,0,0,0.0000,0,0.0000,0,0.0000,3,3,0.1875,3,0.1875,0,0.0000,0,0,6,0.3750,0
28,DM,"Lsstcorp Data management",Lsstcorp,2962,"DRP F19-2","2019-07-15 15:18:31","2019-08-05 18:18:00","2019-07-19 20:42:24",216,21.0833,13,5,1.0000,1.0000,133.2000,1,0.0769,0,0.0000,1.0000,0.9231,12,0.9231,10,0.7692,2,0.1538,0,0.0000,0,1,1,0.0769,0,0.0000,1,0.0769,1,1,0.0769,0,0.0000,1,0.0769,0,0,4,0.3077,0
28,DM,"Lsstcorp Data management",Lsstcorp,2973,"TSSW Sprint - Jul 22 - Aug 3","2019-07-22 23:26:57","2019-08-03 23:26:00","2019-07-25 09:02:45",217,11.9583,20,10,1.0000,1.0000,127.9000,4,0.2000,0,0.0000,0.7500,0.9500,16,0.8000,9,0.4500,7,0.3500,0,0.0000,0,0,0,0.0000,0,0.0000,0,0.0000,4,4,0.2000,3,0.1500,1,0.0500,0,0,8,0.4000,0
28,DM,"Lsstcorp Data management",Lsstcorp,2964,"AP F19-2","2019-07-23 00:16:20","2019-08-03 01:00:00","2019-07-25 05:13:04",218,11.0000,15,6,0.9333,1.0000,220.5000,0,0.0000,0,0.0000,1.0000,0.7333,11,0.7333,7,0.4667,4,0.2667,0,0.0000,1,2,2,0.1333,0,0.0000,2,0.1333,8,8,0.5333,1,0.0667,7,0.4667,0,0,2,0.1333,0
28,DM,"Lsstcorp Data management",Lsstcorp,2972,"Arch 2019-07-29","2019-07-29 22:00:01","2019-08-05 22:00:00","2019-07-31 07:36:00",219,6.9583,12,4,1.0000,1.0000,242.7500,1,0.0833,0,0.0000,0.4167,0.8333,4,0.3333,3,0.2500,1,0.0833,0,0.0000,1,4,4,0.3333,1,0.0833,3,0.2500,9,9,0.7500,2,0.1667,7,0.5833,0,0,7,0.5833,0
28,DM,"Lsstcorp Data management",Lsstcorp,2969,"TSSW Sprint - Aug 5 - Aug 17","2019-08-05 14:47:54","2019-08-17 14:47:00","2019-08-08 00:23:43",220,11.9583,23,9,1.0000,1.0000,119.6667,0,0.0000,0,0.0000,0.9130,0.9130,16,0.6957,10,0.4348,6,0.2609,0,0.0000,2,1,1,0.0435,1,0.0435,0,0.0000,3,3,0.1304,1,0.0435,2,0.0870,0,0,3,0.1304,0
28,DM,"Lsstcorp Data management",Lsstcorp,2967,"TSSW Sprint - Aug 19 - Aug 31","2019-08-19 18:08:38","2019-08-31 18:08:00","2019-08-22 03:44:30",221,11.9583,24,9,1.0000,1.0000,152.1111,1,0.0417,0,0.0000,0.8750,1.0000,16,0.6667,7,0.2917,9,0.3750,0,0.0000,1,0,0,0.0000,0,0.0000,0,0.0000,9,9,0.3750,6,0.2500,3,0.1250,0,0,7,0.2917,0
28,DM,"Lsstcorp Data management",Lsstcorp,2961,"TSSW Sprint - Sep 2 - Sep 14","2019-09-02 20:43:38","2019-09-14 20:43:00","2019-09-05 06:19:30",222,11.9583,29,11,1.0000,1.0000,137.2727,2,0.0690,0,0.0000,0.7586,0.9310,16,0.5517,11,0.3793,5,0.1724,0,0.0000,0,1,1,0.0345,1,0.0345,0,0.0000,12,12,0.4138,11,0.3793,1,0.0345,0,0,11,0.3793,0
28,DM,"Lsstcorp Data management",Lsstcorp,2957,"TSSW Sprint - Sep 16 - Sep 28","2019-09-16 22:19:43","2019-09-28 22:19:00","2019-09-19 07:55:34",223,11.9583,30,10,1.0000,1.0000,159.7000,0,0.0000,0,0.0000,0.8000,0.9667,20,0.6667,14,0.4667,6,0.2000,0,0.0000,0,2,2,0.0667,1,0.0333,1,0.0333,9,9,0.3000,8,0.2667,1,0.0333,0,0,15,0.5000,0
28,DM,"Lsstcorp Data management",Lsstcorp,2958,"AP F19-4 (2H September)","2019-09-18 00:32:36","2019-10-01 00:30:00","2019-09-20 14:56:04",224,12.9583,14,6,1.0000,1.0000,105.8333,1,0.0714,0,0.0000,1.0000,0.8571,2,0.1429,2,0.1429,0,0.0000,0,0.0000,1,0,0,0.0000,0,0.0000,0,0.0000,14,12,0.8571,1,0.0714,11,0.7857,0,0,4,0.2857,0
28,DM,"Lsstcorp Data management",Lsstcorp,2956,"TSSW Sprint - Sep 29 - Oct 13","2019-10-01 00:17:36","2019-10-13 00:17:00","2019-10-03 09:53:28",225,11.9583,18,8,1.0000,1.0000,166.8750,0,0.0000,0,0.0000,0.8333,0.9444,10,0.5556,8,0.4444,2,0.1111,0,0.0000,0,0,0,0.0000,0,0.0000,0,0.0000,3,3,0.1667,3,0.1667,0,0.0000,0,0,12,0.6667,0
28,DM,"Lsstcorp Data management",Lsstcorp,2941,DB_F19_10,"2019-10-01 07:00:00","2019-11-01 06:59:00","2019-10-07 11:47:48",226,30.9583,49,10,1.0000,1.0000,220.8000,16,0.3265,0,0.0000,0.8980,0.8571,46,0.9388,45,0.9184,1,0.0204,0,0.0000,1,4,3,0.0612,3,0.0612,0,0.0000,6,6,0.1224,6,0.1224,0,0.0000,0,0,16,0.3265,0
28,DM,"Lsstcorp Data management",Lsstcorp,2951,"DRP F19-5","2019-10-08 02:48:21","2019-11-02 02:48:00","2019-10-13 02:48:16",227,24.9583,82,15,1.0000,0.8667,179.8667,0,0.0000,0,0.0000,0.8537,0.5732,23,0.2805,20,0.2439,3,0.0366,0,0.0000,31,3,3,0.0366,2,0.0244,1,0.0122,60,59,0.7195,0,0.0000,59,0.7195,0,0,18,0.2195,0
28,DM,"Lsstcorp Data management",Lsstcorp,2952,"AP F19-5 (October)","2019-10-14 11:42:41","2019-11-01 00:00:00","2019-10-17 23:46:08",228,17.5000,19,7,0.9474,1.0000,142.7143,3,0.1579,0,0.0000,0.9474,0.7895,3,0.1579,2,0.1053,1,0.0526,1,0.0526,3,3,3,0.1579,3,0.1579,0,0.0000,3,3,0.1579,3,0.1579,0,0.0000,0,0,4,0.2105,0
28,DM,"Lsstcorp Data management",Lsstcorp,2954,"TSSW Sprint - Oct 14 - Oct 27","2019-10-14 20:19:18","2019-10-26 20:19:00","2019-10-17 05:55:14",229,11.9583,30,8,1.0000,1.0000,160.1250,3,0.1000,0,0.0000,0.8667,1.0000,12,0.4000,6,0.2000,6,0.2000,0,0.0000,0,0,0,0.0000,0,0.0000,0,0.0000,5,5,0.1667,4,0.1333,1,0.0333,0,0,12,0.4000,0
28,DM,"Lsstcorp Data management",Lsstcorp,2950,"TSSW Sprint - Oct 28 - Nov 10","2019-10-28 22:01:26","2019-11-09 22:01:00","2019-10-31 07:37:20",230,11.9583,35,8,1.0000,1.0000,164.8750,1,0.0286,0,0.0000,0.8571,0.9714,14,0.4000,8,0.2286,6,0.1714,0,0.0000,0,3,2,0.0571,2,0.0571,0,0.0000,4,4,0.1143,1,0.0286,3,0.0857,0,0,13,0.3714,0
28,DM,"Lsstcorp Data management",Lsstcorp,2935,"DRP F19-6 (Nov)","2019-11-05 16:53:33","2019-11-30 16:53:00","2019-11-10 16:53:26",231,24.9583,36,11,0.9722,0.8182,93.8182,2,0.0556,0,0.0000,0.9722,0.7500,33,0.9167,27,0.7500,6,0.1667,0,0.0000,7,1,1,0.0278,1,0.0278,0,0.0000,1,1,0.0278,1,0.0278,0,0.0000,0,0,5,0.1389,0
28,DM,"Lsstcorp Data management",Lsstcorp,2944,"AP F19-6 (November)","2019-11-06 21:21:39","2019-11-24 09:39:00","2019-11-10 09:25:07",232,17.5000,25,9,1.0000,1.0000,170.0000,3,0.1200,0,0.0000,0.9600,0.9200,5,0.2000,5,0.2000,0,0.0000,3,0.1200,2,3,3,0.1200,2,0.0800,1,0.0400,4,4,0.1600,3,0.1200,1,0.0400,0,0,9,0.3600,0
28,DM,"Lsstcorp Data management",Lsstcorp,2947,"TSSW Sprint - Nov 11 - Nov 22","2019-11-11 22:08:14","2019-11-23 22:08:00","2019-11-14 07:44:11",233,11.9583,39,10,1.0000,1.0000,139.3000,3,0.0769,0,0.0000,0.7179,0.9744,13,0.3333,11,0.2821,2,0.0513,0,0.0000,0,0,0,0.0000,0,0.0000,0,0.0000,5,5,0.1282,2,0.0513,3,0.0769,0,0,16,0.4103,0
28,DM,"Lsstcorp Data management",Lsstcorp,2943,"TSSW Sprint - Nov 25 - Dec 6","2019-11-25 22:35:04","2019-12-07 22:35:00","2019-11-28 08:11:03",234,11.9583,23,6,1.0000,0.8333,172.0000,4,0.1739,0,0.0000,0.6957,0.8696,11,0.4783,7,0.3043,4,0.1739,1,0.0435,0,2,2,0.0870,1,0.0435,1,0.0435,8,8,0.3478,6,0.2609,2,0.0870,0,0,10,0.4348,0
28,DM,"Lsstcorp Data management",Lsstcorp,2937,"AP S20-1 (December)","2019-12-09 19:49:46","2020-01-01 02:00:00","2019-12-14 06:39:48",235,22.2500,16,7,1.0000,1.0000,233.1429,2,0.1250,0,0.0000,1.0000,0.9375,10,0.6250,8,0.5000,2,0.1250,0,0.0000,0,3,3,0.1875,3,0.1875,0,0.0000,1,1,0.0625,0,0.0000,1,0.0625,0,0,6,0.3750,0
28,DM,"Lsstcorp Data management",Lsstcorp,2939,"TSSW Sprint - Dec 9 - Dec 20","2019-12-10 17:40:50","2019-12-22 17:40:00","2019-12-13 03:16:40",236,11.9583,34,10,1.0000,1.0000,145.5000,5,0.1471,0,0.0000,0.7941,1.0000,19,0.5588,10,0.2941,9,0.2647,0,0.0000,0,2,2,0.0588,2,0.0588,0,0.0000,4,4,0.1176,4,0.1176,0,0.0000,0,0,20,0.5882,0
28,DM,"Lsstcorp Data management",Lsstcorp,2936,"TSSW Sprint - Dec 23 - Jan 3","2019-12-23 20:39:48","2020-01-04 20:39:00","2019-12-26 06:15:38",237,11.9583,14,3,1.0000,1.0000,310.6667,3,0.2143,0,0.0000,0.6429,1.0000,4,0.2857,2,0.1429,2,0.1429,0,0.0000,0,0,0,0.0000,0,0.0000,0,0.0000,4,4,0.2857,4,0.2857,0,0.0000,0,0,1,0.0714,0
28,DM,"Lsstcorp Data management",Lsstcorp,2931,DB_S20_01,"2020-01-01 08:00:27","2020-02-01 07:59:00","2020-01-07 12:48:09",238,30.9583,12,5,0.9167,1.0000,278.2000,3,0.2500,0,0.0000,0.8333,0.8333,11,0.9167,11,0.9167,0,0.0000,0,0.0000,1,1,1,0.0833,1,0.0833,0,0.0000,2,2,0.1667,2,0.1667,0,0.0000,0,0,8,0.6667,0
28,DM,"Lsstcorp Data management",Lsstcorp,2934,"TSSW Sprint - Jan 06 - Jan 17","2020-01-06 22:25:30","2020-01-18 22:25:00","2020-01-09 08:01:24",239,11.9583,17,7,1.0000,0.8571,175.1429,2,0.1176,0,0.0000,0.8235,1.0000,9,0.5294,5,0.2941,4,0.2353,0,0.0000,0,0,0,0.0000,0,0.0000,0,0.0000,3,3,0.1765,1,0.0588,2,0.1176,0,0,6,0.3529,0
28,DM,"Lsstcorp Data management",Lsstcorp,2932,"AP S20-2 (January)","2020-01-16 00:38:48","2020-02-01 02:00:00","2020-01-19 05:43:02",240,16.0417,13,6,1.0000,1.0000,274.6667,1,0.0769,0,0.0000,0.9231,0.7692,4,0.3077,4,0.3077,0,0.0000,0,0.0000,1,0,0,0.0000,0,0.0000,0,0.0000,2,2,0.1538,2,0.1538,0,0.0000,0,0,3,0.2308,0
28,DM,"Lsstcorp Data management",Lsstcorp,2929,"TSSW Sprint - Jan 21 - Feb 01","2020-01-20 14:09:35","2020-02-03 14:09:00","2020-01-23 09:21:28",241,13.9583,30,9,1.0000,1.0000,154.8889,0,0.0000,0,0.0000,0.7667,0.9667,20,0.6667,11,0.3667,9,0.3000,0,0.0000,0,0,0,0.0000,0,0.0000,0,0.0000,9,9,0.3000,5,0.1667,4,0.1333,0,0,19,0.6333,0
28,DM,"Lsstcorp Data management",Lsstcorp,2922,"DRP S20-3 (Feb)","2020-02-03 12:08:10","2020-02-28 13:08:00","2020-02-08 12:20:08",242,25.0000,31,13,1.0000,0.8462,90.5385,0,0.0000,0,0.0000,0.9677,0.7097,31,1.0000,26,0.8387,5,0.1613,0,0.0000,3,1,1,0.0323,1,0.0323,0,0.0000,1,1,0.0323,1,0.0323,0,0.0000,0,0,4,0.1290,0
28,DM,"Lsstcorp Data management",Lsstcorp,2928,"TSSW Sprint - Feb3 - Feb 14","2020-02-03 22:11:03","2020-02-17 22:11:00","2020-02-06 17:23:02",243,13.9583,28,10,1.0000,1.0000,157.7000,2,0.0714,0,0.0000,0.8214,1.0000,14,0.5000,8,0.2857,6,0.2143,1,0.0357,0,0,0,0.0000,0,0.0000,0,0.0000,17,15,0.5357,13,0.4643,2,0.0714,0,0,18,0.6429,0
28,DM,"Lsstcorp Data management",Lsstcorp,2926,"AP S20-3 (February)","2020-02-14 22:11:18","2020-02-29 01:00:00","2020-02-17 17:57:02",244,14.0833,17,7,1.0000,1.0000,256.5714,1,0.0588,0,0.0000,0.9412,0.7059,3,0.1765,3,0.1765,0,0.0000,2,0.1176,3,1,1,0.0588,1,0.0588,0,0.0000,2,2,0.1176,2,0.1176,0,0.0000,0,0,4,0.2353,0
28,DM,"Lsstcorp Data management",Lsstcorp,2927,"TSSW Sprint - Feb 17 - Mar 2","2020-02-17 17:59:29","2020-03-02 17:59:00","2020-02-20 13:11:23",245,13.9583,21,9,1.0000,1.0000,161.8889,0,0.0000,0,0.0000,0.9524,1.0000,9,0.4286,5,0.2381,4,0.1905,0,0.0000,0,1,1,0.0476,0,0.0000,1,0.0476,4,4,0.1905,2,0.0952,2,0.0952,0,0,16,0.7619,0
28,DM,"Lsstcorp Data management",Lsstcorp,2925,"TSSW Sprint - Mar 2 - Mar 16","2020-03-02 18:30:28","2020-03-16 18:30:00","2020-03-05 13:42:22",246,13.9583,38,12,1.0000,0.9167,138.1667,2,0.0526,0,0.0000,0.7895,1.0000,30,0.7895,15,0.3947,15,0.3947,0,0.0000,0,1,1,0.0263,0,0.0000,1,0.0263,11,8,0.2105,6,0.1579,2,0.0526,0,0,29,0.7632,0
28,DM,"Lsstcorp Data management",Lsstcorp,2923,"AP S20-4 (March)","2020-03-05 00:37:50","2020-04-01 01:00:00","2020-03-10 10:18:16",247,27.0000,19,8,1.0000,1.0000,231.1250,3,0.1579,0,0.0000,1.0000,0.7895,9,0.4737,5,0.2632,4,0.2105,0,0.0000,2,2,2,0.1053,2,0.1053,0,0.0000,4,4,0.2105,4,0.2105,0,0.0000,0,0,7,0.3684,0
28,DM,"Lsstcorp Data management",Lsstcorp,2924,"TSSW Sprint - Mar 16 - Mar 30","2020-03-16 19:12:11","2020-03-30 19:12:00","2020-03-19 14:24:08",248,13.9583,30,10,1.0000,1.0000,153.1000,0,0.0000,0,0.0000,0.9333,1.0000,27,0.9000,18,0.6000,9,0.3000,0,0.0000,0,2,2,0.0667,1,0.0333,1,0.0333,3,3,0.1000,2,0.0667,1,0.0333,0,0,28,0.9333,1
28,DM,"Lsstcorp Data management",Lsstcorp,2921,"TSSW Sprint - Mar 30 - Apr 13","2020-03-30 19:07:56","2020-04-13 20:07:00","2020-04-02 14:31:44",249,14.0000,36,11,1.0000,1.0000,156.5455,0,0.0000,0,0.0000,0.9167,0.9722,18,0.5000,5,0.1389,13,0.3611,0,0.0000,1,0,0,0.0000,0,0.0000,0,0.0000,4,4,0.1111,0,0.0000,4,0.1111,0,0,28,0.7778,0
28,DM,"Lsstcorp Data management",Lsstcorp,2919,"DRP S20-5 (Apr)","2020-04-03 17:41:57","2020-04-30 18:41:00","2020-04-09 03:29:45",250,27.0000,24,13,1.0000,1.0000,108.8462,4,0.1667,0,0.0000,0.9167,0.7500,19,0.7917,14,0.5833,5,0.2083,0,0.0000,5,2,2,0.0833,2,0.0833,0,0.0000,5,5,0.2083,4,0.1667,1,0.0417,0,0,8,0.3333,0
28,DM,"Lsstcorp Data management",Lsstcorp,2918,"AP S20-5 (April)","2020-04-03 21:48:59","2020-05-01 00:00:00","2020-04-09 07:51:11",251,27.0833,37,9,1.0000,0.8889,193.4444,3,0.0811,0,0.0000,1.0000,0.7568,16,0.4324,13,0.3514,3,0.0811,1,0.0270,8,5,5,0.1351,5,0.1351,0,0.0000,7,6,0.1622,5,0.1351,1,0.0270,0,0,20,0.5405,0
28,DM,"Lsstcorp Data management",Lsstcorp,2920,"TSSW Sprint - Apr 13 - Apr 27","2020-04-13 20:51:00","2020-04-27 21:51:00","2020-04-16 16:15:00",252,14.0417,47,11,1.0000,1.0000,160.3636,2,0.0426,0,0.0000,0.8298,0.8936,25,0.5319,13,0.2766,12,0.2553,3,0.0638,0,3,2,0.0426,1,0.0213,1,0.0213,8,7,0.1489,7,0.1489,0,0.0000,0,0,38,0.8085,0
28,DM,"Lsstcorp Data management",Lsstcorp,2917,"TSSW Sprint - Apr 27 - May 11","2020-04-28 00:22:00","2020-05-12 01:22:00","2020-04-30 19:46:00",253,14.0417,33,11,1.0000,1.0000,165.1818,0,0.0000,0,0.0000,0.7879,0.9394,16,0.4848,5,0.1515,11,0.3333,0,0.0000,1,0,0,0.0000,0,0.0000,0,0.0000,11,10,0.3030,9,0.2727,1,0.0303,0,0,26,0.7879,0
28,DM,"Lsstcorp Data management",Lsstcorp,2912,"DRP S20-6 (May)","2020-05-01 20:49:36","2020-05-28 21:49:00","2020-05-07 06:37:28",254,27.0000,29,12,1.0000,1.0000,107.9167,2,0.0690,0,0.0000,1.0000,0.9310,24,0.8276,20,0.6897,4,0.1379,0,0.0000,2,7,5,0.1724,4,0.1379,1,0.0345,5,5,0.1724,3,0.1034,2,0.0690,0,0,14,0.4828,0
28,DM,"Lsstcorp Data management",Lsstcorp,2916,"AP S20-6 (May)","2020-05-11 21:10:00","2020-05-30 00:00:00","2020-05-15 12:08:00",255,18.0833,34,9,1.0000,0.8889,215.3333,1,0.0294,0,0.0000,0.9706,0.7941,8,0.2353,3,0.0882,5,0.1471,7,0.2059,7,0,0,0.0000,0,0.0000,0,0.0000,4,4,0.1176,3,0.0882,1,0.0294,0,0,16,0.4706,0
28,DM,"Lsstcorp Data management",Lsstcorp,2915,"TSSW Sprint - May 11 - May 25","2020-05-11 22:20:00","2020-05-25 23:20:00","2020-05-14 17:44:00",256,14.0417,41,10,1.0000,1.0000,183.0000,1,0.0244,0,0.0000,0.9268,0.9024,9,0.2195,4,0.0976,5,0.1220,0,0.0000,1,1,1,0.0244,0,0.0000,1,0.0244,29,23,0.5610,23,0.5610,0,0.0000,0,0,27,0.6585,0
28,DM,"Lsstcorp Data management",Lsstcorp,2913,"TSSW Sprint - May 25 - Jun 08","2020-05-25 19:28:00","2020-06-08 20:28:00","2020-05-28 14:52:00",257,14.0417,40,11,1.0000,1.0000,174.0000,0,0.0000,0,0.0000,0.7750,0.9500,22,0.5500,12,0.3000,10,0.2500,0,0.0000,0,0,0,0.0000,0,0.0000,0,0.0000,6,6,0.1500,5,0.1250,1,0.0250,0,0,34,0.8500,0
28,DM,"Lsstcorp Data management",Lsstcorp,2900,DB_F20_06,"2020-06-01 07:00:48","2020-07-01 06:59:00","2020-06-07 07:00:26",258,29.9583,54,7,1.0000,1.0000,267.8571,12,0.2222,0,0.0000,0.9444,0.9815,52,0.9630,52,0.9630,0,0.0000,0,0.0000,0,0,0,0.0000,0,0.0000,0,0.0000,2,2,0.0370,1,0.0185,1,0.0185,0,0,11,0.2037,0
28,DM,"Lsstcorp Data management",Lsstcorp,2910,"AP F20-1 (June)","2020-06-04 20:51:10","2020-07-01 00:00:00","2020-06-10 02:16:56",259,26.1250,30,9,1.0000,1.0000,221.5556,3,0.1000,0,0.0000,1.0000,0.7000,5,0.1667,3,0.1000,2,0.0667,6,0.2000,8,1,1,0.0333,1,0.0333,0,0.0000,5,5,0.1667,3,0.1000,2,0.0667,0,0,17,0.5667,0
28,DM,"Lsstcorp Data management",Lsstcorp,2911,"TSSW Sprint - Jun 8 - Jun 22","2020-06-08 22:05:00","2020-06-22 23:05:00","2020-06-11 17:29:00",260,14.0417,37,10,1.0000,1.0000,187.2000,0,0.0000,0,0.0000,0.8919,0.8919,13,0.3514,6,0.1622,7,0.1892,1,0.0270,4,2,2,0.0541,0,0.0000,2,0.0541,5,5,0.1351,2,0.0541,3,0.0811,0,0,28,0.7568,0
28,DM,"Lsstcorp Data management",Lsstcorp,2908,"DRP F20-1 (June)","2020-06-12 04:15:30","2020-07-05 05:15:00","2020-06-16 18:51:24",261,23.0000,12,8,1.0000,1.0000,114.6250,1,0.0833,0,0.0000,1.0000,1.0000,12,1.0000,12,1.0000,0,0.0000,0,0.0000,0,1,1,0.0833,1,0.0833,0,0.0000,2,2,0.1667,2,0.1667,0,0.0000,0,0,3,0.2500,0
28,DM,"Lsstcorp Data management",Lsstcorp,2909,"TSSW Sprint - Jun 22 - Jul 6","2020-06-22 23:36:00","2020-07-07 00:36:00","2020-06-25 19:00:00",262,14.0417,45,10,1.0000,1.0000,191.8000,2,0.0444,0,0.0000,0.7778,0.9556,16,0.3556,13,0.2889,3,0.0667,4,0.0889,0,1,1,0.0222,0,0.0000,1,0.0222,24,21,0.4667,19,0.4222,2,0.0444,0,0,30,0.6667,0
28,DM,"Lsstcorp Data management",Lsstcorp,2906,"AP F20-2 (July)","2020-07-03 01:28:38","2020-08-01 00:00:00","2020-07-08 20:22:54",263,28.9167,31,9,1.0000,1.0000,224.8889,5,0.1613,0,0.0000,1.0000,0.5806,14,0.4516,13,0.4194,1,0.0323,0,0.0000,11,4,4,0.1290,3,0.0968,1,0.0323,7,7,0.2258,4,0.1290,3,0.0968,0,0,13,0.4194,0
28,DM,"Lsstcorp Data management",Lsstcorp,2907,"TSSW Sprint - Jul 6 - Jul 20","2020-07-06 19:42:00","2020-07-20 20:42:00","2020-07-09 15:06:00",264,14.0417,39,9,1.0000,1.0000,205.5556,2,0.0513,0,0.0000,0.7179,0.9487,22,0.5641,6,0.1538,16,0.4103,0,0.0000,3,3,3,0.0769,2,0.0513,1,0.0256,33,27,0.6923,22,0.5641,5,0.1282,0,0,22,0.5641,0
28,DM,"Lsstcorp Data management",Lsstcorp,2905,"TSSW Sprint - Jul 20 - Aug 3","2020-07-20 18:16:00","2020-08-03 19:16:00","2020-07-23 13:40:00",265,14.0417,56,12,1.0000,0.9167,174.9167,3,0.0536,0,0.0000,0.7857,0.9464,30,0.5357,19,0.3393,11,0.1964,10,0.1786,0,3,3,0.0536,1,0.0179,2,0.0357,23,21,0.3750,16,0.2857,5,0.0893,0,0,43,0.7679,0
28,DM,"Lsstcorp Data management",Lsstcorp,2903,"TSSW Sprint - Aug 3 - Aug 17","2020-08-03 21:32:00","2020-08-17 22:32:00","2020-08-06 16:56:00",266,14.0417,39,9,1.0000,1.0000,208.2222,2,0.0513,0,0.0000,0.8718,0.8974,21,0.5385,12,0.3077,9,0.2308,1,0.0256,1,2,1,0.0256,1,0.0256,0,0.0000,18,17,0.4359,14,0.3590,3,0.0769,0,0,28,0.7179,0
28,DM,"Lsstcorp Data management",Lsstcorp,2901,"AP F20-3 (August)","2020-08-05 21:51:48","2020-09-01 00:00:00","2020-08-11 03:05:26",267,26.0833,20,11,1.0000,1.0000,211.3636,5,0.2500,0,0.0000,1.0000,0.6500,10,0.5000,6,0.3000,4,0.2000,1,0.0500,3,1,1,0.0500,1,0.0500,0,0.0000,3,3,0.1500,3,0.1500,0,0.0000,0,0,12,0.6000,0
28,DM,"Lsstcorp Data management",Lsstcorp,2896,"DRP F20-3 (Aug)","2020-08-07 19:07:42","2020-08-31 20:07:00","2020-08-12 14:31:33",268,24.0000,33,9,1.0000,1.0000,129.7778,0,0.0000,0,0.0000,0.9394,0.7879,28,0.8485,27,0.8182,1,0.0303,0,0.0000,6,10,7,0.2121,7,0.2121,0,0.0000,7,7,0.2121,7,0.2121,0,0.0000,0,0,8,0.2424,0
28,DM,"Lsstcorp Data management",Lsstcorp,2902,"TSSW Sprint - Aug 17 - Aug 31","2020-08-17 21:51:00","2020-08-31 22:51:00","2020-08-20 17:15:00",269,14.0417,41,10,1.0000,1.0000,215.7000,3,0.0732,0,0.0000,0.7805,0.9756,22,0.5366,16,0.3902,6,0.1463,0,0.0000,1,2,2,0.0488,0,0.0000,2,0.0488,25,21,0.5122,11,0.2683,10,0.2439,0,0,34,0.8293,0
28,DM,"Lsstcorp Data management",Lsstcorp,2899,"TSSW Sprint - Aug 31 - Sep 14","2020-08-31 17:12:00","2020-09-14 17:12:00","2020-09-03 12:24:00",270,14.0000,45,11,1.0000,1.0000,206.6364,1,0.0222,0,0.0000,0.6889,0.9111,30,0.6667,17,0.3778,13,0.2889,1,0.0222,2,0,0,0.0000,0,0.0000,0,0.0000,4,4,0.0889,1,0.0222,3,0.0667,0,0,35,0.7778,0
28,DM,"Lsstcorp Data management",Lsstcorp,2897,"AP F20-4 (September)","2020-09-08 23:19:42","2020-10-06 01:28:00","2020-09-14 09:21:21",271,27.0833,20,6,1.0000,1.0000,139.8333,5,0.2500,0,0.0000,1.0000,0.4500,2,0.1000,0,0.0000,2,0.1000,1,0.0500,10,0,0,0.0000,0,0.0000,0,0.0000,12,12,0.6000,12,0.6000,0,0.0000,0,0,9,0.4500,0
28,DM,"Lsstcorp Data management",Lsstcorp,2898,"TSSW Sprint - Sep 14 - Sep 28","2020-09-14 07:56:40","2020-09-28 07:56:00","2020-09-17 03:08:32",272,13.9583,35,11,1.0000,1.0000,210.6364,1,0.0286,0,0.0000,0.8571,0.9429,23,0.6571,8,0.2286,15,0.4286,0,0.0000,2,0,0,0.0000,0,0.0000,0,0.0000,8,8,0.2286,3,0.0857,5,0.1429,0,0,24,0.6857,0
28,DM,"Lsstcorp Data management",Lsstcorp,2895,"TSSW Sprint - Sep 28 - Oct 12","2020-09-28 16:01:04","2020-10-12 16:01:00","2020-10-01 11:13:03",273,13.9583,40,11,1.0000,1.0000,214.0909,0,0.0000,0,0.0000,0.8000,0.8000,27,0.6750,17,0.4250,10,0.2500,0,0.0000,8,1,1,0.0250,1,0.0250,0,0.0000,6,6,0.1500,2,0.0500,4,0.1000,0,0,30,0.7500,0
30,COMPASS,"MongoDB Compass ",MongoDB,3363,"Sprint Wyclef Jean","2018-06-01 14:13:19","2018-06-08 14:13:00","2018-06-02 23:49:15",6,6.9583,17,4,1.0000,1.0000,21.2500,1,0.0588,0,0.0000,0.7647,0.8235,5,0.2941,2,0.1176,3,0.1765,3,0.1765,0,5,5,0.2941,4,0.2353,1,0.0588,12,9,0.5294,7,0.4118,2,0.1176,0,0,12,0.7059,0
30,COMPASS,"MongoDB Compass ",MongoDB,3362,"Sprint Xzibit","2018-06-06 20:05:17","2018-06-13 20:05:00","2018-06-08 05:41:13",7,6.9583,22,4,1.0000,1.0000,43.7500,10,0.4545,0,0.0000,0.5455,0.7727,5,0.2273,3,0.1364,2,0.0909,0,0.0000,0,15,15,0.6818,10,0.4545,5,0.2273,19,17,0.7727,14,0.6364,3,0.1364,0,0,15,0.6818,0
30,COMPASS,"MongoDB Compass ",MongoDB,3355,"Iteration Edamame","2018-07-25 14:23:54","2018-08-01 14:23:00","2018-07-26 23:59:43",8,6.9583,11,3,0.8182,1.0000,62.0000,2,0.1818,0,0.0000,0.7273,0.6364,4,0.3636,2,0.1818,2,0.1818,0,0.0000,0,7,7,0.6364,2,0.1818,5,0.4545,4,4,0.3636,1,0.0909,3,0.2727,0,0,9,0.8182,0
30,COMPASS,"MongoDB Compass ",MongoDB,3346,"Iteration Mango Miso","2018-09-19 14:33:23","2018-09-26 10:10:00","2018-09-20 23:16:42",9,6.7917,13,5,0.9231,1.0000,58.4000,7,0.5385,0,0.0000,0.4615,0.8462,4,0.3077,0,0.0000,4,0.3077,0,0.0000,0,4,4,0.3077,2,0.1538,2,0.1538,13,10,0.7692,0,0.0000,10,0.7692,0,0,4,0.3077,0
30,COMPASS,"MongoDB Compass ",MongoDB,3341,"Iteration Sriracha","2018-11-14 15:29:30","2018-11-28 11:06:00","2018-11-17 09:48:48",10,13.7917,15,3,0.8667,1.0000,88.3333,7,0.4667,0,0.0000,0.5333,0.9333,5,0.3333,2,0.1333,3,0.2000,0,0.0000,1,7,7,0.4667,4,0.2667,3,0.2000,7,7,0.4667,7,0.4667,0,0.0000,0,0,8,0.5333,0
30,COMPASS,"MongoDB Compass ",MongoDB,3339,"Iteration Takaioko","2018-11-28 15:37:16","2018-12-12 11:14:00","2018-12-01 09:56:36",11,13.7917,17,4,0.9412,1.0000,65.5000,8,0.4706,0,0.0000,0.4118,1.0000,3,0.1765,1,0.0588,2,0.1176,0,0.0000,1,7,7,0.4118,4,0.2353,3,0.1765,18,10,0.5882,9,0.5294,1,0.0588,0,0,7,0.4118,0
30,COMPASS,"MongoDB Compass ",MongoDB,3340,"Iteration Unagi","2018-12-12 15:33:22","2018-12-26 11:10:00","2018-12-15 09:52:41",12,13.7917,18,7,1.0000,0.8571,50.4286,4,0.2222,0,0.0000,0.6667,1.0000,0,0.0000,0,0.0000,0,0.0000,1,0.0556,0,9,9,0.5000,5,0.2778,4,0.2222,2,1,0.0556,1,0.0556,0,0.0000,0,0,5,0.2778,0
30,COMPASS,"MongoDB Compass ",MongoDB,3338,"Iteration Vol au Vent","2019-01-09 15:31:06","2019-01-23 11:08:00","2019-01-12 09:50:28",13,13.7917,20,5,0.9500,1.0000,78.8000,3,0.1500,0,0.0000,0.8000,0.9000,0,0.0000,0,0.0000,0,0.0000,1,0.0500,1,5,5,0.2500,3,0.1500,2,0.1000,7,4,0.2000,2,0.1000,2,0.1000,0,0,11,0.5500,0
30,COMPASS,"MongoDB Compass ",MongoDB,3337,"Iteration Wasabi","2019-01-23 15:32:26","2019-02-06 11:09:00","2019-01-26 09:51:44",14,13.7917,12,3,1.0000,1.0000,89.0000,2,0.1667,0,0.0000,0.8333,0.8333,4,0.3333,4,0.3333,0,0.0000,1,0.0833,0,4,4,0.3333,3,0.2500,1,0.0833,4,4,0.3333,4,0.3333,0,0.0000,0,0,9,0.7500,0
30,COMPASS,"MongoDB Compass ",MongoDB,3336,"Iteration Xiaolongbao","2019-02-06 15:23:16","2019-02-20 11:00:00","2019-02-09 09:42:36",15,13.7917,19,4,0.8421,1.0000,93.0000,7,0.3684,0,0.0000,0.5789,0.7368,0,0.0000,0,0.0000,0,0.0000,1,0.0526,0,4,3,0.1579,3,0.1579,0,0.0000,4,4,0.2105,4,0.2105,0,0.0000,0,0,6,0.3158,0
30,COMPASS,"MongoDB Compass ",MongoDB,3335,"Iteration Yuca","2019-02-20 15:36:13","2019-03-06 11:13:00","2019-02-23 09:55:34",16,13.7917,16,4,1.0000,1.0000,95.0000,9,0.5625,0,0.0000,0.4375,1.0000,5,0.3125,4,0.2500,1,0.0625,0,0.0000,0,12,12,0.7500,9,0.5625,3,0.1875,10,9,0.5625,9,0.5625,0,0.0000,0,0,13,0.8125,0
30,COMPASS,"MongoDB Compass ",MongoDB,3334,"Iteration Zucchini","2019-03-06 15:24:25","2019-03-20 11:01:00","2019-03-09 09:43:44",17,13.7917,19,4,0.8947,1.0000,97.7500,1,0.0526,0,0.0000,0.9474,0.8421,7,0.3684,7,0.3684,0,0.0000,0,0.0000,2,6,6,0.3158,6,0.3158,0,0.0000,8,8,0.4211,7,0.3684,1,0.0526,0,0,10,0.5263,0
30,COMPASS,"MongoDB Compass ",MongoDB,3333,"Iteration Antelope","2019-03-20 16:17:54","2019-04-03 11:54:00","2019-03-23 10:37:07",18,13.7917,12,3,0.7500,1.0000,98.0000,6,0.5000,0,0.0000,0.4167,0.6667,1,0.0833,0,0.0000,1,0.0833,2,0.1667,1,2,2,0.1667,2,0.1667,0,0.0000,1,1,0.0833,1,0.0833,0,0.0000,0,0,3,0.2500,0
30,COMPASS,"MongoDB Compass ",MongoDB,3330,"Iteration Dingo","2019-05-02 14:19:26","2019-05-16 09:56:00","2019-05-05 08:38:44",19,13.7917,14,4,0.8571,1.0000,114.2500,5,0.3571,0,0.0000,0.6429,0.8571,0,0.0000,0,0.0000,0,0.0000,1,0.0714,0,5,5,0.3571,5,0.3571,0,0.0000,13,11,0.7857,7,0.5000,4,0.2857,0,0,7,0.5000,0
30,COMPASS,"MongoDB Compass ",MongoDB,3327,"Iteration Giraffe","2019-06-13 14:34:37","2019-06-27 10:11:00","2019-06-16 08:53:53",20,13.7917,12,5,0.8333,0.8000,96.6000,11,0.9167,0,0.0000,0.0833,0.8333,4,0.3333,3,0.2500,1,0.0833,0,0.0000,0,8,8,0.6667,5,0.4167,3,0.2500,14,10,0.8333,7,0.5833,3,0.2500,0,0,10,0.8333,0
30,COMPASS,"MongoDB Compass ",MongoDB,3326,"Iteration Hedgehog","2019-06-26 15:05:46","2019-07-10 10:42:00","2019-06-29 09:25:00",21,13.7917,11,3,0.9091,1.0000,132.3333,5,0.4545,0,0.0000,0.5455,0.6364,5,0.4545,0,0.0000,5,0.4545,1,0.0909,0,5,5,0.4545,4,0.3636,1,0.0909,0,0,0.0000,0,0.0000,0,0.0000,0,0,6,0.5455,0
30,COMPASS,"MongoDB Compass ",MongoDB,3324,"Iteration Jackal","2019-07-24 14:37:25","2019-08-07 10:14:00","2019-07-27 08:56:44",22,13.7917,22,3,0.9545,1.0000,134.6667,2,0.0909,0,0.0000,0.8636,0.7727,15,0.6818,10,0.4545,5,0.2273,0,0.0000,0,1,1,0.0455,1,0.0455,0,0.0000,18,17,0.7727,11,0.5000,6,0.2727,0,0,14,0.6364,0
30,COMPASS,"MongoDB Compass ",MongoDB,3323,"Iteration Kangaroo","2019-08-07 14:32:44","2019-08-21 10:09:00","2019-08-10 08:51:59",23,13.7917,14,3,0.8571,1.0000,141.0000,3,0.2143,0,0.0000,0.6429,0.7143,3,0.2143,2,0.1429,1,0.0714,2,0.1429,0,6,6,0.4286,5,0.3571,1,0.0714,5,4,0.2857,4,0.2857,0,0.0000,0,0,12,0.8571,0
30,COMPASS,"MongoDB Compass ",MongoDB,3321,"Iteration Manatee","2019-09-04 14:34:49","2019-09-18 10:11:00","2019-09-07 08:54:03",24,13.7917,18,5,0.8333,1.0000,107.8000,10,0.5556,0,0.0000,0.5556,0.6667,3,0.1667,1,0.0556,2,0.1111,1,0.0556,0,10,10,0.5556,3,0.1667,7,0.3889,9,9,0.5000,4,0.2222,5,0.2778,0,0,13,0.7222,0
30,COMPASS,"MongoDB Compass ",MongoDB,3320,"Iteration Newt","2019-09-18 20:26:31","2019-10-02 16:03:00","2019-09-21 14:45:48",25,13.7917,24,3,0.9167,1.0000,116.3333,16,0.6667,0,0.0000,0.0417,0.6667,4,0.1667,4,0.1667,0,0.0000,0,0.0000,0,16,16,0.6667,4,0.1667,12,0.5000,25,16,0.6667,7,0.2917,9,0.3750,0,0,22,0.9167,1
30,COMPASS,"MongoDB Compass ",MongoDB,3319,"Iteration Ostrich","2019-10-02 14:11:49","2019-10-16 09:48:00","2019-10-05 08:31:03",26,13.7917,13,4,0.9231,1.0000,126.2500,4,0.3077,0,0.0000,0.0769,1.0000,2,0.1538,1,0.0769,1,0.0769,1,0.0769,1,2,2,0.1538,1,0.0769,1,0.0769,6,5,0.3846,3,0.2308,2,0.1538,0,0,4,0.3077,0
30,COMPASS,"MongoDB Compass ",MongoDB,3317,"Iteration Quokka","2019-10-30 14:38:45","2019-11-13 10:15:00","2019-11-02 08:58:00",27,13.7917,11,4,0.9091,1.0000,81.0000,2,0.1818,0,0.0000,0.5455,1.0000,0,0.0000,0,0.0000,0,0.0000,1,0.0909,0,4,4,0.3636,2,0.1818,2,0.1818,0,0,0.0000,0,0.0000,0,0.0000,0,0,6,0.5455,0
30,COMPASS,"MongoDB Compass ",MongoDB,3316,"Iteration Ragamuffin","2019-11-13 15:21:36","2019-11-27 10:58:00","2019-11-16 09:40:52",28,13.7917,18,6,0.7778,0.8333,95.6667,14,0.7778,0,0.0000,0.1667,0.5000,3,0.1667,2,0.1111,1,0.0556,0,0.0000,4,6,6,0.3333,5,0.2778,1,0.0556,5,3,0.1667,2,0.1111,1,0.0556,0,0,7,0.3889,0
30,COMPASS,"MongoDB Compass ",MongoDB,3314,"Iteration Tarantula","2019-12-11 15:37:36","2019-12-25 11:14:00","2019-12-14 09:56:52",29,13.7917,17,4,0.7647,1.0000,117.0000,15,0.8824,0,0.0000,0.0000,0.7059,3,0.1765,2,0.1176,1,0.0588,3,0.1765,0,0,0,0.0000,0,0.0000,0,0.0000,3,3,0.1765,2,0.1176,1,0.0588,0,0,9,0.5294,0
30,COMPASS,"MongoDB Compass ",MongoDB,3312,"Iteration Vicuña","2020-01-22 15:41:08","2020-02-05 11:18:00","2020-01-25 10:00:30",30,13.7917,14,3,0.7143,1.0000,154.6667,11,0.7857,0,0.0000,0.0000,0.5714,5,0.3571,5,0.3571,0,0.0000,2,0.1429,2,1,1,0.0714,1,0.0714,0,0.0000,5,5,0.3571,5,0.3571,0,0.0000,0,0,8,0.5714,0
34,MDL,Moodle,Moodle,4064,"FRONTEND Sprint 4","2013-08-19 00:49:01","2013-09-06 09:09:00","2013-08-22 16:53:00",6,18.3333,47,8,0.9574,1.0000,448.1250,11,0.2340,4,0.0851,0.5745,0.9574,18,0.3830,9,0.1915,9,0.1915,0,0.0000,0,43,38,0.8085,26,0.5532,12,0.2553,64,46,0.9787,23,0.4894,23,0.4894,0,0,17,0.3617,0
34,MDL,Moodle,Moodle,4065,"BACKEND Sprint 4","2013-08-19 00:53:28","2013-09-06 09:00:28","2013-08-22 16:54:52",7,18.3333,55,7,1.0000,1.0000,1043.2857,37,0.6727,10,0.1818,0.5455,0.9636,26,0.4727,21,0.3818,5,0.0909,1,0.0182,0,42,37,0.6727,28,0.5091,9,0.1636,56,54,0.9818,36,0.6545,18,0.3273,0,0,31,0.5636,0
34,MDL,Moodle,Moodle,4063,"FRONTEND Sprint 5","2013-09-16 02:00:52","2013-10-04 02:00:52","2013-09-19 16:24:52",8,18.0000,36,9,1.0000,1.0000,419.0000,20,0.5556,8,0.2222,0.8889,0.9722,14,0.3889,6,0.1667,8,0.2222,0,0.0000,0,29,26,0.7222,15,0.4167,11,0.3056,37,33,0.9167,9,0.2500,24,0.6667,0,0,24,0.6667,0
34,MDL,Moodle,Moodle,4062,"BACKEND Sprint 5","2013-09-17 01:33:03","2013-10-04 01:33:03","2013-09-20 11:09:03",9,17.0000,48,6,1.0000,1.0000,1308.6667,27,0.5625,10,0.2083,0.9167,1.0000,17,0.3542,12,0.2500,5,0.1042,2,0.0417,0,41,38,0.7917,23,0.4792,15,0.3125,62,42,0.8750,27,0.5625,15,0.3125,0,0,35,0.7292,0
34,MDL,Moodle,Moodle,4061,"FRONTEND Sprint 6","2013-10-07 06:07:00","2013-10-25 06:07:00","2013-10-10 20:31:00",10,18.0000,46,6,1.0000,1.0000,387.8333,29,0.6304,6,0.1304,0.9348,0.9130,16,0.3478,12,0.2609,4,0.0870,0,0.0000,0,29,28,0.6087,16,0.3478,12,0.2609,20,17,0.3696,14,0.3043,3,0.0652,0,0,23,0.5000,0
34,MDL,Moodle,Moodle,4060,"BACKEND Sprint 6","2013-10-07 06:51:00","2013-10-25 06:51:00","2013-10-10 21:15:00",11,18.0000,87,6,1.0000,1.0000,1173.8333,59,0.6782,27,0.3103,0.6552,0.9885,57,0.6552,39,0.4483,18,0.2069,0,0.0000,0,70,67,0.7701,40,0.4598,27,0.3103,73,72,0.8276,48,0.5517,24,0.2759,0,0,51,0.5862,0
34,MDL,Moodle,Moodle,4059,"BACKEND Sprint 7","2013-11-18 03:22:35","2013-12-06 03:22:00","2013-11-21 17:46:28",12,17.9583,45,7,1.0000,1.0000,1046.4286,37,0.8222,9,0.2000,0.7778,0.9333,16,0.3556,11,0.2444,5,0.1111,0,0.0000,1,25,24,0.5333,13,0.2889,11,0.2444,45,44,0.9778,15,0.3333,29,0.6444,0,0,35,0.7778,0
34,MDL,Moodle,Moodle,4011,"BACKEND Sprint 8","2013-12-09 01:00:16","2013-12-24 09:00:00","2013-12-12 02:36:12",13,15.2917,52,7,1.0000,1.0000,1464.8571,23,0.4423,9,0.1731,0.7692,0.9231,30,0.5769,25,0.4808,5,0.0962,1,0.0192,7,22,22,0.4231,15,0.2885,7,0.1346,27,26,0.5000,11,0.2115,15,0.2885,0,0,18,0.3462,0
34,MDL,Moodle,Moodle,4058,"FRONTEND Sprint 7","2013-12-09 01:00:33","2013-12-24 09:00:00","2013-12-12 02:36:26",14,15.2917,38,6,0.9474,1.0000,489.8333,29,0.7632,7,0.1842,1.0000,1.0000,9,0.2368,3,0.0789,6,0.1579,0,0.0000,4,34,26,0.6842,13,0.3421,13,0.3421,30,30,0.7895,5,0.1316,25,0.6579,0,0,24,0.6316,0
34,MDL,Moodle,Moodle,4057,"FRONTEND Sprint 8","2014-01-06 01:00:00","2014-01-24 09:00:00","2014-01-09 17:00:00",15,18.3333,29,8,0.9655,1.0000,471.7500,26,0.8966,18,0.6207,0.9310,0.9655,4,0.1379,3,0.1034,1,0.0345,0,0.0000,1,20,20,0.6897,5,0.1724,15,0.5172,33,29,1.0000,6,0.2069,23,0.7931,0,0,24,0.8276,0
34,MDL,Moodle,Moodle,4056,"BACKEND Sprint 9","2014-01-06 01:00:50","2014-01-24 09:00:00","2014-01-09 17:00:40",16,18.2917,26,6,1.0000,1.0000,1210.0000,21,0.8077,3,0.1154,0.6923,0.9615,8,0.3077,7,0.2692,1,0.0385,0,0.0000,2,21,19,0.7308,14,0.5385,5,0.1923,26,26,1.0000,14,0.5385,12,0.4615,0,0,16,0.6154,0
34,MDL,Moodle,Moodle,4053,"FRONTEND Sprint 9","2014-01-28 00:39:00","2014-02-14 09:00:00","2014-01-31 11:55:12",17,17.3333,48,6,0.9583,1.0000,441.5000,24,0.5000,1,0.0208,0.7917,0.9375,25,0.5208,20,0.4167,5,0.1042,0,0.0000,1,46,42,0.8750,25,0.5208,17,0.3542,51,48,1.0000,22,0.4583,26,0.5417,0,0,43,0.8958,0
34,MDL,Moodle,Moodle,4055,"BACKEND Sprint 10","2014-01-28 01:00:10","2014-02-14 09:00:00","2014-01-31 12:12:08",18,17.2917,23,5,0.9565,1.0000,1589.2000,12,0.5217,6,0.2609,0.6522,0.7826,5,0.2174,0,0.0000,5,0.2174,0,0.0000,0,19,18,0.7826,7,0.3043,11,0.4783,23,21,0.9130,3,0.1304,18,0.7826,0,0,15,0.6522,0
34,MDL,Moodle,Moodle,4051,"BACKEND Sprint 11","2014-02-17 01:00:06","2014-03-07 09:00:00","2014-02-20 17:00:04",19,18.2917,32,5,1.0000,1.0000,1429.0000,13,0.4063,2,0.0625,0.7813,1.0000,7,0.2188,5,0.1563,2,0.0625,7,0.2188,0,22,20,0.6250,12,0.3750,8,0.2500,26,25,0.7813,6,0.1875,19,0.5938,0,0,18,0.5625,0
34,MDL,Moodle,Moodle,4052,"FRONTEND Sprint 10","2014-02-17 01:00:58","2014-03-07 09:00:00","2014-02-20 17:00:46",20,18.2917,29,7,1.0000,1.0000,597.1429,25,0.8621,18,0.6207,0.9310,0.8966,16,0.5517,2,0.0690,14,0.4828,0,0.0000,0,25,20,0.6897,11,0.3793,9,0.3103,29,29,1.0000,4,0.1379,25,0.8621,0,0,16,0.5517,0
34,MDL,Moodle,Moodle,4049,"BACKEND Sprint 12","2014-03-17 01:00:00","2014-04-04 09:00:00","2014-03-20 17:00:00",21,18.3333,33,5,0.9697,1.0000,1297.2000,11,0.3333,8,0.2424,0.8485,0.9394,9,0.2727,7,0.2121,2,0.0606,0,0.0000,1,22,21,0.6364,9,0.2727,12,0.3636,24,23,0.6970,5,0.1515,18,0.5455,0,0,15,0.4545,0
34,MDL,Moodle,Moodle,4050,"FRONTEND Sprint 11","2014-03-17 01:00:29","2014-04-04 09:00:00","2014-03-20 17:00:23",22,18.2917,75,8,0.9733,1.0000,1187.0000,40,0.5333,19,0.2533,0.7333,0.8800,49,0.6533,48,0.6400,1,0.0133,2,0.0267,0,76,66,0.8800,62,0.8267,4,0.0533,43,41,0.5467,28,0.3733,13,0.1733,0,0,50,0.6667,0
34,MDL,Moodle,Moodle,4046,"BACKEND Sprint 13","2014-06-09 01:00:00","2014-06-27 09:00:00","2014-06-12 17:00:00",23,18.3333,18,7,1.0000,1.0000,219.2857,14,0.7778,4,0.2222,0.9444,1.0000,4,0.2222,1,0.0556,3,0.1667,0,0.0000,0,16,16,0.8889,7,0.3889,9,0.5000,17,17,0.9444,5,0.2778,12,0.6667,0,0,12,0.6667,0
34,MDL,Moodle,Moodle,4047,"FRONTEND Sprint 12","2014-06-09 01:00:00","2014-06-27 09:00:00","2014-06-12 17:00:00",24,18.3333,17,6,1.0000,1.0000,561.8333,13,0.7647,6,0.3529,1.0000,0.9412,4,0.2353,3,0.1765,1,0.0588,0,0.0000,0,14,11,0.6471,7,0.4118,4,0.2353,18,16,0.9412,6,0.3529,10,0.5882,0,0,13,0.7647,0
34,MDL,Moodle,Moodle,4044,"FRONTEND Sprint 13","2014-06-30 01:00:00","2014-07-18 09:00:00","2014-07-03 17:00:00",25,18.3333,21,7,1.0000,1.0000,558.2857,12,0.5714,1,0.0476,0.9524,1.0000,7,0.3333,5,0.2381,2,0.0952,1,0.0476,1,11,11,0.5238,7,0.3333,4,0.1905,7,7,0.3333,6,0.2857,1,0.0476,0,0,10,0.4762,0
34,MDL,Moodle,Moodle,4045,"BACKEND Sprint 14","2014-06-30 01:00:00","2014-07-18 09:00:00","2014-07-03 17:00:00",26,18.3333,26,7,0.9615,1.0000,221.4286,15,0.5769,3,0.1154,0.8462,0.9615,1,0.0385,1,0.0385,0,0.0000,0,0.0000,0,19,18,0.6923,8,0.3077,10,0.3846,8,8,0.3077,8,0.3077,0,0.0000,0,0,21,0.8077,0
34,MDL,Moodle,Moodle,4043,"BACKEND Sprint 15","2014-07-28 01:00:34","2014-08-15 09:00:00","2014-07-31 17:00:27",27,18.2917,28,9,1.0000,1.0000,431.6667,15,0.5357,3,0.1071,0.9643,1.0000,15,0.5357,5,0.1786,10,0.3571,0,0.0000,0,28,24,0.8571,16,0.5714,8,0.2857,27,27,0.9643,10,0.3571,17,0.6071,0,0,22,0.7857,0
34,MDL,Moodle,Moodle,4041,"FRONTEND Sprint 14","2014-09-15 01:00:11","2014-10-03 09:00:00","2014-09-18 17:00:08",28,18.2917,44,7,0.9773,0.8571,236.1429,8,0.1818,3,0.0682,0.7045,0.7727,16,0.3636,6,0.1364,10,0.2273,17,0.3864,0,17,17,0.3864,10,0.2273,7,0.1591,16,15,0.3409,2,0.0455,13,0.2955,0,0,36,0.8182,0
34,MDL,Moodle,Moodle,4040,"BACKEND Sprint 17","2014-09-15 01:00:43","2014-10-03 09:00:00","2014-09-18 17:00:34",29,18.2917,85,11,0.7765,1.0000,830.3636,2,0.0235,0,0.0000,0.7294,0.7647,35,0.4118,13,0.1529,22,0.2588,14,0.1647,1,53,47,0.5529,29,0.3412,18,0.2118,28,26,0.3059,5,0.0588,21,0.2471,0,0,65,0.7647,0
34,MDL,Moodle,Moodle,4038,"FRONTEND Sprint 15","2014-11-10 14:22:00","2014-11-28 14:22:00","2014-11-14 04:46:00",30,18.0000,13,6,1.0000,1.0000,161.3333,9,0.6923,0,0.0000,0.0000,0.9231,1,0.0769,0,0.0000,1,0.0769,0,0.0000,0,11,9,0.6923,6,0.4615,3,0.2308,2,2,0.1538,1,0.0769,1,0.0769,0,0,10,0.7692,0
34,MDL,Moodle,Moodle,4037,"BACKEND Sprint 18","2014-11-10 14:24:00","2014-12-03 14:24:00","2014-11-15 04:48:00",31,23.0000,23,10,1.0000,0.8000,264.3000,17,0.7391,7,0.3043,0.0870,1.0000,1,0.0435,0,0.0000,1,0.0435,0,0.0000,0,19,16,0.6957,3,0.1304,13,0.5652,3,3,0.1304,1,0.0435,2,0.0870,0,0,17,0.7391,0
34,MDL,Moodle,Moodle,4036,"FRONTEND Sprint 16","2014-12-04 12:59:22","2014-12-19 12:59:00","2014-12-07 12:59:17",32,14.9583,10,7,1.0000,1.0000,182.1429,8,0.8000,1,0.1000,0.1000,1.0000,1,0.1000,1,0.1000,0,0.0000,0,0.0000,0,4,3,0.3000,3,0.3000,0,0.0000,5,5,0.5000,5,0.5000,0,0.0000,0,0,4,0.4000,0
34,MDL,Moodle,Moodle,4017,"CBE Sprint 2","2015-11-16 14:04:20","2015-12-07 00:00:00","2015-11-20 16:03:28",34,20.3750,19,5,1.0000,1.0000,152.0000,4,0.2105,0,0.0000,0.6316,1.0000,7,0.3684,3,0.1579,4,0.2105,0,0.0000,0,19,18,0.9474,11,0.5789,7,0.3684,16,16,0.8421,5,0.2632,11,0.5789,0,0,18,0.9474,1
34,MDL,Moodle,Moodle,4016,"CBE Sprint 3","2015-12-07 13:48:52","2015-12-24 14:00:00","2015-12-10 23:27:05",35,17.0000,17,3,1.0000,1.0000,243.6667,11,0.6471,0,0.0000,0.8824,1.0000,3,0.1765,1,0.0588,2,0.1176,0,0.0000,0,25,17,1.0000,9,0.5294,8,0.4706,17,17,1.0000,2,0.1176,15,0.8824,0,0,17,1.0000,1
34,MDL,Moodle,Moodle,4012,"CBE Sprint 4","2016-01-11 13:37:17","2016-02-01 00:00:00","2016-01-15 15:41:49",36,20.4167,21,3,1.0000,1.0000,250.0000,5,0.2381,0,0.0000,0.8095,1.0000,7,0.3333,0,0.0000,7,0.3333,3,0.1429,0,11,11,0.5238,7,0.3333,4,0.1905,11,11,0.5238,1,0.0476,10,0.4762,0,0,14,0.6667,0
34,MDL,Moodle,Moodle,4009,"CBE Sprint 5","2016-02-01 14:04:06","2016-02-22 00:00:00","2016-02-05 16:03:16",37,20.3750,16,3,1.0000,1.0000,258.6667,6,0.3750,0,0.0000,0.8125,1.0000,6,0.3750,4,0.2500,2,0.1250,0,0.0000,0,16,16,1.0000,12,0.7500,4,0.2500,16,16,1.0000,6,0.3750,10,0.6250,0,0,15,0.9375,1
34,MDL,Moodle,Moodle,4007,"CBE Sprint 6","2016-02-22 14:05:32","2016-03-14 00:00:00","2016-02-26 16:04:25",38,20.3750,30,5,1.0000,1.0000,298.6000,10,0.3333,0,0.0000,0.6667,0.9667,21,0.7000,9,0.3000,12,0.4000,0,0.0000,0,28,28,0.9333,16,0.5333,12,0.4000,30,30,1.0000,9,0.3000,21,0.7000,0,0,27,0.9000,1
34,MDL,Moodle,Moodle,4006,"CBE Sprint 7","2016-03-14 12:48:49","2016-04-04 00:00:00","2016-03-18 15:03:03",39,20.4583,39,5,1.0000,1.0000,305.6000,18,0.4615,0,0.0000,0.0513,1.0000,29,0.7436,12,0.3077,17,0.4359,0,0.0000,0,38,35,0.8974,20,0.5128,15,0.3846,38,38,0.9744,15,0.3846,23,0.5897,0,0,38,0.9744,1
34,MDL,Moodle,Moodle,3995,"3.3 Project Team Sprint 1","2017-01-09 02:00:00","2017-01-27 07:00:00","2017-01-12 17:24:00",40,18.2083,12,4,1.0000,1.0000,187.7500,0,0.0000,0,0.0000,0.0000,1.0000,3,0.2500,2,0.1667,1,0.0833,1,0.0833,0,10,7,0.5833,6,0.5000,1,0.0833,5,5,0.4167,3,0.2500,2,0.1667,0,0,7,0.5833,0
34,MDL,Moodle,Moodle,3994,"3.3 Project Team Sprint 2","2017-02-06 02:00:51","2017-02-24 10:00:00","2017-02-09 18:00:40",41,18.2917,19,4,1.0000,1.0000,191.0000,0,0.0000,0,0.0000,0.0000,0.8947,3,0.1579,2,0.1053,1,0.0526,0,0.0000,0,21,19,1.0000,13,0.6842,6,0.3158,18,18,0.9474,4,0.2105,14,0.7368,0,0,16,0.8421,0
34,MDL,Moodle,Moodle,3978,"Internationals - 3.8 Sprint 1","2019-06-03 04:01:00","2019-06-14 04:00:00","2019-06-05 08:48:48",42,10.9583,25,4,1.0000,1.0000,503.2500,9,0.3600,0,0.0000,0.0000,0.9200,0,0.0000,0,0.0000,0,0.0000,0,0.0000,0,14,13,0.5200,12,0.4800,1,0.0400,25,25,1.0000,25,1.0000,0,0.0000,0,0,9,0.3600,0
34,MDL,Moodle,Moodle,3979,"Moppies Moodle 3.8 Sprint 1","2019-06-13 13:29:12","2019-06-28 21:55:00","2019-06-16 15:10:21",43,15.3333,23,8,0.7826,0.8750,95.6250,6,0.2609,0,0.0000,0.9565,0.7826,0,0.0000,0,0.0000,0,0.0000,0,0.0000,6,6,6,0.2609,6,0.2609,0,0.0000,23,23,1.0000,2,0.0870,21,0.9130,0,0,3,0.1304,0
34,MDL,Moodle,Moodle,3975,"Internationals - 3.8 Sprint 2","2019-06-16 16:00:11","2019-06-30 16:00:00","2019-06-19 11:12:08",44,13.9583,18,6,1.0000,1.0000,964.8333,11,0.6111,3,0.1667,0.1667,1.0000,7,0.3889,5,0.2778,2,0.1111,0,0.0000,0,15,13,0.7222,9,0.5000,4,0.2222,19,16,0.8889,12,0.6667,4,0.2222,0,0,2,0.1111,0
34,MDL,Moodle,Moodle,3958,"Internationals - 3.8 Sprint 5","2019-08-12 04:00:34","2019-08-26 04:00:00","2019-08-14 23:12:27",45,13.9583,20,5,0.8000,1.0000,426.2000,5,0.2500,4,0.2000,0.4000,0.7500,13,0.6500,10,0.5000,3,0.1500,0,0.0000,1,4,4,0.2000,4,0.2000,0,0.0000,10,10,0.5000,0,0.0000,10,0.5000,0,0,1,0.0500,0
34,MDL,Moodle,Moodle,3957,"H5P Sprint Relase 3.8","2019-10-07 07:53:08","2019-11-08 08:53:00","2019-10-13 17:41:06",46,32.0000,20,7,1.0000,1.0000,83.5714,9,0.4500,3,0.1500,0.0000,1.0000,19,0.9500,19,0.9500,0,0.0000,0,0.0000,0,24,18,0.9000,17,0.8500,1,0.0500,11,8,0.4000,7,0.3500,1,0.0500,0,0,11,0.5500,0
34,MDL,Moodle,Moodle,3954,"Internationals - 3.8 Alpha","2019-10-08 02:30:06","2019-10-15 02:30:00","2019-10-09 12:06:04",47,6.9583,21,6,0.8571,1.0000,433.5000,9,0.4286,1,0.0476,0.0952,0.8095,12,0.5714,12,0.5714,0,0.0000,0,0.0000,2,1,1,0.0476,1,0.0476,0,0.0000,9,9,0.4286,0,0.0000,9,0.4286,0,0,0,0.0000,0
34,MDL,Moodle,Moodle,3953,"Internationals - 3.9 Sprint 1","2019-12-03 00:00:00","2019-12-17 00:00:00","2019-12-05 19:12:00",48,14.0000,16,4,0.9375,1.0000,221.2500,4,0.2500,2,0.1250,0.9375,0.8125,0,0.0000,0,0.0000,0,0.0000,0,0.0000,2,13,13,0.8125,9,0.5625,4,0.2500,7,7,0.4375,7,0.4375,0,0.0000,0,0,4,0.2500,0
34,MDL,Moodle,Moodle,3944,"Activity Sprint 8","2020-03-03 04:03:30","2020-03-17 04:03:00","2020-03-05 23:15:24",49,13.9583,11,5,1.0000,1.0000,186.8000,2,0.1818,1,0.0909,1.0000,1.0000,0,0.0000,0,0.0000,0,0.0000,0,0.0000,0,6,6,0.5455,2,0.1818,4,0.3636,11,8,0.7273,7,0.6364,1,0.0909,0,0,4,0.3636,0
34,MDL,Moodle,Moodle,3939,"International 3.9 - Sprint 9","2020-03-30 06:10:16","2020-04-13 08:10:00","2020-04-02 01:46:12",50,14.0417,13,4,0.8462,1.0000,557.5000,5,0.3846,5,0.3846,0.8462,0.8462,6,0.4615,2,0.1538,4,0.3077,0,0.0000,1,7,7,0.5385,4,0.3077,3,0.2308,12,12,0.9231,2,0.1538,10,0.7692,0,0,3,0.2308,0
34,MDL,Moodle,Moodle,3935,"Path to glory","2020-05-25 02:17:00","2020-06-06 02:17:00","2020-05-27 11:53:00",51,12.0000,10,4,0.8000,1.0000,329.2500,6,0.6000,0,0.0000,0.8000,0.7000,1,0.1000,0,0.0000,1,0.1000,0,0.0000,0,5,5,0.5000,1,0.1000,4,0.4000,2,2,0.2000,0,0.0000,2,0.2000,0,1,10,1.0000,1
34,MDL,Moodle,Moodle,3933,"3.9 release work board","2020-06-08 02:50:00","2020-06-20 02:50:00","2020-06-10 12:26:00",52,12.0000,22,3,1.0000,1.0000,136.0000,12,0.5455,2,0.0909,0.1818,1.0000,7,0.3182,4,0.1818,3,0.1364,0,0.0000,1,17,17,0.7727,13,0.5909,4,0.1818,20,20,0.9091,17,0.7727,3,0.1364,0,0,10,0.4545,0
34,MDL,Moodle,Moodle,3929,"4.0 holding pattern 3","2020-07-20 03:37:00","2020-08-03 03:37:00","2020-07-22 22:49:00",53,14.0000,10,5,1.0000,1.0000,202.4000,3,0.3000,1,0.1000,1.0000,0.9000,4,0.4000,0,0.0000,4,0.4000,0,0.0000,1,5,5,0.5000,3,0.3000,2,0.2000,10,10,1.0000,3,0.3000,7,0.7000,0,0,3,0.3000,0
36,MULE,Mule,Mulesoft,4467,"ESB Dolomite 6","2014-02-26 17:51:47","2014-03-12 16:51:47","2014-03-01 12:51:47",6,13.9583,24,8,1.0000,1.0000,78.3750,18,0.7500,14,0.5833,0.9583,0.5833,13,0.5417,5,0.2083,8,0.3333,0,0.0000,0,3,3,0.1250,1,0.0417,2,0.0833,18,14,0.5833,8,0.3333,6,0.2500,0,0,20,0.8333,0
36,MULE,Mule,Mulesoft,4466,"ESB Everest 1","2014-03-12 18:52:05","2014-03-26 18:52:05","2014-03-15 14:04:05",7,14.0000,11,8,1.0000,1.0000,82.1250,4,0.3636,2,0.1818,1.0000,0.8182,6,0.5455,4,0.3636,2,0.1818,0,0.0000,0,1,1,0.0909,1,0.0909,0,0.0000,10,8,0.7273,4,0.3636,4,0.3636,0,0,8,0.7273,0
36,MULE,Mule,Mulesoft,4464,"ESB Everest 3","2014-04-09 16:55:25","2014-04-23 16:55:25","2014-04-12 12:07:25",8,14.0000,16,6,1.0000,1.0000,98.5000,13,0.8125,11,0.6875,0.8750,0.8125,9,0.5625,7,0.4375,2,0.1250,0,0.0000,0,2,2,0.1250,1,0.0625,1,0.0625,18,16,1.0000,7,0.4375,9,0.5625,0,0,14,0.8750,0
36,MULE,Mule,Mulesoft,4431,"ESB Everest 4","2014-04-23 20:36:06","2014-05-12 20:36:00","2014-04-27 15:48:04",9,18.9583,13,7,1.0000,1.0000,94.0000,11,0.8462,11,0.8462,0.9231,0.5385,10,0.7692,8,0.6154,2,0.1538,0,0.0000,0,5,5,0.3846,3,0.2308,2,0.1538,13,12,0.9231,8,0.6154,4,0.3077,0,0,9,0.6923,0
36,MULE,Mule,Mulesoft,4460,"ESB Fitz Roy 2","2014-05-21 17:21:29","2014-06-04 17:21:29","2014-05-24 12:33:29",10,14.0000,13,6,1.0000,0.8333,62.6667,8,0.6154,6,0.4615,0.7692,0.6923,9,0.6923,6,0.4615,3,0.2308,0,0.0000,0,6,6,0.4615,4,0.3077,2,0.1538,15,13,1.0000,10,0.7692,3,0.2308,0,0,11,0.8462,0
36,MULE,Mule,Mulesoft,4457,"ESB Fitz Roy 5","2014-07-03 17:37:06","2014-07-17 17:37:06","2014-07-06 12:49:06",11,14.0000,10,6,1.0000,1.0000,114.8333,1,0.1000,4,0.4000,0.7000,0.9000,3,0.3000,3,0.3000,0,0.0000,0,0.0000,0,1,1,0.1000,1,0.1000,0,0.0000,10,10,1.0000,3,0.3000,7,0.7000,0,0,9,0.9000,1
36,MULE,Mule,Mulesoft,4456,"ESB Fitz Roy 6","2014-07-17 17:17:33","2014-07-31 17:17:33","2014-07-20 12:29:33",12,14.0000,15,7,1.0000,1.0000,58.8571,3,0.2000,4,0.2667,0.8667,1.0000,6,0.4000,3,0.2000,3,0.2000,0,0.0000,0,10,9,0.6000,7,0.4667,2,0.1333,17,15,1.0000,3,0.2000,12,0.8000,0,0,9,0.6000,0
36,MULE,Mule,Mulesoft,4455,"ESB Gasherbrum 2","2014-08-14 16:18:27","2014-08-28 16:18:27","2014-08-17 11:30:27",13,14.0000,14,8,1.0000,1.0000,114.2500,9,0.6429,8,0.5714,0.6429,0.7857,5,0.3571,4,0.2857,1,0.0714,0,0.0000,0,7,6,0.4286,6,0.4286,0,0.0000,18,14,1.0000,7,0.5000,7,0.5000,0,0,12,0.8571,0
36,MULE,Mule,Mulesoft,4454,"ESB Gasherbrum 3","2014-08-29 17:23:24","2014-09-11 17:23:00","2014-09-01 07:47:19",14,12.9583,14,6,1.0000,0.8333,74.3333,1,0.0714,5,0.3571,0.8571,1.0000,5,0.3571,2,0.1429,3,0.2143,0,0.0000,0,3,2,0.1429,1,0.0714,1,0.0714,5,3,0.2143,1,0.0714,2,0.1429,0,0,13,0.9286,1
36,MULE,Mule,Mulesoft,4452,"ESB Himalaya 1","2014-09-30 17:20:00","2014-10-13 17:20:00","2014-10-03 07:44:00",15,13.0000,17,6,0.9412,1.0000,121.3333,3,0.1765,5,0.2941,0.7647,0.9412,4,0.2353,3,0.1765,1,0.0588,5,0.2941,0,2,2,0.1176,0,0.0000,2,0.1176,4,4,0.2353,3,0.1765,1,0.0588,0,0,17,1.0000,1
36,MULE,Mule,Mulesoft,4450,"ESB Himalaya 2","2014-10-09 16:54:40","2014-10-23 16:54:00","2014-10-12 12:06:32",16,13.9583,15,4,0.9333,1.0000,121.2500,3,0.2000,6,0.4000,0.8667,0.8000,2,0.1333,2,0.1333,0,0.0000,1,0.0667,0,6,6,0.4000,5,0.3333,1,0.0667,6,5,0.3333,5,0.3333,0,0.0000,0,0,14,0.9333,1
36,MULE,Mule,Mulesoft,4449,"ESB Himalaya 3","2014-10-23 17:05:32","2014-11-06 18:05:00","2014-10-26 12:29:25",17,14.0000,16,8,0.9375,0.8750,100.3750,3,0.1875,8,0.5000,0.7500,0.8125,3,0.1875,1,0.0625,2,0.1250,0,0.0000,0,9,8,0.5000,6,0.3750,2,0.1250,5,5,0.3125,3,0.1875,2,0.1250,0,0,11,0.6875,0
36,MULE,Mule,Mulesoft,4448,"ESB Himalaya 4","2014-11-06 18:39:29","2014-11-20 18:39:00","2014-11-09 13:51:23",18,13.9583,22,7,1.0000,0.8571,145.7143,2,0.0909,6,0.2727,0.8636,0.5000,5,0.2273,5,0.2273,0,0.0000,0,0.0000,0,9,8,0.3636,4,0.1818,4,0.1818,13,13,0.5909,13,0.5909,0,0.0000,0,0,21,0.9545,1
36,MULE,Mule,Mulesoft,4447,"ESB Himalaya 5","2014-11-20 18:24:10","2014-12-04 18:24:00","2014-11-23 13:36:08",19,13.9583,36,7,1.0000,1.0000,129.1429,21,0.5833,27,0.7500,0.8056,0.7500,20,0.5556,17,0.4722,3,0.0833,1,0.0278,0,18,18,0.5000,16,0.4444,2,0.0556,20,18,0.5000,17,0.4722,1,0.0278,0,0,32,0.8889,0
36,MULE,Mule,Mulesoft,4446,"ESB Icefall 1","2014-12-04 18:35:13","2014-12-18 18:35:00","2014-12-07 13:47:10",20,13.9583,16,6,1.0000,1.0000,224.3333,12,0.7500,10,0.6250,0.9375,0.8125,6,0.3750,3,0.1875,3,0.1875,0,0.0000,0,7,7,0.4375,7,0.4375,0,0.0000,11,6,0.3750,6,0.3750,0,0.0000,0,0,13,0.8125,0
36,MULE,Mule,Mulesoft,4445,"ESB Icefall 2","2014-12-18 18:02:14","2015-01-08 18:02:00","2014-12-22 22:50:11",21,20.9583,25,9,1.0000,1.0000,172.2222,14,0.5600,19,0.7600,0.9600,0.8400,16,0.6400,12,0.4800,4,0.1600,0,0.0000,0,12,12,0.4800,9,0.3600,3,0.1200,17,17,0.6800,13,0.5200,4,0.1600,0,0,23,0.9200,1
36,MULE,Mule,Mulesoft,4443,"ESB Icefall 3","2015-01-09 20:00:23","2015-01-22 20:00:00","2015-01-12 10:24:18",22,12.9583,12,7,1.0000,0.8571,128.5714,4,0.3333,4,0.3333,0.9167,0.7500,4,0.3333,4,0.3333,0,0.0000,0,0.0000,0,2,2,0.1667,2,0.1667,0,0.0000,4,4,0.3333,4,0.3333,0,0.0000,0,0,10,0.8333,0
36,MULE,Mule,Mulesoft,4442,"ESB Icefall 4","2015-01-22 18:52:50","2015-02-05 18:52:00","2015-01-25 14:04:40",23,13.9583,20,10,0.9500,0.9000,163.2000,14,0.7000,12,0.6000,0.8500,0.6000,9,0.4500,5,0.2500,4,0.2000,1,0.0500,0,6,5,0.2500,4,0.2000,1,0.0500,13,12,0.6000,9,0.4500,3,0.1500,0,0,15,0.7500,0
36,MULE,Mule,Mulesoft,4439,"ESB Joy 1","2015-03-05 18:25:47","2015-03-19 17:25:00","2015-03-08 13:25:37",24,13.9167,13,5,0.9231,1.0000,146.8000,8,0.6154,4,0.3077,0.5385,0.6923,9,0.6923,8,0.6154,1,0.0769,1,0.0769,0,6,6,0.4615,6,0.4615,0,0.0000,10,10,0.7692,10,0.7692,0,0.0000,0,0,12,0.9231,1
36,MULE,Mule,Mulesoft,4438,"ESB Joy 2","2015-03-20 18:59:51","2015-04-09 18:59:00","2015-03-24 18:59:40",25,19.9583,23,6,1.0000,0.8333,124.6667,10,0.4348,10,0.4348,0.8696,0.8696,7,0.3043,7,0.3043,0,0.0000,1,0.0435,0,8,8,0.3478,6,0.2609,2,0.0870,4,4,0.1739,3,0.1304,1,0.0435,0,0,22,0.9565,1
36,MULE,Mule,Mulesoft,4400,"ESB Joy 3","2015-04-09 15:59:36","2015-04-23 15:59:00","2015-04-12 11:11:28",26,13.9583,29,8,1.0000,0.8750,135.5000,9,0.3103,21,0.7241,0.8966,0.7931,16,0.5517,12,0.4138,4,0.1379,0,0.0000,0,11,10,0.3448,7,0.2414,3,0.1034,19,17,0.5862,12,0.4138,5,0.1724,0,0,26,0.8966,0
36,MULE,Mule,Mulesoft,4437,"ESB Joy 4","2015-04-23 18:27:13","2015-05-07 18:27:00","2015-04-26 13:39:10",27,13.9583,21,6,1.0000,1.0000,171.8333,11,0.5238,18,0.8571,0.8571,0.6190,11,0.5238,9,0.4286,2,0.0952,0,0.0000,0,4,4,0.1905,2,0.0952,2,0.0952,8,6,0.2857,6,0.2857,0,0.0000,0,0,20,0.9524,1
36,MULE,Mule,Mulesoft,4436,"ESB K2 1","2015-05-07 17:32:45","2015-05-21 17:32:00","2015-05-10 12:44:36",28,13.9583,15,6,1.0000,1.0000,175.5000,7,0.4667,12,0.8000,0.9333,0.8667,7,0.4667,4,0.2667,3,0.2000,0,0.0000,0,9,8,0.5333,4,0.2667,4,0.2667,4,4,0.2667,2,0.1333,2,0.1333,0,0,15,1.0000,1
36,MULE,Mule,Mulesoft,4435,"ESB K2 2","2015-05-21 17:12:24","2015-06-04 17:12:00","2015-05-24 12:24:19",29,13.9583,26,8,1.0000,1.0000,209.7500,18,0.6923,15,0.5769,0.7308,0.6538,14,0.5385,10,0.3846,4,0.1538,1,0.0385,0,13,13,0.5000,9,0.3462,4,0.1538,29,18,0.6923,17,0.6538,1,0.0385,0,0,22,0.8462,0
36,MULE,Mule,Mulesoft,4434,"ESB K2 3","2015-06-04 16:29:53","2015-06-18 16:29:00","2015-06-07 11:41:42",30,13.9583,11,5,0.9091,0.8000,147.4000,6,0.5455,3,0.2727,0.7273,0.4545,2,0.1818,1,0.0909,1,0.0909,0,0.0000,0,6,6,0.5455,5,0.4545,1,0.0909,2,2,0.1818,2,0.1818,0,0.0000,0,0,6,0.5455,0
36,MULE,Mule,Mulesoft,4362,"ESB K2 4","2015-06-18 17:18:41","2015-07-02 17:18:00","2015-06-21 12:30:32",31,13.9583,10,6,1.0000,1.0000,124.6667,3,0.3000,4,0.4000,0.7000,0.7000,5,0.5000,5,0.5000,0,0.0000,0,0.0000,0,3,3,0.3000,1,0.1000,2,0.2000,9,8,0.8000,8,0.8000,0,0.0000,0,0,5,0.5000,0
36,MULE,Mule,Mulesoft,4430,"ESB Lhotse 3","2015-08-04 17:04:55","2015-08-20 17:04:00","2015-08-07 21:52:44",32,15.9583,10,4,1.0000,1.0000,207.0000,7,0.7000,2,0.2000,0.4000,0.5000,1,0.1000,1,0.1000,0,0.0000,0,0.0000,0,2,2,0.2000,0,0.0000,2,0.2000,0,0,0.0000,0,0.0000,0,0.0000,0,1,8,0.8000,0
36,MULE,Mule,Mulesoft,4429,"ESB Lhotse 4","2015-08-25 15:54:24","2015-09-10 15:54:00","2015-08-28 20:42:19",33,15.9583,14,5,1.0000,1.0000,173.6000,12,0.8571,10,0.7143,0.5714,0.9286,8,0.5714,5,0.3571,3,0.2143,0,0.0000,0,8,8,0.5714,3,0.2143,5,0.3571,10,8,0.5714,7,0.5000,1,0.0714,0,0,11,0.7857,0
36,MULE,Mule,Mulesoft,4424,"ESB Lhotse 5","2015-09-07 17:43:09","2015-09-22 17:43:00","2015-09-10 17:43:07",34,14.9583,11,5,0.9091,1.0000,72.2000,7,0.6364,4,0.3636,0.1818,0.5455,6,0.5455,5,0.4545,1,0.0909,0,0.0000,0,3,3,0.2727,1,0.0909,2,0.1818,1,1,0.0909,1,0.0909,0,0.0000,0,0,5,0.4545,0
36,MULE,Mule,Mulesoft,4426,"ESB Lhotse 7","2015-11-05 16:48:07","2015-11-19 16:48:00","2015-11-08 12:00:05",35,13.9583,14,4,1.0000,1.0000,128.2500,9,0.6429,3,0.2143,0.2143,0.6429,14,1.0000,13,0.9286,1,0.0714,0,0.0000,0,2,2,0.1429,2,0.1429,0,0.0000,7,7,0.5000,7,0.5000,0,0.0000,0,0,8,0.5714,0
36,MULE,Mule,Mulesoft,4421,"ESB McKinley 2","2015-12-17 17:18:04","2016-01-07 17:18:00","2015-12-21 22:06:03",37,20.9583,12,4,1.0000,0.7500,187.7500,7,0.5833,1,0.0833,0.2500,0.5000,9,0.7500,6,0.5000,3,0.2500,0,0.0000,1,3,3,0.2500,3,0.2500,0,0.0000,7,6,0.5000,3,0.2500,3,0.2500,0,0,8,0.6667,0
36,MULE,Mule,Mulesoft,4420,"SDK McKinley 2","2016-01-04 16:00:30","2016-01-18 16:00:00","2016-01-07 11:12:24",38,13.9583,12,4,1.0000,0.7500,100.2500,6,0.5000,4,0.3333,0.8333,0.6667,3,0.2500,1,0.0833,2,0.1667,0,0.0000,0,5,5,0.4167,3,0.2500,2,0.1667,5,5,0.4167,4,0.3333,1,0.0833,0,0,10,0.8333,0
36,MULE,Mule,Mulesoft,4419,"Mule 4 M1 - Sprint 3","2016-01-07 15:09:52","2016-01-21 15:09:00","2016-01-10 10:21:41",39,13.9583,20,7,1.0000,1.0000,251.4286,0,0.0000,13,0.6500,0.4500,0.5500,12,0.6000,11,0.5500,1,0.0500,0,0.0000,0,13,13,0.6500,8,0.4000,5,0.2500,7,7,0.3500,0,0.0000,7,0.3500,0,0,12,0.6000,0
36,MULE,Mule,Mulesoft,4418,"ESB McKinley 3","2016-01-07 17:20:24","2016-01-21 17:20:00","2016-01-10 12:32:19",40,13.9583,14,4,1.0000,0.7500,52.0000,8,0.5714,3,0.2143,0.3571,0.7857,8,0.5714,8,0.5714,0,0.0000,0,0.0000,0,7,7,0.5000,7,0.5000,0,0.0000,9,9,0.6429,9,0.6429,0,0.0000,0,0,12,0.8571,0
36,MULE,Mule,Mulesoft,4417,"Mule 4 M1 - Sprint 4","2016-01-21 19:05:01","2016-02-05 19:05:00","2016-01-24 19:05:00",42,14.9583,10,5,1.0000,0.8000,264.2000,1,0.1000,3,0.3000,0.7000,0.3000,1,0.1000,0,0.0000,1,0.1000,0,0.0000,0,4,4,0.4000,2,0.2000,2,0.2000,6,6,0.6000,2,0.2000,4,0.4000,0,0,6,0.6000,0
36,MULE,Mule,Mulesoft,4407,"SDK Nero 2","2016-02-29 15:42:26","2016-03-14 14:42:00","2016-03-03 10:42:20",43,13.9167,19,6,1.0000,0.8333,74.3333,2,0.1053,4,0.2105,1.0000,0.6316,8,0.4211,7,0.3684,1,0.0526,0,0.0000,0,7,7,0.3684,6,0.3158,1,0.0526,4,4,0.2105,4,0.2105,0,0.0000,0,0,19,1.0000,1
36,MULE,Mule,Mulesoft,4406,"SDK Nero 3","2016-03-14 15:53:20","2016-03-28 15:53:00","2016-03-17 11:05:16",44,13.9583,12,5,0.9167,1.0000,92.0000,2,0.1667,5,0.4167,0.9167,0.9167,1,0.0833,0,0.0000,1,0.0833,0,0.0000,1,2,1,0.0833,1,0.0833,0,0.0000,2,2,0.1667,1,0.0833,1,0.0833,0,1,9,0.7500,0
36,MULE,Mule,Mulesoft,4396,"SDK Olympus 1","2016-04-27 16:27:32","2016-05-09 16:27:00","2016-04-30 02:03:25",45,11.9583,23,5,0.9565,1.0000,97.8000,14,0.6087,4,0.1739,1.0000,0.6087,9,0.3913,6,0.2609,3,0.1304,0,0.0000,0,20,14,0.6087,8,0.3478,6,0.2609,15,13,0.5652,8,0.3478,5,0.2174,0,0,21,0.9130,1
36,MULE,Mule,Mulesoft,4392,"SDK Olympus 2","2016-05-09 19:01:01","2016-05-23 19:01:00","2016-05-12 14:13:00",46,13.9583,18,5,1.0000,1.0000,102.6000,9,0.5000,2,0.1111,0.9444,0.5556,9,0.5000,9,0.5000,0,0.0000,0,0.0000,0,2,2,0.1111,2,0.1111,0,0.0000,2,2,0.1111,2,0.1111,0,0.0000,0,0,10,0.5556,0
36,MULE,Mule,Mulesoft,4393,"Mule 4 M2 - Sprint 1","2016-05-12 16:48:04","2016-05-26 16:48:00","2016-05-15 12:00:03",47,13.9583,16,6,1.0000,1.0000,252.5000,0,0.0000,4,0.2500,0.9375,0.7500,4,0.2500,1,0.0625,3,0.1875,1,0.0625,0,9,9,0.5625,3,0.1875,6,0.3750,8,8,0.5000,2,0.1250,6,0.3750,0,0,13,0.8125,0
36,MULE,Mule,Mulesoft,4390,"Mule 4 M2 - Sprint 2","2016-05-26 20:58:46","2016-06-09 20:58:00","2016-05-29 16:10:36",48,13.9583,20,6,1.0000,1.0000,257.0000,5,0.2500,6,0.3000,1.0000,0.7000,9,0.4500,9,0.4500,0,0.0000,1,0.0500,0,6,6,0.3000,2,0.1000,4,0.2000,16,11,0.5500,11,0.5500,0,0.0000,0,0,15,0.7500,0
36,MULE,Mule,Mulesoft,4389,"SDK Olympus 3","2016-05-30 16:04:04","2016-06-13 16:04:00","2016-06-02 11:16:03",49,13.9583,17,3,1.0000,1.0000,164.0000,10,0.5882,6,0.3529,1.0000,0.5882,5,0.2941,4,0.2353,1,0.0588,0,0.0000,0,3,3,0.1765,0,0.0000,3,0.1765,2,2,0.1176,2,0.1176,0,0.0000,0,0,13,0.7647,0
36,MULE,Mule,Mulesoft,4387,"Mule 4 M2 - Sprint 3","2016-06-09 16:57:46","2016-06-23 16:57:00","2016-06-12 12:09:36",50,13.9583,32,6,0.9688,1.0000,263.3333,4,0.1250,13,0.4063,0.6875,0.7188,10,0.3125,9,0.2813,1,0.0313,3,0.0938,0,6,6,0.1875,4,0.1250,2,0.0625,12,10,0.3125,10,0.3125,0,0.0000,0,0,19,0.5938,0
36,MULE,Mule,Mulesoft,4388,"SDK Olympus 4","2016-06-13 16:16:24","2016-06-27 16:16:00","2016-06-16 11:28:19",51,13.9583,10,5,1.0000,1.0000,113.8000,7,0.7000,6,0.6000,1.0000,0.7000,1,0.1000,0,0.0000,1,0.1000,0,0.0000,0,4,4,0.4000,0,0.0000,4,0.4000,1,1,0.1000,0,0.0000,1,0.1000,0,1,7,0.7000,0
36,MULE,Mule,Mulesoft,4383,"Mule 4 M2 - Sprint 4","2016-06-23 16:11:54","2016-07-07 16:11:00","2016-06-26 11:23:43",52,13.9583,13,5,1.0000,1.0000,127.0000,3,0.2308,7,0.5385,0.6923,0.3846,6,0.4615,4,0.3077,2,0.1538,0,0.0000,0,3,3,0.2308,2,0.1538,1,0.0769,8,6,0.4615,4,0.3077,2,0.1538,0,0,10,0.7692,0
36,MULE,Mule,Mulesoft,4384,"SDK Olympus 5","2016-06-27 16:12:00","2016-07-11 16:12:00","2016-06-30 11:24:00",53,14.0000,16,5,1.0000,1.0000,117.0000,7,0.4375,5,0.3125,1.0000,0.7500,9,0.5625,6,0.3750,3,0.1875,0,0.0000,0,7,6,0.3750,4,0.2500,2,0.1250,8,7,0.4375,6,0.3750,1,0.0625,0,0,12,0.7500,0
36,MULE,Mule,Mulesoft,4381,"SDK Pyrenees 1","2016-07-11 16:41:26","2016-07-25 16:41:00","2016-07-14 11:53:20",54,13.9583,14,5,1.0000,1.0000,122.0000,9,0.6429,5,0.3571,0.8571,0.5000,6,0.4286,6,0.4286,0,0.0000,0,0.0000,0,3,3,0.2143,3,0.2143,0,0.0000,3,3,0.2143,3,0.2143,0,0.0000,0,0,14,1.0000,1
36,MULE,Mule,Mulesoft,4372,"Mule 4 M3 - Sprint 2","2016-07-21 16:32:40","2016-08-04 16:32:00","2016-07-24 11:44:32",55,13.9583,22,8,1.0000,1.0000,190.3750,5,0.2273,2,0.0909,0.5909,0.8636,11,0.5000,9,0.4091,2,0.0909,0,0.0000,0,9,9,0.4091,7,0.3182,2,0.0909,12,12,0.5455,3,0.1364,9,0.4091,0,0,12,0.5455,0
36,MULE,Mule,Mulesoft,4379,"SDK Pyrenees 2","2016-07-25 15:44:07","2016-08-08 15:44:00","2016-07-28 10:56:05",56,13.9583,20,5,1.0000,1.0000,126.2000,6,0.3000,2,0.1000,0.9500,0.6000,5,0.2500,3,0.1500,2,0.1000,0,0.0000,0,4,3,0.1500,1,0.0500,2,0.1000,3,3,0.1500,2,0.1000,1,0.0500,0,0,15,0.7500,0
36,MULE,Mule,Mulesoft,4376,"Mule 4 M3 - Sprint 3","2016-08-04 15:24:32","2016-08-18 15:24:00","2016-08-07 10:36:25",57,13.9583,14,5,1.0000,1.0000,305.4000,2,0.1429,7,0.5000,0.9286,0.9286,7,0.5000,1,0.0714,6,0.4286,0,0.0000,0,6,6,0.4286,3,0.2143,3,0.2143,12,12,0.8571,0,0.0000,12,0.8571,0,0,6,0.4286,0
36,MULE,Mule,Mulesoft,4377,"SDK Pyrenees 3","2016-08-08 15:58:57","2016-08-22 15:58:00","2016-08-11 11:10:45",58,13.9583,12,4,1.0000,1.0000,152.2500,7,0.5833,8,0.6667,1.0000,0.5833,11,0.9167,5,0.4167,6,0.5000,0,0.0000,0,5,5,0.4167,4,0.3333,1,0.0833,2,2,0.1667,1,0.0833,1,0.0833,0,0,10,0.8333,0
36,MULE,Mule,Mulesoft,4374,"Mule 4 M3 - Sprint 4","2016-08-18 20:28:35","2016-09-01 20:28:00","2016-08-21 15:40:28",59,13.9583,17,5,0.9412,1.0000,263.8000,0,0.0000,9,0.5294,1.0000,0.7059,1,0.0588,1,0.0588,0,0.0000,0,0.0000,0,11,11,0.6471,9,0.5294,2,0.1176,13,9,0.5294,8,0.4706,1,0.0588,0,0,11,0.6471,0
36,MULE,Mule,Mulesoft,4369,"Mule 4 M3 - Sprint 5","2016-09-01 17:19:40","2016-09-15 17:19:00","2016-09-04 12:31:32",60,13.9583,24,6,1.0000,1.0000,292.3333,5,0.2083,16,0.6667,0.8750,0.7917,9,0.3750,4,0.1667,5,0.2083,0,0.0000,0,17,16,0.6667,12,0.5000,4,0.1667,19,19,0.7917,9,0.3750,10,0.4167,0,0,18,0.7500,0
36,MULE,Mule,Mulesoft,4368,"SDK Pyrenees 5","2016-09-06 15:45:45","2016-09-19 15:45:00","2016-09-09 06:09:36",61,12.9583,21,5,1.0000,1.0000,139.8000,9,0.4286,9,0.4286,1.0000,0.5714,12,0.5714,4,0.1905,8,0.3810,0,0.0000,0,11,11,0.5238,6,0.2857,5,0.2381,18,16,0.7619,8,0.3810,8,0.3810,0,0,21,1.0000,1
36,MULE,Mule,Mulesoft,4366,"Mule Pyrenees 6","2016-09-15 17:15:27","2016-09-29 17:15:00","2016-09-18 12:27:21",62,13.9583,10,4,1.0000,0.7500,61.7500,6,0.6000,4,0.4000,0.3000,0.7000,8,0.8000,5,0.5000,3,0.3000,0,0.0000,0,3,3,0.3000,3,0.3000,0,0.0000,8,6,0.6000,4,0.4000,2,0.2000,0,0,9,0.9000,1
36,MULE,Mule,Mulesoft,4365,"Mule 4 M4 - Sprint 1","2016-09-15 17:37:09","2016-09-29 17:37:00","2016-09-18 12:49:07",63,13.9583,31,8,1.0000,1.0000,265.5000,8,0.2581,13,0.4194,0.8387,0.6452,8,0.2581,5,0.1613,3,0.0968,0,0.0000,0,21,20,0.6452,13,0.4194,7,0.2258,25,25,0.8065,13,0.4194,12,0.3871,0,0,19,0.6129,0
36,MULE,Mule,Mulesoft,4364,"SDK Pyrenees 6","2016-09-19 16:15:18","2016-10-02 16:15:00","2016-09-22 06:39:14",64,12.9583,28,6,1.0000,0.8333,119.5000,18,0.6429,8,0.2857,0.9286,0.6786,8,0.2857,6,0.2143,2,0.0714,0,0.0000,0,18,14,0.5000,7,0.2500,7,0.2500,6,5,0.1786,4,0.1429,1,0.0357,0,0,25,0.8929,0
36,MULE,Mule,Mulesoft,4360,"Mule 4 M4 - Sprint 2","2016-09-29 17:38:03","2016-10-13 17:38:00","2016-10-02 12:50:02",65,13.9583,26,6,1.0000,1.0000,203.8333,4,0.1538,7,0.2692,0.8846,0.6923,9,0.3462,6,0.2308,3,0.1154,0,0.0000,0,11,11,0.4231,5,0.1923,6,0.2308,25,20,0.7692,15,0.5769,5,0.1923,0,0,17,0.6538,0
36,MULE,Mule,Mulesoft,4359,"SDK Qin 1","2016-10-03 15:52:11","2016-10-16 15:52:00","2016-10-06 06:16:08",66,12.9583,10,4,1.0000,1.0000,176.5000,1,0.1000,4,0.4000,1.0000,0.9000,1,0.1000,1,0.1000,0,0.0000,0,0.0000,0,4,3,0.3000,3,0.3000,0,0.0000,1,1,0.1000,1,0.1000,0,0.0000,0,0,6,0.6000,0
36,MULE,Mule,Mulesoft,4358,"Mule 4 M4 - Sprint 3","2016-10-13 19:54:18","2016-10-27 19:54:00","2016-10-16 15:06:14",67,13.9583,18,7,1.0000,1.0000,251.2857,3,0.1667,8,0.4444,0.8889,0.5556,10,0.5556,10,0.5556,0,0.0000,0,0.0000,0,3,3,0.1667,3,0.1667,0,0.0000,8,8,0.4444,8,0.4444,0,0.0000,0,0,15,0.8333,0
36,MULE,Mule,Mulesoft,4357,"SDK Qin 2","2016-10-18 16:02:49","2016-10-31 16:02:00","2016-10-21 06:26:39",68,12.9583,12,4,1.0000,1.0000,175.2500,3,0.2500,5,0.4167,1.0000,0.7500,2,0.1667,0,0.0000,2,0.1667,0,0.0000,0,3,3,0.2500,1,0.0833,2,0.1667,10,8,0.6667,5,0.4167,3,0.2500,0,0,7,0.5833,0
36,MULE,Mule,Mulesoft,4354,"Mule 4 M4 - Sprint 4","2016-10-27 14:03:44","2016-11-10 15:03:00","2016-10-30 09:27:35",69,14.0000,25,6,1.0000,1.0000,219.8333,2,0.0800,10,0.4000,0.8400,0.8400,14,0.5600,8,0.3200,6,0.2400,0,0.0000,0,6,6,0.2400,4,0.1600,2,0.0800,17,16,0.6400,7,0.2800,9,0.3600,0,0,22,0.8800,0
36,MULE,Mule,Mulesoft,4356,"SDK Qin 3","2016-10-31 15:35:37","2016-11-13 16:35:00","2016-11-03 06:11:29",70,13.0000,10,4,1.0000,1.0000,183.0000,2,0.2000,6,0.6000,1.0000,0.7000,2,0.2000,1,0.1000,1,0.1000,0,0.0000,0,1,1,0.1000,1,0.1000,0,0.0000,2,2,0.2000,1,0.1000,1,0.1000,0,1,2,0.2000,0
36,MULE,Mule,Mulesoft,4352,"Mule 4 M4 - Sprint 5","2016-11-10 18:00:59","2016-11-24 18:00:00","2016-11-13 13:12:47",71,13.9583,38,7,1.0000,1.0000,285.5714,5,0.1316,15,0.3947,0.9737,0.8947,16,0.4211,15,0.3947,1,0.0263,0,0.0000,0,6,6,0.1579,6,0.1579,0,0.0000,15,11,0.2895,11,0.2895,0,0.0000,0,0,32,0.8421,0
36,MULE,Mule,Mulesoft,4351,"SDK Qin 4","2016-11-14 16:32:14","2016-11-29 16:32:00","2016-11-17 16:32:11",72,14.9583,17,5,1.0000,1.0000,158.4000,13,0.7647,8,0.4706,0.8824,0.5882,9,0.5294,4,0.2353,5,0.2941,0,0.0000,0,6,4,0.2353,3,0.1765,1,0.0588,6,6,0.3529,3,0.1765,3,0.1765,0,0,17,1.0000,1
36,MULE,Mule,Mulesoft,4349,"Mule 4 Beta - Sprint 1","2016-11-24 17:50:09","2016-12-08 17:50:00","2016-11-27 13:02:07",73,13.9583,21,7,1.0000,1.0000,290.5714,4,0.1905,11,0.5238,0.9524,0.8095,5,0.2381,4,0.1905,1,0.0476,0,0.0000,0,5,4,0.1905,3,0.1429,1,0.0476,7,6,0.2857,3,0.1429,3,0.1429,0,0,15,0.7143,0
36,MULE,Mule,Mulesoft,4348,"SDK Rocky 1","2016-11-30 19:53:17","2016-12-19 19:53:00","2016-12-04 15:05:13",74,18.9583,21,6,1.0000,0.8333,136.0000,9,0.4286,13,0.6190,0.9524,0.5714,10,0.4762,10,0.4762,0,0.0000,0,0.0000,0,7,7,0.3333,7,0.3333,0,0.0000,12,10,0.4762,10,0.4762,0,0.0000,0,0,19,0.9048,1
36,MULE,Mule,Mulesoft,4346,"Mule 4 M5 - Sprint 2","2016-12-12 19:35:28","2016-12-22 19:35:00","2016-12-14 19:35:22",75,9.9583,14,6,1.0000,1.0000,283.3333,3,0.2143,4,0.2857,0.9286,0.7857,1,0.0714,1,0.0714,0,0.0000,0,0.0000,0,0,0,0.0000,0,0.0000,0,0.0000,13,10,0.7143,10,0.7143,0,0.0000,0,0,5,0.3571,0
36,MULE,Mule,Mulesoft,4345,"SDK Rocky 2","2016-12-19 16:22:39","2017-01-02 16:22:00","2016-12-22 11:34:31",76,13.9583,22,5,1.0000,1.0000,168.2000,6,0.2727,17,0.7727,1.0000,0.8182,4,0.1818,0,0.0000,4,0.1818,0,0.0000,0,12,10,0.4545,3,0.1364,7,0.3182,9,8,0.3636,7,0.3182,1,0.0455,0,0,17,0.7727,0
36,MULE,Mule,Mulesoft,4343,"Mule 4 M5 - Sprint 3","2016-12-22 21:02:50","2017-01-05 21:02:00","2016-12-25 16:14:40",77,13.9583,21,8,1.0000,1.0000,291.8750,3,0.1429,4,0.1905,0.9524,0.8095,8,0.3810,7,0.3333,1,0.0476,0,0.0000,0,7,5,0.2381,5,0.2381,0,0.0000,17,12,0.5714,12,0.5714,0,0.0000,0,0,16,0.7619,0
36,MULE,Mule,Mulesoft,4342,"SDK Rocky 3","2017-01-02 15:55:12","2017-01-16 15:55:00","2017-01-05 11:07:09",78,13.9583,15,5,1.0000,1.0000,174.8000,3,0.2000,12,0.8000,1.0000,0.4667,3,0.2000,3,0.2000,0,0.0000,0,0.0000,0,1,1,0.0667,1,0.0667,0,0.0000,3,3,0.2000,3,0.2000,0,0.0000,0,0,13,0.8667,0
36,MULE,Mule,Mulesoft,4340,"Mule 4 M5 - Sprint 4","2017-01-05 21:00:04","2017-01-19 21:00:00","2017-01-08 16:12:03",79,13.9583,33,6,0.9697,1.0000,299.3333,4,0.1212,18,0.5455,0.9697,0.6667,12,0.3636,11,0.3333,1,0.0303,0,0.0000,0,5,5,0.1515,5,0.1515,0,0.0000,23,18,0.5455,18,0.5455,0,0.0000,0,0,22,0.6667,0
36,MULE,Mule,Mulesoft,4336,"SDK Rocky 4","2017-01-16 15:58:59","2017-01-30 15:58:00","2017-01-19 11:10:47",80,13.9583,34,5,1.0000,1.0000,178.0000,16,0.4706,28,0.8235,0.9706,0.6765,18,0.5294,15,0.4412,3,0.0882,0,0.0000,1,13,11,0.3235,9,0.2647,2,0.0588,8,7,0.2059,4,0.1176,3,0.0882,0,0,11,0.3235,0
36,MULE,Mule,Mulesoft,4338,"Mule 4 M5 - Sprint 5","2017-01-19 21:50:49","2017-02-02 21:50:00","2017-01-22 17:02:39",81,13.9583,30,7,0.9667,1.0000,388.0000,3,0.1000,17,0.5667,0.8333,0.8333,14,0.4667,11,0.3667,3,0.1000,0,0.0000,0,6,6,0.2000,4,0.1333,2,0.0667,13,12,0.4000,12,0.4000,0,0.0000,0,0,24,0.8000,0
36,MULE,Mule,Mulesoft,4329,"SDK M6 Sprint 1","2017-03-01 16:57:12","2017-03-20 15:57:00","2017-03-05 11:57:09",82,18.9167,15,6,1.0000,1.0000,170.1667,5,0.3333,12,0.8000,0.9333,0.8000,1,0.0667,1,0.0667,0,0.0000,0,0.0000,0,5,4,0.2667,2,0.1333,2,0.1333,4,4,0.2667,4,0.2667,0,0.0000,0,0,13,0.8667,0
36,MULE,Mule,Mulesoft,4330,"Mule 4 M6 - Sprint 1","2017-03-02 17:18:37","2017-03-16 16:18:00","2017-03-05 12:18:29",83,13.9167,29,11,0.9655,0.9091,219.5455,6,0.2069,20,0.6897,0.8276,0.5862,8,0.2759,6,0.2069,2,0.0690,0,0.0000,0,17,15,0.5172,14,0.4828,1,0.0345,11,11,0.3793,10,0.3448,1,0.0345,0,0,28,0.9655,1
36,MULE,Mule,Mulesoft,4327,"Mule 4 M6 - Sprint 2","2017-03-16 20:24:41","2017-03-30 20:24:00","2017-03-19 15:36:32",84,13.9583,29,9,1.0000,1.0000,266.8889,5,0.1724,18,0.6207,0.9655,0.8966,8,0.2759,8,0.2759,0,0.0000,0,0.0000,0,11,11,0.3793,10,0.3448,1,0.0345,6,6,0.2069,6,0.2069,0,0.0000,0,0,24,0.8276,0
36,MULE,Mule,Mulesoft,4320,"SDK M6 Sprint 2","2017-03-20 17:20:56","2017-04-03 17:20:00","2017-03-23 12:32:44",85,13.9583,19,5,1.0000,1.0000,199.4000,6,0.3158,12,0.6316,1.0000,0.6842,6,0.3158,5,0.2632,1,0.0526,0,0.0000,0,4,4,0.2105,4,0.2105,0,0.0000,7,7,0.3684,7,0.3684,0,0.0000,0,0,18,0.9474,1
36,MULE,Mule,Mulesoft,4324,"Mule 4 Beta - Sprint 1","2017-03-31 02:05:48","2017-04-18 02:05:00","2017-04-03 16:29:38",86,17.9583,31,12,1.0000,0.8333,253.5000,4,0.1290,17,0.5484,0.8387,0.7419,6,0.1935,5,0.1613,1,0.0323,0,0.0000,0,20,18,0.5806,16,0.5161,2,0.0645,15,13,0.4194,11,0.3548,2,0.0645,0,0,27,0.8710,0
36,MULE,Mule,Mulesoft,4325,"SDK Beta Sprint 1","2017-04-03 16:30:01","2017-04-17 16:30:00","2017-04-06 11:42:00",87,13.9583,20,6,1.0000,1.0000,179.0000,3,0.1500,18,0.9000,1.0000,0.8000,6,0.3000,5,0.2500,1,0.0500,0,0.0000,0,7,6,0.3000,2,0.1000,4,0.2000,6,6,0.3000,3,0.1500,3,0.1500,0,0,15,0.7500,0
36,MULE,Mule,Mulesoft,4278,"Mule 4 Beta - Sprint 2","2017-04-17 20:24:18","2017-04-27 20:24:00","2017-04-19 20:24:14",88,9.9583,32,10,1.0000,1.0000,252.6000,6,0.1875,16,0.5000,0.9063,0.7813,6,0.1875,5,0.1563,1,0.0313,0,0.0000,0,14,14,0.4375,8,0.2500,6,0.1875,25,16,0.5000,16,0.5000,0,0.0000,0,0,22,0.6875,0
36,MULE,Mule,Mulesoft,4321,"SDK Beta Sprint 2","2017-04-17 21:01:45","2017-05-02 21:01:00","2017-04-20 21:01:36",89,14.9583,11,5,1.0000,1.0000,209.0000,2,0.1818,10,0.9091,1.0000,0.9091,1,0.0909,1,0.0909,0,0.0000,0,0.0000,0,6,5,0.4545,1,0.0909,4,0.3636,9,9,0.8182,4,0.3636,5,0.4545,0,0,10,0.9091,1
36,MULE,Mule,Mulesoft,4318,"Mule 4 Beta - Sprint 3","2017-04-27 19:15:40","2017-05-11 19:15:00","2017-04-30 14:27:32",90,13.9583,42,10,1.0000,0.9000,309.0000,16,0.3810,20,0.4762,0.8095,0.7619,13,0.3095,12,0.2857,1,0.0238,0,0.0000,0,14,14,0.3333,13,0.3095,1,0.0238,21,18,0.4286,18,0.4286,0,0.0000,0,0,36,0.8571,0
36,MULE,Mule,Mulesoft,4317,"SDK Beta Last Strushida","2017-05-02 19:12:50","2017-05-15 19:12:00","2017-05-05 09:36:40",91,12.9583,22,6,1.0000,1.0000,186.6667,14,0.6364,21,0.9545,0.9091,0.6364,6,0.2727,6,0.2727,0,0.0000,0,0.0000,0,6,5,0.2273,5,0.2273,0,0.0000,9,8,0.3636,7,0.3182,1,0.0455,0,0,20,0.9091,1
36,MULE,Mule,Mulesoft,4315,"Mule 4 Beta 1 Release","2017-05-11 18:27:13","2017-05-26 18:27:00","2017-05-14 18:27:10",92,14.9583,49,13,1.0000,0.9231,205.6154,24,0.4898,26,0.5306,0.8980,0.7551,21,0.4286,19,0.3878,2,0.0408,0,0.0000,0,22,15,0.3061,13,0.2653,2,0.0408,26,22,0.4490,21,0.4286,1,0.0204,0,0,45,0.9184,1
36,MULE,Mule,Mulesoft,4314,"SDK Beta Brasai Granatu","2017-05-15 16:27:48","2017-05-29 16:27:00","2017-05-18 11:39:38",93,13.9583,22,5,1.0000,1.0000,218.4000,15,0.6818,19,0.8636,0.9091,0.7273,11,0.5000,9,0.4091,2,0.0909,0,0.0000,0,8,7,0.3182,5,0.2273,2,0.0909,9,8,0.3636,7,0.3182,1,0.0455,0,0,13,0.5909,0
36,MULE,Mule,Mulesoft,4306,"Mule 4 Beta Release 2 06/08","2017-05-26 20:28:01","2017-06-08 20:28:00","2017-05-29 10:52:00",94,12.9583,48,10,1.0000,1.0000,262.8000,20,0.4167,25,0.5208,0.8333,0.7500,28,0.5833,27,0.5625,1,0.0208,0,0.0000,0,20,19,0.3958,18,0.3750,1,0.0208,25,24,0.5000,20,0.4167,4,0.0833,0,0,44,0.9167,1
36,MULE,Mule,Mulesoft,4313,"SDK Beta - enemy UAV is online","2017-05-29 16:08:40","2017-06-12 16:08:00","2017-06-01 11:20:32",95,13.9583,22,5,1.0000,1.0000,222.6000,14,0.6364,18,0.8182,0.9545,0.8182,13,0.5909,8,0.3636,5,0.2273,0,0.0000,0,14,10,0.4545,5,0.2273,5,0.2273,10,10,0.4545,8,0.3636,2,0.0909,0,0,18,0.8182,0
36,MULE,Mule,Mulesoft,4308,"Mule 4 RC Sprint 1 06/22","2017-06-08 17:28:47","2017-06-22 17:28:00","2017-06-11 12:40:37",96,13.9583,35,11,1.0000,1.0000,252.9091,11,0.3143,20,0.5714,0.9429,0.7429,15,0.4286,12,0.3429,3,0.0857,0,0.0000,0,15,12,0.3429,9,0.2571,3,0.0857,21,17,0.4857,16,0.4571,1,0.0286,0,0,28,0.8000,0
36,MULE,Mule,Mulesoft,4307,"SDK RC Sprint 1","2017-06-12 16:10:45","2017-06-26 16:10:00","2017-06-15 11:22:36",97,13.9583,24,5,1.0000,1.0000,227.8000,9,0.3750,20,0.8333,0.9167,0.5417,18,0.7500,11,0.4583,7,0.2917,0,0.0000,0,13,11,0.4583,5,0.2083,6,0.2500,8,7,0.2917,5,0.2083,2,0.0833,0,0,18,0.7500,0
36,MULE,Mule,Mulesoft,4304,"Mule 4 RC Aquaman 07/06","2017-06-22 17:25:51","2017-07-06 17:25:00","2017-06-25 12:37:40",98,13.9583,43,11,1.0000,1.0000,254.2727,8,0.1860,26,0.6047,0.8372,0.7442,9,0.2093,4,0.0930,5,0.1163,0,0.0000,0,31,29,0.6744,17,0.3953,12,0.2791,24,23,0.5349,16,0.3721,7,0.1628,0,0,35,0.8140,0
36,MULE,Mule,Mulesoft,4303,"SDK RC Aquaman","2017-06-27 16:16:48","2017-07-10 16:16:00","2017-06-30 06:40:38",99,12.9583,20,5,1.0000,1.0000,236.8000,6,0.3000,16,0.8000,0.9500,0.7000,7,0.3500,1,0.0500,6,0.3000,0,0.0000,0,7,6,0.3000,4,0.2000,2,0.1000,8,8,0.4000,2,0.1000,6,0.3000,0,0,10,0.5000,0
36,MULE,Mule,Mulesoft,4298,"Mule 4 RC Batman 07/20","2017-07-06 17:46:59","2017-07-20 17:46:00","2017-07-09 12:58:47",100,13.9583,50,10,0.9800,1.0000,271.9000,13,0.2600,32,0.6400,0.8600,0.7200,16,0.3200,14,0.2800,2,0.0400,1,0.0200,1,20,19,0.3800,7,0.1400,12,0.2400,24,20,0.4000,18,0.3600,2,0.0400,0,0,33,0.6600,0
36,MULE,Mule,Mulesoft,4296,"SDK RC Batman","2017-07-11 16:12:33","2017-07-21 16:12:00","2017-07-13 16:12:26",101,9.9583,16,5,1.0000,1.0000,241.2000,2,0.1250,10,0.6250,1.0000,0.6250,4,0.2500,4,0.2500,0,0.0000,0,0.0000,0,11,9,0.5625,9,0.5625,0,0.0000,3,3,0.1875,2,0.1250,1,0.0625,0,0,3,0.1875,0
36,MULE,Mule,Mulesoft,4293,"Mule 4 RC Cyborg  08/03","2017-07-20 17:59:18","2017-08-03 17:59:00","2017-07-23 13:11:14",102,13.9583,50,14,0.9800,1.0000,216.5714,10,0.2000,25,0.5000,0.8400,0.7600,16,0.3200,15,0.3000,1,0.0200,2,0.0400,2,19,19,0.3800,10,0.2000,9,0.1800,43,34,0.6800,32,0.6400,2,0.0400,0,0,20,0.4000,0
36,MULE,Mule,Mulesoft,4292,"SDK RC Cyborg","2017-07-24 16:15:22","2017-08-07 16:15:00","2017-07-27 11:27:17",103,13.9583,19,5,1.0000,1.0000,245.4000,10,0.5263,13,0.6842,1.0000,0.6316,6,0.3158,2,0.1053,4,0.2105,0,0.0000,1,8,7,0.3684,5,0.2632,2,0.1053,10,8,0.4211,5,0.2632,3,0.1579,0,0,9,0.4737,0
36,MULE,Mule,Mulesoft,4290,"Mule 4 RC Darkseid 08/17","2017-08-03 03:52:34","2017-08-17 03:52:00","2017-08-05 23:04:27",104,13.9583,39,10,0.8974,1.0000,289.5000,9,0.2308,17,0.4359,0.7949,0.6667,11,0.2821,6,0.1538,5,0.1282,3,0.0769,0,13,13,0.3333,6,0.1538,7,0.1795,19,16,0.4103,6,0.1538,10,0.2564,0,0,23,0.5897,0
36,MULE,Mule,Mulesoft,4287,"SDK Darkseid","2017-08-07 16:15:10","2017-08-22 16:15:00","2017-08-10 16:15:08",105,14.9583,10,4,1.0000,1.0000,279.7500,3,0.3000,7,0.7000,1.0000,0.8000,1,0.1000,1,0.1000,0,0.0000,0,0.0000,0,4,4,0.4000,0,0.0000,4,0.4000,2,2,0.2000,1,0.1000,1,0.1000,0,1,8,0.8000,0
36,MULE,Mule,Mulesoft,4285,"Mule 4 RC Enchantress 08/31","2017-08-17 18:36:16","2017-08-31 18:36:00","2017-08-20 13:48:12",106,13.9583,44,12,0.9545,1.0000,295.6667,31,0.7045,18,0.4091,0.7500,0.7955,18,0.4091,17,0.3864,1,0.0227,1,0.0227,0,20,19,0.4318,16,0.3636,3,0.0682,21,16,0.3636,15,0.3409,1,0.0227,0,0,17,0.3864,0
36,MULE,Mule,Mulesoft,4283,"SDK RC - Enchantres","2017-08-22 17:37:27","2017-09-04 17:37:00","2017-08-25 08:01:21",107,12.9583,20,4,1.0000,1.0000,280.5000,12,0.6000,8,0.4000,1.0000,0.7000,5,0.2500,4,0.2000,1,0.0500,0,0.0000,0,14,11,0.5500,10,0.5000,1,0.0500,7,4,0.2000,4,0.2000,0,0.0000,0,0,15,0.7500,0
36,MULE,Mule,Mulesoft,4280,"Mule 4 GA Flash 09/14","2017-08-31 17:26:14","2017-09-14 17:26:00","2017-09-03 12:38:11",108,13.9583,46,11,1.0000,1.0000,271.0000,18,0.3913,19,0.4130,0.7609,0.7391,13,0.2826,10,0.2174,3,0.0652,0,0.0000,0,25,24,0.5217,15,0.3261,9,0.1957,31,27,0.5870,22,0.4783,5,0.1087,0,0,26,0.5652,0
36,MULE,Mule,Mulesoft,4279,"SDK GA Flash","2017-09-04 16:21:12","2017-09-18 16:21:00","2017-09-07 11:33:09",109,13.9583,31,5,0.9677,1.0000,252.6000,20,0.6452,18,0.5806,0.9032,0.6774,9,0.2903,7,0.2258,2,0.0645,2,0.0645,0,14,12,0.3871,7,0.2258,5,0.1613,16,10,0.3226,6,0.1935,4,0.1290,0,0,27,0.8710,0
36,MULE,Mule,Mulesoft,4273,"Mule 4 GA Green Arrow 09/28","2017-09-14 17:58:35","2017-09-28 17:58:00","2017-09-17 13:10:28",110,13.9583,44,13,0.9773,1.0000,237.0769,5,0.1136,21,0.4773,0.7727,0.7045,11,0.2500,10,0.2273,1,0.0227,4,0.0909,0,21,20,0.4545,14,0.3182,6,0.1364,21,18,0.4091,17,0.3864,1,0.0227,0,0,29,0.6591,0
36,MULE,Mule,Mulesoft,4271,"SDK GA Green Arrow","2017-09-18 17:00:02","2017-10-02 17:00:00","2017-09-21 12:12:01",111,13.9583,32,5,1.0000,1.0000,255.6000,20,0.6250,21,0.6563,1.0000,0.8750,9,0.2813,6,0.1875,3,0.0938,0,0.0000,0,11,9,0.2813,5,0.1563,4,0.1250,22,15,0.4688,6,0.1875,9,0.2813,0,0,28,0.8750,0
36,MULE,Mule,Mulesoft,4268,"Mule 4 GA Harley Quinn 10/12","2017-09-28 18:49:11","2017-10-12 18:49:00","2017-10-01 14:01:08",112,13.9583,62,15,0.9839,1.0000,236.5333,44,0.7097,23,0.3710,0.7742,0.7419,24,0.3871,19,0.3065,5,0.0806,3,0.0484,1,27,21,0.3387,20,0.3226,1,0.0161,26,24,0.3871,23,0.3710,1,0.0161,0,0,21,0.3387,0
36,MULE,Mule,Mulesoft,4269,"SDK GA Harley Quinn","2017-10-02 16:41:42","2017-10-16 16:41:00","2017-10-05 11:53:33",113,13.9583,17,4,1.0000,1.0000,289.5000,14,0.8235,10,0.5882,1.0000,0.6471,10,0.5882,7,0.4118,3,0.1765,0,0.0000,0,8,7,0.4118,6,0.3529,1,0.0588,7,7,0.4118,6,0.3529,1,0.0588,0,0,13,0.7647,0
36,MULE,Mule,Mulesoft,4265,"Mule 4 Joker 10/26","2017-10-12 19:09:31","2017-10-26 19:09:00","2017-10-15 14:21:24",114,13.9583,60,14,0.9833,0.9286,277.8571,40,0.6667,30,0.5000,0.8000,0.6500,30,0.5000,26,0.4333,4,0.0667,9,0.1500,0,25,23,0.3833,21,0.3500,2,0.0333,23,21,0.3500,19,0.3167,2,0.0333,0,0,28,0.4667,0
36,MULE,Mule,Mulesoft,4264,"SDK GA Joker","2017-10-17 15:30:18","2017-10-30 15:30:00","2017-10-20 05:54:14",115,12.9583,19,4,1.0000,1.0000,294.7500,18,0.9474,14,0.7368,0.8947,0.7895,13,0.6842,8,0.4211,5,0.2632,0,0.0000,0,12,10,0.5263,7,0.3684,3,0.1579,8,8,0.4211,5,0.2632,3,0.1579,0,0,16,0.8421,0
36,MULE,Mule,Mulesoft,4260,"Mule 4 Krypto 11/09","2017-10-26 16:47:09","2017-11-09 17:47:00","2017-10-29 12:11:07",116,14.0000,44,10,0.9773,1.0000,318.1000,33,0.7500,15,0.3409,0.8864,0.6591,35,0.7955,28,0.6364,7,0.1591,0,0.0000,0,21,18,0.4091,12,0.2727,6,0.1364,16,14,0.3182,10,0.2273,4,0.0909,0,0,21,0.4773,0
36,MULE,Mule,Mulesoft,4259,"SDK 4 y pico Krypton","2017-10-31 15:35:10","2017-11-13 16:35:00","2017-11-03 06:11:08",117,13.0000,22,3,0.9545,1.0000,347.6667,15,0.6818,8,0.3636,0.9091,0.6818,8,0.3636,4,0.1818,4,0.1818,5,0.2273,1,8,6,0.2727,1,0.0455,5,0.2273,6,5,0.2273,2,0.0909,3,0.1364,0,0,19,0.8636,0
36,MULE,Mule,Mulesoft,4254,"MTS 4.1 Luthor 11/23","2017-11-09 21:30:34","2017-11-23 21:30:00","2017-11-12 16:42:27",118,13.9583,35,11,1.0000,1.0000,293.0000,12,0.3429,7,0.2000,0.9429,0.7143,13,0.3714,12,0.3429,1,0.0286,0,0.0000,0,15,15,0.4286,11,0.3143,4,0.1143,6,6,0.1714,4,0.1143,2,0.0571,0,0,20,0.5714,0
36,MULE,Mule,Mulesoft,4251,"Mule 4.1 Messi","2017-11-24 15:41:06","2017-12-07 15:41:00","2017-11-27 06:05:04",119,12.9583,25,10,0.9600,1.0000,322.4000,8,0.3200,10,0.4000,0.8400,0.7600,6,0.2400,5,0.2000,1,0.0400,1,0.0400,0,7,7,0.2800,6,0.2400,1,0.0400,6,4,0.1600,4,0.1600,0,0.0000,0,0,9,0.3600,0
36,MULE,Mule,Mulesoft,4246,"Mule 4.1 Negan","2017-12-07 11:20:44","2017-12-21 11:20:00","2017-12-10 06:32:35",120,13.9583,25,6,1.0000,1.0000,439.8333,8,0.3200,13,0.5200,0.8800,0.9200,14,0.5600,10,0.4000,4,0.1600,1,0.0400,0,15,15,0.6000,6,0.2400,9,0.3600,13,11,0.4400,9,0.3600,2,0.0800,0,0,5,0.2000,0
36,MULE,Mule,Mulesoft,4243,"SDK 4.1 Negan","2017-12-12 16:14:27","2017-12-25 16:14:00","2017-12-15 06:38:21",121,12.9583,14,4,1.0000,1.0000,311.0000,5,0.3571,13,0.9286,0.9286,0.7857,2,0.1429,2,0.1429,0,0.0000,0,0.0000,0,2,2,0.1429,2,0.1429,0,0.0000,5,3,0.2143,3,0.2143,0,0.0000,0,0,10,0.7143,0
36,MULE,Mule,Mulesoft,4241,"Mule 4.1 Obi-Wan","2017-12-21 17:04:12","2018-01-04 17:04:00","2017-12-24 12:16:09",122,13.9583,27,10,1.0000,0.8000,282.9000,13,0.4815,20,0.7407,0.9259,0.5556,14,0.5185,13,0.4815,1,0.0370,1,0.0370,0,3,3,0.1111,3,0.1111,0,0.0000,17,15,0.5556,15,0.5556,0,0.0000,0,0,14,0.5185,0
36,MULE,Mule,Mulesoft,4240,"SDK 4.1 Obi-Wan","2017-12-26 17:49:44","2018-01-08 17:49:00","2017-12-29 08:13:35",123,12.9583,26,6,1.0000,1.0000,234.8333,15,0.5769,15,0.5769,0.9231,0.7308,8,0.3077,1,0.0385,7,0.2692,1,0.0385,0,9,9,0.3462,8,0.3077,1,0.0385,9,8,0.3077,5,0.1923,3,0.1154,0,0,16,0.6154,0
36,MULE,Mule,Mulesoft,4235,"Mule 4.1 Punisher","2018-01-04 20:36:50","2018-01-18 20:36:00","2018-01-07 15:48:40",124,13.9583,39,11,1.0000,1.0000,314.0000,19,0.4872,24,0.6154,0.9487,0.8205,26,0.6667,24,0.6154,2,0.0513,0,0.0000,0,13,13,0.3333,12,0.3077,1,0.0256,22,19,0.4872,18,0.4615,1,0.0256,0,0,19,0.4872,0
36,MULE,Mule,Mulesoft,4233,"SDK 4.1 Punisher","2018-01-09 16:07:39","2018-01-23 16:07:00","2018-01-12 11:19:31",125,13.9583,27,5,0.9630,1.0000,258.6000,15,0.5556,17,0.6296,1.0000,0.9259,11,0.4074,9,0.3333,2,0.0741,1,0.0370,0,12,10,0.3704,9,0.3333,1,0.0370,12,10,0.3704,10,0.3704,0,0.0000,0,0,18,0.6667,0
36,MULE,Mule,Mulesoft,4229,"Mule 4.1 Qui Gon","2018-01-18 17:26:34","2018-02-01 17:26:00","2018-01-21 12:38:27",126,13.9583,36,9,1.0000,1.0000,425.4444,16,0.4444,10,0.2778,1.0000,0.7222,26,0.7222,21,0.5833,5,0.1389,0,0.0000,0,11,11,0.3056,10,0.2778,1,0.0278,9,9,0.2500,7,0.1944,2,0.0556,0,0,8,0.2222,0
36,MULE,Mule,Mulesoft,4219,"Mule 2018-02-28","2018-02-28 16:26:42","2018-03-14 16:26:00","2018-03-03 11:38:33",127,13.9583,20,6,1.0000,1.0000,433.1667,10,0.5000,7,0.3500,0.9500,0.9500,11,0.5500,9,0.4500,2,0.1000,0,0.0000,0,8,8,0.4000,8,0.4000,0,0.0000,13,11,0.5500,9,0.4500,2,0.1000,0,0,11,0.5500,0
36,MULE,Mule,Mulesoft,4220,"SDK 2018-02-28 Anakin","2018-02-28 22:12:00","2018-03-14 22:00:00","2018-03-03 17:21:36",128,13.9583,11,6,1.0000,1.0000,253.8333,6,0.5455,7,0.6364,0.7273,0.6364,4,0.3636,4,0.3636,0,0.0000,1,0.0909,0,3,3,0.2727,3,0.2727,0,0.0000,2,2,0.1818,2,0.1818,0,0.0000,0,0,6,0.5455,0
36,MULE,Mule,Mulesoft,4213,"Mule 2018-03-14 Bobba Fett","2018-03-14 16:46:44","2018-03-28 16:46:00","2018-03-17 11:58:35",129,13.9583,23,7,1.0000,1.0000,283.4286,11,0.4783,5,0.2174,1.0000,0.8261,8,0.3478,6,0.2609,2,0.0870,0,0.0000,0,10,10,0.4348,7,0.3043,3,0.1304,4,4,0.1739,4,0.1739,0,0.0000,0,0,11,0.4783,0
36,MULE,Mule,Mulesoft,4206,"Mule 2018-03-28 C3PO","2018-03-28 16:24:27","2018-04-11 16:24:00","2018-03-31 11:36:21",130,13.9583,12,6,1.0000,1.0000,308.1667,6,0.5000,2,0.1667,1.0000,1.0000,2,0.1667,1,0.0833,1,0.0833,0,0.0000,0,5,5,0.4167,1,0.0833,4,0.3333,3,2,0.1667,0,0.0000,2,0.1667,0,1,6,0.5000,0
