Project_ID,Project_Key,repository_name,Sprint_ID,Start_Date,End_Date,issue_count,resolved_before_start_count,resolved_by_end_count,resolved_by_end_share,resolved_by_end24_count,resolved_by_end24_share,resolved_by_end48_count,resolved_by_end48_share,success_80_end0,success_80_end24,success_90_end0,success_90_end24,success_90_end48,success_95_end24,success_90_end24_no_preresolved
1,XD,Spring,61,2013-06-03 19:45:19,2013-06-12 19:45:00,49,1,49,1.0000,49,1.0000,49,1.0000,1,1,1,1,1,1,1
1,XD,Spring,60,2013-06-18 11:37:48,2013-06-21 11:37:48,13,0,9,0.6923,9,0.6923,10,0.7692,0,0,0,0,0,0,0
1,XD,Spring,59,2013-06-25 21:53:02,2013-06-28 21:53:02,24,1,15,0.6250,15,0.6250,15,0.6250,0,0,0,0,0,0,0
1,XD,Spring,58,2013-07-01 18:00:55,2013-07-05 18:00:55,33,3,14,0.4242,14,0.4242,14,0.4242,0,0,0,0,0,0,0
1,XD,Spring,57,2013-07-08 17:29:14,2013-07-12 17:29:14,29,0,19,0.6552,19,0.6552,19,0.6552,0,0,0,0,0,0,0
1,XD,Spring,56,2013-07-16 13:07:24,2013-07-19 13:07:24,22,0,16,0.7273,17,0.7727,17,0.7727,0,0,0,0,0,0,0
1,XD,Spring,55,2013-07-22 17:07:05,2013-07-31 17:07:00,111,0,43,0.3874,48,0.4324,51,0.4595,0,0,0,0,0,0,0
1,XD,Spring,54,2013-08-12 16:26:28,2013-08-20 16:26:00,18,1,18,1.0000,18,1.0000,18,1.0000,1,1,1,1,1,1,1
1,XD,Spring,53,2013-08-20 21:38:41,2013-08-29 17:21:00,31,2,31,1.0000,31,1.0000,31,1.0000,1,1,1,1,1,1,1
1,XD,Spring,52,2013-08-29 17:38:30,2013-09-05 17:38:30,30,0,18,0.6000,20,0.6667,23,0.7667,0,0,0,0,0,0,0
1,XD,Spring,51,2013-09-18 16:36:50,2013-10-10 16:36:00,40,1,40,1.0000,40,1.0000,40,1.0000,1,1,1,1,1,1,1
1,XD,Spring,50,2013-10-11 16:05:24,2013-10-18 16:05:24,20,0,3,0.1500,3,0.1500,3,0.1500,0,0,0,0,0,0,0
1,XD,Spring,49,2013-10-23 16:12:37,2013-11-12 17:12:00,42,0,41,0.9762,41,0.9762,41,0.9762,1,1,1,1,1,1,1
1,XD,Spring,48,2013-11-19 15:43:59,2013-12-10 15:43:59,69,6,58,0.8406,60,0.8696,63,0.9130,1,1,0,0,1,0,0
1,XD,Spring,47,2013-12-13 17:15:58,2014-01-10 17:15:00,36,1,34,0.9444,34,0.9444,34,0.9444,1,1,1,1,1,0,1
1,XD,Spring,46,2014-01-14 20:15:02,2014-02-10 20:02:00,59,2,59,1.0000,59,1.0000,59,1.0000,1,1,1,1,1,1,1
1,XD,Spring,45,2014-02-12 15:46:16,2014-03-04 15:46:00,39,3,39,1.0000,39,1.0000,39,1.0000,1,1,1,1,1,1,1
1,XD,Spring,44,2014-03-04 20:30:13,2014-03-18 19:30:00,24,2,23,0.9583,23,0.9583,23,0.9583,1,1,1,1,1,1,1
1,XD,Spring,43,2014-03-19 01:46:08,2014-04-04 01:46:00,61,1,50,0.8197,52,0.8525,52,0.8525,1,1,0,0,0,0,0
1,XD,Spring,42,2014-04-03 21:50:31,2014-04-15 21:50:00,64,3,62,0.9688,63,0.9844,63,0.9844,1,1,1,1,1,1,1
1,XD,Spring,41,2014-04-17 21:00:15,2014-04-30 21:00:00,50,3,34,0.6800,36,0.7200,36,0.7200,0,0,0,0,0,0,0
1,XD,Spring,40,2014-04-30 22:50:46,2014-05-21 22:50:00,78,2,69,0.8846,71,0.9103,71,0.9103,1,1,0,1,1,0,1
1,XD,Spring,39,2014-05-21 20:53:09,2014-05-30 20:53:00,22,0,22,1.0000,22,1.0000,22,1.0000,1,1,1,1,1,1,1
1,XD,Spring,38,2014-06-04 14:08:01,2014-06-12 14:08:00,21,2,20,0.9524,20,0.9524,20,0.9524,1,1,1,1,1,1,1
1,XD,Spring,37,2014-06-12 16:10:24,2014-07-01 16:10:00,65,2,61,0.9385,61,0.9385,61,0.9385,1,1,1,1,1,0,1
1,XD,Spring,36,2014-07-01 19:50:22,2014-07-18 19:50:00,56,1,56,1.0000,56,1.0000,56,1.0000,1,1,1,1,1,1,1
1,XD,Spring,35,2014-07-21 15:28:54,2014-07-29 15:28:00,66,6,66,1.0000,66,1.0000,66,1.0000,1,1,1,1,1,1,1
1,XD,Spring,33,2014-08-27 18:08:13,2014-09-19 18:08:00,10,0,9,0.9000,9,0.9000,9,0.9000,1,1,1,1,1,0,1
1,XD,Spring,32,2014-09-22 17:29:11,2014-09-30 17:29:00,13,0,11,0.8462,13,1.0000,13,1.0000,1,1,0,1,1,1,1
1,XD,Spring,20,2014-10-06 19:22:28,2014-10-18 06:23:00,28,3,27,0.9643,27,0.9643,27,0.9643,1,1,1,1,1,1,1
1,XD,Spring,31,2014-10-20 18:06:25,2014-11-01 01:06:00,38,2,38,1.0000,38,1.0000,38,1.0000,1,1,1,1,1,1,1
1,XD,Spring,30,2014-11-03 20:09:30,2014-11-19 05:09:00,60,5,60,1.0000,60,1.0000,60,1.0000,1,1,1,1,1,1,1
1,XD,Spring,29,2014-11-21 01:08:00,2014-12-06 05:08:00,27,5,27,1.0000,27,1.0000,27,1.0000,1,1,1,1,1,1,1
1,XD,Spring,28,2014-12-08 19:18:10,2014-12-23 07:18:00,48,2,48,1.0000,48,1.0000,48,1.0000,1,1,1,1,1,1,1
1,XD,Spring,27,2015-01-05 18:27:36,2015-01-29 06:27:00,61,1,61,1.0000,61,1.0000,61,1.0000,1,1,1,1,1,1,1
1,XD,Spring,26,2015-01-29 20:09:13,2015-02-07 07:09:00,38,0,37,0.9737,37,0.9737,37,0.9737,1,1,1,1,1,1,1
1,XD,Spring,24,2015-02-23 17:11:59,2015-03-07 02:30:00,35,2,34,0.9714,34,0.9714,34,0.9714,1,1,1,1,1,1,1
1,XD,Spring,23,2015-03-09 16:32:39,2015-03-21 01:32:00,25,0,25,1.0000,25,1.0000,25,1.0000,1,1,1,1,1,1,1
1,XD,Spring,22,2015-03-23 17:04:19,2015-04-04 01:04:00,27,3,27,1.0000,27,1.0000,27,1.0000,1,1,1,1,1,1,1
1,XD,Spring,21,2015-04-06 17:22:32,2015-04-25 01:22:00,34,0,34,1.0000,34,1.0000,34,1.0000,1,1,1,1,1,1,1
1,XD,Spring,19,2015-04-27 17:13:09,2015-05-09 00:13:00,28,2,27,0.9643,27,0.9643,27,0.9643,1,1,1,1,1,1,1
1,XD,Spring,18,2015-05-11 18:10:22,2015-05-22 23:10:00,61,4,60,0.9836,60,0.9836,60,0.9836,1,1,1,1,1,1,1
1,XD,Spring,17,2015-05-26 17:04:33,2015-06-09 01:04:00,44,4,44,1.0000,44,1.0000,44,1.0000,1,1,1,1,1,1,1
1,XD,Spring,16,2015-06-09 15:53:44,2015-06-22 23:23:00,25,3,24,0.9600,24,0.9600,24,0.9600,1,1,1,1,1,1,1
1,XD,Spring,15,2015-06-23 16:05:37,2015-07-08 00:35:00,14,1,14,1.0000,14,1.0000,14,1.0000,1,1,1,1,1,1,1
1,XD,Spring,14,2015-07-08 19:49:31,2015-07-21 23:19:00,28,0,27,0.9643,27,0.9643,27,0.9643,1,1,1,1,1,1,1
1,XD,Spring,13,2015-07-22 16:10:56,2015-08-05 02:00:00,18,1,18,1.0000,18,1.0000,18,1.0000,1,1,1,1,1,1,1
1,XD,Spring,12,2015-08-05 17:57:29,2015-08-19 00:47:00,28,2,28,1.0000,28,1.0000,28,1.0000,1,1,1,1,1,1,1
1,XD,Spring,11,2015-08-19 16:18:50,2015-09-02 00:08:00,28,2,27,0.9643,27,0.9643,27,0.9643,1,1,1,1,1,1,1
1,XD,Spring,10,2015-09-02 15:40:13,2015-09-16 23:30:00,29,0,28,0.9655,29,1.0000,29,1.0000,1,1,1,1,1,1,1
1,XD,Spring,9,2015-09-21 17:01:06,2015-10-03 00:51:00,21,0,20,0.9524,21,1.0000,21,1.0000,1,1,1,1,1,1,1
1,XD,Spring,8,2015-10-05 16:54:15,2015-10-17 00:44:00,17,0,17,1.0000,17,1.0000,17,1.0000,1,1,1,1,1,1,1
1,XD,Spring,7,2015-10-19 17:04:56,2015-10-31 00:00:00,29,1,29,1.0000,29,1.0000,29,1.0000,1,1,1,1,1,1,1
1,XD,Spring,6,2015-11-02 17:41:25,2015-11-14 00:37:00,16,1,16,1.0000,16,1.0000,16,1.0000,1,1,1,1,1,1,1
1,XD,Spring,5,2015-11-16 16:10:26,2015-11-27 17:06:00,12,0,12,1.0000,12,1.0000,12,1.0000,1,1,1,1,1,1,1
3,NEXUS,Sonatype,255,2013-12-16 21:12:27,2013-12-23 21:12:00,18,0,2,0.1111,2,0.1111,2,0.1111,0,0,0,0,0,0,0
3,NEXUS,Sonatype,253,2014-02-03 21:05:58,2014-02-17 21:05:00,13,0,10,0.7692,10,0.7692,10,0.7692,0,0,0,0,0,0,0
3,NEXUS,Sonatype,252,2014-02-24 21:10:54,2014-03-10 20:10:00,10,0,8,0.8000,8,0.8000,8,0.8000,1,1,0,0,0,0,0
3,NEXUS,Sonatype,247,2014-05-13 19:33:11,2014-05-27 18:00:00,11,0,11,1.0000,11,1.0000,11,1.0000,1,1,1,1,1,1,1
3,NEXUS,Sonatype,246,2014-05-27 19:32:55,2014-06-10 18:00:00,22,0,18,0.8182,20,0.9091,20,0.9091,1,1,0,1,1,0,1
3,NEXUS,Sonatype,245,2014-06-10 19:31:03,2014-06-24 18:00:00,12,0,11,0.9167,11,0.9167,12,1.0000,1,1,1,1,1,0,1
3,NEXUS,Sonatype,236,2014-10-14 18:42:30,2014-10-28 18:00:00,14,0,9,0.6429,10,0.7143,10,0.7143,0,0,0,0,0,0,0
3,NEXUS,Sonatype,235,2014-10-28 18:37:02,2014-11-11 19:37:00,12,0,6,0.5000,7,0.5833,8,0.6667,0,0,0,0,0,0,0
3,NEXUS,Sonatype,234,2014-11-25 19:57:24,2014-12-09 19:57:00,17,0,13,0.7647,15,0.8824,15,0.8824,0,1,0,0,0,0,0
3,NEXUS,Sonatype,233,2014-12-09 19:42:39,2014-12-23 19:42:00,10,1,6,0.6000,6,0.6000,6,0.6000,0,0,0,0,0,0,0
3,NEXUS,Sonatype,231,2015-01-06 19:54:33,2015-01-20 19:54:00,27,0,18,0.6667,18,0.6667,19,0.7037,0,0,0,0,0,0,0
3,NEXUS,Sonatype,230,2015-01-20 20:46:02,2015-02-03 20:46:00,41,1,40,0.9756,40,0.9756,40,0.9756,1,1,1,1,1,1,1
3,NEXUS,Sonatype,229,2015-02-03 20:05:54,2015-02-17 20:05:00,12,1,7,0.5833,7,0.5833,7,0.5833,0,0,0,0,0,0,0
3,NEXUS,Sonatype,227,2015-02-17 20:08:52,2015-03-03 20:08:00,12,0,7,0.5833,7,0.5833,7,0.5833,0,0,0,0,0,0,0
3,NEXUS,Sonatype,224,2015-03-31 18:59:06,2015-04-14 18:59:00,10,0,8,0.8000,8,0.8000,8,0.8000,1,1,0,0,0,0,0
3,NEXUS,Sonatype,223,2015-04-14 19:17:02,2015-04-28 19:17:00,57,0,45,0.7895,47,0.8246,48,0.8421,0,1,0,0,0,0,0
3,NEXUS,Sonatype,222,2015-04-28 19:23:39,2015-05-12 19:23:00,33,4,24,0.7273,26,0.7879,28,0.8485,0,0,0,0,0,0,0
3,NEXUS,Sonatype,221,2015-05-12 19:44:47,2015-05-26 19:44:00,29,0,24,0.8276,25,0.8621,27,0.9310,1,1,0,0,1,0,0
3,NEXUS,Sonatype,220,2015-05-26 19:27:04,2015-06-09 19:27:00,23,0,22,0.9565,23,1.0000,23,1.0000,1,1,1,1,1,1,1
3,NEXUS,Sonatype,218,2015-06-23 18:47:39,2015-07-07 18:47:00,11,0,7,0.6364,8,0.7273,8,0.7273,0,0,0,0,0,0,0
3,NEXUS,Sonatype,216,2015-07-07 19:29:56,2015-07-21 19:29:00,21,2,21,1.0000,21,1.0000,21,1.0000,1,1,1,1,1,1,1
3,NEXUS,Sonatype,214,2015-08-04 18:41:39,2015-08-18 18:41:00,10,1,6,0.6000,6,0.6000,6,0.6000,0,0,0,0,0,0,0
3,NEXUS,Sonatype,213,2015-08-18 20:17:29,2015-09-01 20:17:00,13,1,5,0.3846,5,0.3846,5,0.3846,0,0,0,0,0,0,0
3,NEXUS,Sonatype,211,2015-09-15 19:05:23,2015-09-29 19:05:00,13,1,7,0.5385,8,0.6154,10,0.7692,0,0,0,0,0,0,0
3,NEXUS,Sonatype,210,2015-09-29 20:04:32,2015-10-13 20:04:00,10,1,4,0.4000,4,0.4000,7,0.7000,0,0,0,0,0,0,0
3,NEXUS,Sonatype,171,2016-12-06 17:17:12,2016-12-20 17:17:00,10,0,9,0.9000,9,0.9000,10,1.0000,1,1,1,1,1,0,1
3,NEXUS,Sonatype,166,2017-01-31 19:04:11,2017-02-14 19:04:00,13,0,11,0.8462,12,0.9231,12,0.9231,1,1,0,1,1,0,1
3,NEXUS,Sonatype,163,2017-02-14 18:57:17,2017-02-28 18:57:00,10,0,8,0.8000,8,0.8000,9,0.9000,1,1,0,0,1,0,0
3,NEXUS,Sonatype,159,2017-03-14 18:21:54,2017-03-28 18:21:00,18,0,13,0.7222,14,0.7778,15,0.8333,0,0,0,0,0,0,0
4,MESOS,Apache,485,2014-07-14 19:03:07,2014-07-24 00:00:00,27,0,11,0.4074,11,0.4074,11,0.4074,0,0,0,0,0,0,0
4,MESOS,Apache,484,2014-07-28 19:05:44,2014-08-07 00:00:00,13,0,12,0.9231,12,0.9231,12,0.9231,1,1,1,1,1,0,1
4,MESOS,Apache,482,2014-08-25 21:32:11,2014-09-06 01:00:00,12,0,7,0.5833,7,0.5833,7,0.5833,0,0,0,0,0,0,0
4,MESOS,Apache,481,2014-09-08 18:00:33,2014-09-22 18:00:00,18,0,11,0.6111,11,0.6111,11,0.6111,0,0,0,0,0,0,0
4,MESOS,Apache,479,2014-10-06 22:00:00,2014-10-20 18:00:00,13,0,7,0.5385,7,0.5385,9,0.6923,0,0,0,0,0,0,0
4,MESOS,Apache,477,2014-10-19 18:29:04,2014-10-31 17:29:00,24,1,12,0.5000,14,0.5833,14,0.5833,0,0,0,0,0,0,0
4,MESOS,Apache,478,2014-10-21 19:00:15,2014-11-04 19:00:00,12,0,9,0.7500,9,0.7500,9,0.7500,0,0,0,0,0,0,0
4,MESOS,Apache,475,2014-11-03 19:00:04,2014-11-17 19:00:00,19,0,12,0.6316,12,0.6316,13,0.6842,0,0,0,0,0,0,0
4,MESOS,Apache,474,2014-11-04 18:40:29,2014-11-14 18:40:00,32,2,15,0.4688,15,0.4688,21,0.6563,0,0,0,0,0,0,0
4,MESOS,Apache,472,2014-11-19 17:58:45,2014-12-07 17:58:00,33,0,9,0.2727,9,0.2727,9,0.2727,0,0,0,0,0,0,0
4,MESOS,Apache,469,2015-01-20 19:59:00,2015-02-03 19:48:00,14,2,11,0.7857,11,0.7857,12,0.8571,0,0,0,0,0,0,0
4,MESOS,Apache,468,2015-02-02 20:00:11,2015-02-16 19:00:00,10,0,4,0.4000,4,0.4000,4,0.4000,0,0,0,0,0,0,0
4,MESOS,Apache,467,2015-02-06 16:47:50,2015-02-20 16:47:00,13,0,2,0.1538,2,0.1538,2,0.1538,0,0,0,0,0,0,0
4,MESOS,Apache,466,2015-02-17 18:00:00,2015-03-02 19:00:00,10,0,7,0.7000,7,0.7000,7,0.7000,0,0,0,0,0,0,0
4,MESOS,Apache,464,2015-03-02 19:31:49,2015-03-16 19:31:00,10,0,7,0.7000,7,0.7000,7,0.7000,0,0,0,0,0,0,0
4,MESOS,Apache,463,2015-03-09 23:12:34,2015-03-20 23:12:00,10,1,3,0.3000,3,0.3000,3,0.3000,0,0,0,0,0,0,0
4,MESOS,Apache,460,2015-03-30 18:19:21,2015-04-06 18:00:00,12,0,5,0.4167,5,0.4167,7,0.5833,0,0,0,0,0,0,0
4,MESOS,Apache,459,2015-04-03 16:57:36,2015-04-17 16:57:00,10,1,3,0.3000,3,0.3000,3,0.3000,0,0,0,0,0,0,0
4,MESOS,Apache,453,2015-05-15 16:30:26,2015-05-26 01:00:00,11,0,0,0.0000,0,0.0000,0,0.0000,0,0,0,0,0,0,0
4,MESOS,Apache,451,2015-05-26 18:00:31,2015-06-08 18:00:00,17,0,9,0.5294,10,0.5882,10,0.5882,0,0,0,0,0,0,0
4,MESOS,Apache,450,2015-06-08 16:00:47,2015-06-22 16:00:00,11,0,3,0.2727,3,0.2727,3,0.2727,0,0,0,0,0,0,0
4,MESOS,Apache,449,2015-06-08 19:00:00,2015-06-22 18:00:00,18,0,15,0.8333,15,0.8333,15,0.8333,1,1,0,0,0,0,0
4,MESOS,Apache,447,2015-06-22 17:00:57,2015-07-06 16:00:00,26,0,5,0.1923,6,0.2308,6,0.2308,0,0,0,0,0,0,0
4,MESOS,Apache,448,2015-06-22 18:27:42,2015-07-06 18:00:00,17,0,6,0.3529,7,0.4118,8,0.4706,0,0,0,0,0,0,0
4,MESOS,Apache,446,2015-07-06 17:00:32,2015-07-20 17:00:00,12,0,5,0.4167,5,0.4167,5,0.4167,0,0,0,0,0,0,0
4,MESOS,Apache,444,2015-07-20 20:00:47,2015-08-03 17:00:00,53,0,1,0.0189,2,0.0377,2,0.0377,0,0,0,0,0,0,0
4,MESOS,Apache,443,2015-07-21 19:09:42,2015-08-03 18:00:00,14,0,9,0.6429,10,0.7143,10,0.7143,0,0,0,0,0,0,0
4,MESOS,Apache,441,2015-08-03 18:22:05,2015-08-17 18:00:00,15,0,10,0.6667,12,0.8000,13,0.8667,0,1,0,0,0,0,0
4,MESOS,Apache,442,2015-08-03 20:00:40,2015-08-17 19:00:00,33,0,4,0.1212,5,0.1515,5,0.1515,0,0,0,0,0,0,0
4,MESOS,Apache,440,2015-08-17 19:00:49,2015-08-31 19:00:00,23,0,1,0.0435,1,0.0435,1,0.0435,0,0,0,0,0,0,0
4,MESOS,Apache,438,2015-08-31 20:44:13,2015-09-14 20:44:00,12,0,1,0.0833,1,0.0833,1,0.0833,0,0,0,0,0,0,0
4,MESOS,Apache,437,2015-09-14 18:53:25,2015-09-28 18:00:00,12,0,10,0.8333,10,0.8333,10,0.8333,1,1,0,0,0,0,0
4,MESOS,Apache,436,2015-09-14 20:54:44,2015-09-28 20:54:00,16,0,3,0.1875,3,0.1875,3,0.1875,0,0,0,0,0,0,0
4,MESOS,Apache,434,2015-09-28 20:37:51,2015-10-12 20:37:00,19,0,1,0.0526,2,0.1053,2,0.1053,0,0,0,0,0,0,0
4,MESOS,Apache,433,2015-10-12 20:46:10,2015-10-26 19:00:00,32,0,1,0.0313,1,0.0313,1,0.0313,0,0,0,0,0,0,0
4,MESOS,Apache,432,2015-11-09 21:00:43,2015-11-23 21:00:00,28,0,0,0.0000,0,0.0000,0,0.0000,0,0,0,0,0,0,0
4,MESOS,Apache,430,2015-11-23 22:08:23,2015-12-07 22:08:00,38,0,5,0.1316,5,0.1316,6,0.1579,0,0,0,0,0,0,0
4,MESOS,Apache,428,2015-12-07 21:28:11,2015-12-21 21:28:00,46,0,1,0.0217,1,0.0217,1,0.0217,0,0,0,0,0,0,0
4,MESOS,Apache,429,2015-12-21 22:33:11,2016-01-04 22:33:00,22,0,1,0.0455,1,0.0455,1,0.0455,0,0,0,0,0,0,0
4,MESOS,Apache,427,2016-01-04 23:06:24,2016-01-18 23:06:00,74,0,12,0.1622,12,0.1622,12,0.1622,0,0,0,0,0,0,0
4,MESOS,Apache,425,2016-02-01 20:19:53,2016-02-15 20:19:00,41,0,2,0.0488,3,0.0732,5,0.1220,0,0,0,0,0,0,0
4,MESOS,Apache,424,2016-02-16 23:11:51,2016-03-01 23:11:00,40,0,6,0.1500,7,0.1750,7,0.1750,0,0,0,0,0,0,0
4,MESOS,Apache,423,2016-03-01 17:40:49,2016-03-15 17:40:00,51,0,8,0.1569,8,0.1569,8,0.1569,0,0,0,0,0,0,0
4,MESOS,Apache,422,2016-03-15 18:06:45,2016-03-29 18:06:00,43,1,7,0.1628,7,0.1628,7,0.1628,0,0,0,0,0,0,0
4,MESOS,Apache,421,2016-03-30 00:40:05,2016-04-13 00:40:00,61,1,27,0.4426,27,0.4426,28,0.4590,0,0,0,0,0,0,0
4,MESOS,Apache,420,2016-04-12 16:14:54,2016-04-26 16:14:00,58,4,24,0.4138,25,0.4310,26,0.4483,0,0,0,0,0,0,0
4,MESOS,Apache,419,2016-04-27 16:13:40,2016-05-11 16:13:00,14,0,7,0.5000,7,0.5000,9,0.6429,0,0,0,0,0,0,0
4,MESOS,Apache,418,2016-05-13 14:54:02,2016-05-27 14:54:00,50,6,30,0.6000,31,0.6200,31,0.6200,0,0,0,0,0,0,0
4,MESOS,Apache,417,2016-05-29 20:29:35,2016-06-12 20:29:00,28,0,8,0.2857,8,0.2857,9,0.3214,0,0,0,0,0,0,0
4,MESOS,Apache,416,2016-06-13 05:43:03,2016-06-27 05:43:00,45,0,40,0.8889,40,0.8889,40,0.8889,1,1,0,0,0,0,0
4,MESOS,Apache,415,2016-06-27 23:27:22,2016-07-11 23:27:00,32,0,25,0.7813,26,0.8125,27,0.8438,0,1,0,0,0,0,0
4,MESOS,Apache,414,2016-07-08 16:27:48,2016-07-22 16:27:00,21,0,13,0.6190,13,0.6190,13,0.6190,0,0,0,0,0,0,0
4,MESOS,Apache,413,2016-07-22 14:28:06,2016-08-05 14:28:00,30,0,16,0.5333,16,0.5333,16,0.5333,0,0,0,0,0,0,0
4,MESOS,Apache,412,2016-08-09 21:58:52,2016-08-23 21:58:00,31,0,16,0.5161,16,0.5161,18,0.5806,0,0,0,0,0,0,0
4,MESOS,Apache,411,2016-09-03 11:15:36,2016-09-17 11:15:00,14,0,5,0.3571,5,0.3571,5,0.3571,0,0,0,0,0,0,0
4,MESOS,Apache,410,2016-09-19 14:11:40,2016-10-03 14:11:00,11,0,11,1.0000,11,1.0000,11,1.0000,1,1,1,1,1,1,1
4,MESOS,Apache,408,2016-09-29 16:40:30,2016-10-13 16:40:00,37,0,19,0.5135,19,0.5135,20,0.5405,0,0,0,0,0,0,0
4,MESOS,Apache,407,2016-10-28 16:22:08,2016-11-11 16:22:00,23,1,14,0.6087,14,0.6087,14,0.6087,0,0,0,0,0,0,0
4,MESOS,Apache,406,2016-11-15 15:11:03,2016-11-29 15:11:00,22,0,5,0.2273,7,0.3182,8,0.3636,0,0,0,0,0,0,0
4,MESOS,Apache,405,2016-12-10 01:12:49,2016-12-24 01:12:00,24,2,12,0.5000,12,0.5000,12,0.5000,0,0,0,0,0,0,0
4,MESOS,Apache,404,2017-01-07 00:42:04,2017-01-21 00:42:00,24,2,13,0.5417,13,0.5417,13,0.5417,0,0,0,0,0,0,0
4,MESOS,Apache,403,2017-01-27 18:03:42,2017-02-10 18:03:00,11,2,5,0.4545,5,0.4545,5,0.4545,0,0,0,0,0,0,0
4,MESOS,Apache,402,2017-02-14 01:38:14,2017-02-28 01:38:00,13,2,7,0.5385,7,0.5385,8,0.6154,0,0,0,0,0,0,0
4,MESOS,Apache,401,2017-02-17 22:30:39,2017-03-03 22:30:00,23,0,6,0.2609,6,0.2609,6,0.2609,0,0,0,0,0,0,0
4,MESOS,Apache,400,2017-03-17 20:01:19,2017-03-30 20:01:00,18,3,12,0.6667,12,0.6667,12,0.6667,0,0,0,0,0,0,0
4,MESOS,Apache,399,2017-03-30 20:00:08,2017-04-13 20:00:00,18,0,3,0.1667,6,0.3333,6,0.3333,0,0,0,0,0,0,0
4,MESOS,Apache,397,2017-04-27 15:33:44,2017-05-11 15:33:00,11,0,3,0.2727,3,0.2727,3,0.2727,0,0,0,0,0,0,0
4,MESOS,Apache,396,2017-05-11 15:54:18,2017-05-25 15:54:00,24,0,3,0.1250,3,0.1250,4,0.1667,0,0,0,0,0,0,0
4,MESOS,Apache,395,2017-06-08 20:20:04,2017-06-22 20:20:00,22,0,0,0.0000,0,0.0000,0,0.0000,0,0,0,0,0,0,0
4,MESOS,Apache,394,2017-07-06 20:50:24,2017-07-20 20:50:00,19,0,8,0.4211,8,0.4211,8,0.4211,0,0,0,0,0,0,0
4,MESOS,Apache,393,2017-07-20 22:52:52,2017-08-03 22:52:00,20,0,10,0.5000,10,0.5000,11,0.5500,0,0,0,0,0,0,0
4,MESOS,Apache,392,2017-08-03 17:44:35,2017-08-17 17:44:00,18,0,8,0.4444,8,0.4444,8,0.4444,0,0,0,0,0,0,0
4,MESOS,Apache,391,2017-08-17 18:03:01,2017-08-31 18:03:00,12,0,2,0.1667,2,0.1667,2,0.1667,0,0,0,0,0,0,0
4,MESOS,Apache,390,2017-09-01 00:08:29,2017-09-15 00:08:00,11,0,3,0.2727,4,0.3636,4,0.3636,0,0,0,0,0,0,0
4,MESOS,Apache,389,2017-09-14 22:53:08,2017-09-28 22:53:00,12,0,2,0.1667,2,0.1667,2,0.1667,0,0,0,0,0,0,0
4,MESOS,Apache,388,2017-09-29 04:49:32,2017-10-13 04:49:00,27,0,7,0.2593,7,0.2593,7,0.2593,0,0,0,0,0,0,0
4,MESOS,Apache,387,2017-10-12 09:00:55,2017-10-26 09:00:00,30,0,9,0.3000,9,0.3000,9,0.3000,0,0,0,0,0,0,0
4,MESOS,Apache,385,2017-11-10 01:00:23,2017-11-24 01:00:00,17,0,5,0.2941,6,0.3529,6,0.3529,0,0,0,0,0,0,0
4,MESOS,Apache,384,2017-11-23 18:57:39,2017-12-07 18:57:00,15,0,6,0.4000,11,0.7333,11,0.7333,0,0,0,0,0,0,0
4,MESOS,Apache,383,2017-12-07 23:50:25,2017-12-21 23:50:00,15,0,11,0.7333,11,0.7333,11,0.7333,0,0,0,0,0,0,0
4,MESOS,Apache,382,2017-12-21 20:26:11,2018-01-04 20:26:00,13,0,6,0.4615,6,0.4615,6,0.4615,0,0,0,0,0,0,0
4,MESOS,Apache,381,2018-01-04 21:03:54,2018-01-18 21:03:00,26,0,11,0.4231,13,0.5000,18,0.6923,0,0,0,0,0,0,0
4,MESOS,Apache,380,2018-01-19 01:12:02,2018-02-02 01:12:00,21,0,11,0.5238,11,0.5238,11,0.5238,0,0,0,0,0,0,0
4,MESOS,Apache,379,2018-02-01 18:00:46,2018-02-15 18:00:00,30,0,10,0.3333,10,0.3333,10,0.3333,0,0,0,0,0,0,0
4,MESOS,Apache,378,2018-02-15 17:59:57,2018-03-01 17:59:00,10,0,7,0.7000,7,0.7000,8,0.8000,0,0,0,0,0,0,0
4,MESOS,Apache,377,2018-03-08 16:28:02,2018-03-29 16:00:00,27,1,15,0.5556,17,0.6296,17,0.6296,0,0,0,0,0,0,0
4,MESOS,Apache,374,2018-04-12 17:11:36,2018-04-26 17:11:00,20,0,8,0.4000,8,0.4000,8,0.4000,0,0,0,0,0,0,0
4,MESOS,Apache,373,2018-04-26 16:00:04,2018-05-10 16:00:00,13,0,10,0.7692,10,0.7692,10,0.7692,0,0,0,0,0,0,0
4,MESOS,Apache,372,2018-05-10 16:00:41,2018-05-24 16:00:00,26,0,3,0.1154,7,0.2692,7,0.2692,0,0,0,0,0,0,0
4,MESOS,Apache,369,2018-06-07 16:00:48,2018-06-21 16:00:00,12,0,3,0.2500,4,0.3333,4,0.3333,0,0,0,0,0,0,0
4,MESOS,Apache,366,2018-06-21 16:00:55,2018-07-05 16:00:00,17,1,10,0.5882,10,0.5882,10,0.5882,0,0,0,0,0,0,0
4,MESOS,Apache,363,2018-07-19 16:00:43,2018-08-02 16:00:00,16,1,5,0.3125,5,0.3125,6,0.3750,0,0,0,0,0,0,0
4,MESOS,Apache,362,2018-08-02 16:00:37,2018-08-16 16:00:00,16,1,6,0.3750,9,0.5625,10,0.6250,0,0,0,0,0,0,0
4,MESOS,Apache,361,2018-08-16 16:00:43,2018-08-30 16:00:00,17,1,11,0.6471,11,0.6471,11,0.6471,0,0,0,0,0,0,0
4,MESOS,Apache,360,2018-08-30 16:00:44,2018-09-13 16:00:00,14,1,12,0.8571,13,0.9286,13,0.9286,1,1,0,1,1,0,1
4,MESOS,Apache,358,2018-09-27 09:00:28,2018-10-11 09:00:00,13,2,8,0.6154,8,0.6154,8,0.6154,0,0,0,0,0,0,0
4,MESOS,Apache,354,2018-10-11 16:00:33,2018-10-25 16:00:00,13,1,4,0.3077,4,0.3077,4,0.3077,0,0,0,0,0,0,0
4,MESOS,Apache,336,2019-01-16 17:38:40,2019-01-24 17:38:00,11,1,3,0.2727,3,0.2727,3,0.2727,0,0,0,0,0,0,0
4,MESOS,Apache,323,2019-02-13 17:43:31,2019-02-21 17:43:00,17,1,2,0.1176,2,0.1176,2,0.1176,0,0,0,0,0,0,0
4,MESOS,Apache,274,2019-11-06 16:56:38,2019-11-20 16:56:00,14,0,10,0.7143,10,0.7143,10,0.7143,0,0,0,0,0,0,0
4,MESOS,Apache,269,2020-01-15 15:23:02,2020-01-29 15:23:00,14,0,1,0.0714,1,0.0714,1,0.0714,0,0,0,0,0,0,0
5,USERGRID,Apache,515,2015-04-01 17:45:16,2015-04-15 17:45:00,18,0,14,0.7778,16,0.8889,16,0.8889,0,1,0,0,0,0,0
5,USERGRID,Apache,514,2015-04-08 20:52:04,2015-04-22 20:52:00,11,0,5,0.4545,5,0.4545,5,0.4545,0,0,0,0,0,0,0
5,USERGRID,Apache,511,2015-05-06 21:18:00,2015-05-13 21:18:00,28,0,14,0.5000,14,0.5000,14,0.5000,0,0,0,0,0,0,0
5,USERGRID,Apache,510,2015-05-13 18:35:42,2015-05-27 18:35:00,10,0,6,0.6000,7,0.7000,9,0.9000,0,0,0,0,1,0,0
5,USERGRID,Apache,508,2015-05-28 15:09:17,2015-06-03 21:00:00,14,0,11,0.7857,12,0.8571,12,0.8571,0,1,0,0,0,0,0
5,USERGRID,Apache,507,2015-06-03 15:47:30,2015-06-17 15:47:00,14,1,11,0.7857,12,0.8571,13,0.9286,0,1,0,0,1,0,0
5,USERGRID,Apache,506,2015-06-10 21:57:03,2015-06-17 21:57:00,19,1,8,0.4211,9,0.4737,10,0.5263,0,0,0,0,0,0,0
5,USERGRID,Apache,505,2015-06-17 20:55:56,2015-07-01 20:55:00,12,0,7,0.5833,7,0.5833,7,0.5833,0,0,0,0,0,0,0
5,USERGRID,Apache,503,2015-07-15 20:58:40,2015-07-22 20:58:00,12,1,6,0.5000,7,0.5833,7,0.5833,0,0,0,0,0,0,0
5,USERGRID,Apache,502,2015-07-22 15:20:36,2015-07-29 15:20:00,13,4,9,0.6923,9,0.6923,9,0.6923,0,0,0,0,0,0,0
5,USERGRID,Apache,501,2015-07-29 20:36:08,2015-08-05 20:36:00,16,4,13,0.8125,13,0.8125,13,0.8125,1,1,0,0,0,0,0
5,USERGRID,Apache,500,2015-08-26 20:19:16,2015-09-02 20:19:00,11,2,5,0.4545,6,0.5455,6,0.5455,0,0,0,0,0,0,0
5,USERGRID,Apache,499,2015-09-02 20:48:23,2015-09-09 20:48:00,15,2,6,0.4000,6,0.4000,11,0.7333,0,0,0,0,0,0,0
5,USERGRID,Apache,498,2015-09-16 22:16:21,2015-09-23 22:16:00,19,0,4,0.2105,4,0.2105,4,0.2105,0,0,0,0,0,0,0
5,USERGRID,Apache,497,2015-10-27 22:12:40,2015-11-09 16:00:00,17,0,12,0.7059,13,0.7647,13,0.7647,0,0,0,0,0,0,0
5,USERGRID,Apache,496,2015-11-09 18:08:08,2015-11-23 18:08:00,17,0,7,0.4118,10,0.5882,11,0.6471,0,0,0,0,0,0,0
5,USERGRID,Apache,495,2016-01-07 18:10:45,2016-01-21 18:10:00,24,5,19,0.7917,19,0.7917,19,0.7917,0,0,0,0,0,0,0
5,USERGRID,Apache,494,2016-02-09 02:02:00,2016-02-16 02:01:00,17,2,4,0.2353,4,0.2353,5,0.2941,0,0,0,0,0,0,0
12,TIMOB,Appcelerator,4948,2014-06-09 20:51:17,2014-06-20 23:00:00,19,1,11,0.5789,12,0.6316,12,0.6316,0,0,0,0,0,0,0
12,TIMOB,Appcelerator,4934,2014-06-23 20:55:21,2014-07-03 23:00:00,34,1,15,0.4412,15,0.4412,15,0.4412,0,0,0,0,0,0,0
12,TIMOB,Appcelerator,4946,2014-06-23 22:44:05,2014-07-03 23:00:00,10,0,8,0.8000,8,0.8000,8,0.8000,1,1,0,0,0,0,0
12,TIMOB,Appcelerator,4945,2014-07-07 20:48:52,2014-07-18 23:00:00,11,2,8,0.7273,8,0.7273,8,0.7273,0,0,0,0,0,0,0
12,TIMOB,Appcelerator,4939,2014-07-21 20:56:32,2014-08-01 23:00:00,13,0,3,0.2308,3,0.2308,3,0.2308,0,0,0,0,0,0,0
12,TIMOB,Appcelerator,4941,2014-08-04 21:09:19,2014-08-14 23:00:00,11,0,9,0.8182,9,0.8182,9,0.8182,1,1,0,0,0,0,0
12,TIMOB,Appcelerator,4940,2014-08-21 21:07:00,2014-08-29 23:00:00,15,3,10,0.6667,12,0.8000,12,0.8000,0,1,0,0,0,0,0
12,TIMOB,Appcelerator,4937,2014-09-02 21:56:57,2014-09-12 23:00:00,27,0,4,0.1481,4,0.1481,4,0.1481,0,0,0,0,0,0,0
12,TIMOB,Appcelerator,4933,2014-09-18 20:06:28,2014-09-26 23:00:00,26,7,24,0.9231,24,0.9231,24,0.9231,1,1,1,1,1,0,0
12,TIMOB,Appcelerator,4932,2014-09-29 21:32:25,2014-10-13 17:25:00,22,0,14,0.6364,16,0.7273,18,0.8182,0,0,0,0,0,0,0
12,TIMOB,Appcelerator,4929,2014-10-13 21:00:57,2014-10-24 23:00:00,17,1,12,0.7059,12,0.7059,12,0.7059,0,0,0,0,0,0,0
12,TIMOB,Appcelerator,4928,2014-10-27 22:25:43,2014-11-08 01:00:00,13,2,7,0.5385,7,0.5385,7,0.5385,0,0,0,0,0,0,0
12,TIMOB,Appcelerator,4925,2014-11-10 22:56:45,2014-11-22 01:00:00,16,2,12,0.7500,12,0.7500,12,0.7500,0,0,0,0,0,0,0
12,TIMOB,Appcelerator,4922,2014-11-24 22:28:25,2014-12-06 01:00:00,12,0,10,0.8333,10,0.8333,10,0.8333,1,1,0,0,0,0,0
12,TIMOB,Appcelerator,4920,2014-12-08 22:49:31,2014-12-22 01:00:00,34,3,22,0.6471,22,0.6471,22,0.6471,0,0,0,0,0,0,0
12,TIMOB,Appcelerator,4917,2015-01-03 01:00:00,2015-01-17 01:00:00,22,1,19,0.8636,19,0.8636,19,0.8636,1,1,0,0,0,0,0
12,TIMOB,Appcelerator,4919,2015-01-04 01:00:00,2015-01-17 01:00:00,11,0,5,0.4545,5,0.4545,5,0.4545,0,0,0,0,0,0,0
12,TIMOB,Appcelerator,4913,2015-01-17 01:00:51,2015-01-31 01:00:00,13,0,13,1.0000,13,1.0000,13,1.0000,1,1,1,1,1,1,1
12,TIMOB,Appcelerator,4910,2015-01-31 01:00:00,2015-02-14 01:00:00,12,0,12,1.0000,12,1.0000,12,1.0000,1,1,1,1,1,1,1
12,TIMOB,Appcelerator,4909,2015-01-31 01:00:05,2015-02-14 01:00:00,13,0,10,0.7692,10,0.7692,10,0.7692,0,0,0,0,0,0,0
12,TIMOB,Appcelerator,4908,2015-02-14 01:00:53,2015-03-01 01:00:00,17,0,11,0.6471,11,0.6471,11,0.6471,0,0,0,0,0,0,0
12,TIMOB,Appcelerator,4906,2015-02-14 02:34:21,2015-02-28 02:34:00,10,2,6,0.6000,6,0.6000,6,0.6000,0,0,0,0,0,0,0
12,TIMOB,Appcelerator,4814,2015-02-28 15:50:09,2015-03-14 00:00:00,13,1,12,0.9231,12,0.9231,12,0.9231,1,1,1,1,1,0,1
12,TIMOB,Appcelerator,4902,2015-03-14 13:56:54,2015-03-28 00:00:00,10,0,7,0.7000,7,0.7000,7,0.7000,0,0,0,0,0,0,0
12,TIMOB,Appcelerator,4901,2015-03-14 13:58:11,2015-03-28 00:00:00,16,0,15,0.9375,15,0.9375,15,0.9375,1,1,1,1,1,0,1
12,TIMOB,Appcelerator,4900,2015-03-28 00:00:13,2015-04-10 23:00:00,11,2,9,0.8182,9,0.8182,9,0.8182,1,1,0,0,0,0,0
12,TIMOB,Appcelerator,4897,2015-04-10 23:00:50,2015-04-24 11:00:00,11,0,8,0.7273,8,0.7273,8,0.7273,0,0,0,0,0,0,0
12,TIMOB,Appcelerator,4896,2015-04-12 03:01:21,2015-04-26 02:59:00,11,0,11,1.0000,11,1.0000,11,1.0000,1,1,1,1,1,1,1
12,TIMOB,Appcelerator,4890,2015-04-24 23:00:00,2015-05-08 23:00:00,20,2,18,0.9000,18,0.9000,18,0.9000,1,1,1,1,1,0,0
12,TIMOB,Appcelerator,4894,2015-04-26 04:00:09,2015-05-10 02:59:00,14,0,14,1.0000,14,1.0000,14,1.0000,1,1,1,1,1,1,1
12,TIMOB,Appcelerator,4887,2015-05-08 23:00:53,2015-05-22 23:00:00,17,1,14,0.8235,15,0.8824,15,0.8824,1,1,0,0,0,0,0
12,TIMOB,Appcelerator,4886,2015-05-22 23:00:08,2015-06-05 23:00:00,16,2,16,1.0000,16,1.0000,16,1.0000,1,1,1,1,1,1,1
12,TIMOB,Appcelerator,4884,2015-06-05 23:00:44,2015-06-19 23:00:00,21,1,18,0.8571,19,0.9048,19,0.9048,1,1,0,1,1,0,1
12,TIMOB,Appcelerator,4883,2015-06-07 00:15:20,2015-06-21 00:15:00,34,0,32,0.9412,32,0.9412,32,0.9412,1,1,1,1,1,0,1
12,TIMOB,Appcelerator,4880,2015-06-20 22:02:44,2015-07-04 22:02:00,34,0,33,0.9706,33,0.9706,33,0.9706,1,1,1,1,1,1,1
12,TIMOB,Appcelerator,4879,2015-06-23 04:39:59,2015-07-03 23:30:00,11,0,11,1.0000,11,1.0000,11,1.0000,1,1,1,1,1,1,1
12,TIMOB,Appcelerator,4878,2015-07-06 03:01:53,2015-07-19 02:59:00,35,2,31,0.8857,31,0.8857,34,0.9714,1,1,0,0,1,0,0
12,TIMOB,Appcelerator,4875,2015-07-17 23:30:29,2015-07-31 23:30:00,11,0,9,0.8182,9,0.8182,9,0.8182,1,1,0,0,0,0,0
12,TIMOB,Appcelerator,4876,2015-07-20 03:01:12,2015-08-02 02:59:00,16,0,16,1.0000,16,1.0000,16,1.0000,1,1,1,1,1,1,1
12,TIMOB,Appcelerator,4872,2015-07-31 23:30:05,2015-08-14 23:30:00,12,0,8,0.6667,8,0.6667,8,0.6667,0,0,0,0,0,0,0
12,TIMOB,Appcelerator,4868,2015-08-14 23:30:59,2015-08-28 23:30:00,27,0,21,0.7778,21,0.7778,22,0.8148,0,0,0,0,0,0,0
12,TIMOB,Appcelerator,4866,2015-08-28 23:30:25,2015-09-11 23:30:00,17,2,13,0.7647,13,0.7647,13,0.7647,0,0,0,0,0,0,0
12,TIMOB,Appcelerator,4864,2015-09-11 23:30:30,2015-09-25 23:30:00,19,1,17,0.8947,17,0.8947,17,0.8947,1,1,0,0,0,0,0
12,TIMOB,Appcelerator,4862,2015-09-13 03:01:58,2015-09-26 02:59:00,12,0,12,1.0000,12,1.0000,12,1.0000,1,1,1,1,1,1,1
12,TIMOB,Appcelerator,4860,2015-09-25 23:29:20,2015-10-09 23:29:00,48,2,40,0.8333,40,0.8333,40,0.8333,1,1,0,0,0,0,0
12,TIMOB,Appcelerator,4857,2015-10-09 23:32:18,2015-10-23 23:32:00,20,0,14,0.7000,15,0.7500,15,0.7500,0,0,0,0,0,0,0
12,TIMOB,Appcelerator,4854,2015-10-23 23:30:42,2015-11-07 01:30:00,39,1,33,0.8462,33,0.8462,33,0.8462,1,1,0,0,0,0,0
12,TIMOB,Appcelerator,4851,2015-11-07 01:30:16,2015-11-21 01:30:00,38,2,30,0.7895,30,0.7895,30,0.7895,0,0,0,0,0,0,0
12,TIMOB,Appcelerator,4828,2015-11-21 01:30:13,2015-12-05 01:30:00,59,0,44,0.7458,45,0.7627,45,0.7627,0,0,0,0,0,0,0
12,TIMOB,Appcelerator,4850,2015-12-05 01:30:40,2015-12-19 01:30:00,38,4,31,0.8158,31,0.8158,31,0.8158,1,1,0,0,0,0,0
12,TIMOB,Appcelerator,4849,2015-12-19 01:30:24,2016-01-02 01:30:00,13,1,10,0.7692,10,0.7692,10,0.7692,0,0,0,0,0,0,0
12,TIMOB,Appcelerator,4847,2016-01-02 01:31:50,2016-01-16 01:31:00,39,0,27,0.6923,27,0.6923,27,0.6923,0,0,0,0,0,0,0
12,TIMOB,Appcelerator,4844,2016-01-30 01:31:49,2016-02-13 01:31:00,37,0,34,0.9189,34,0.9189,34,0.9189,1,1,1,1,1,0,1
12,TIMOB,Appcelerator,4842,2016-02-13 01:33:48,2016-02-27 01:33:00,18,1,13,0.7222,13,0.7222,13,0.7222,0,0,0,0,0,0,0
12,TIMOB,Appcelerator,4840,2016-02-27 01:30:43,2016-03-12 01:30:00,29,2,20,0.6897,20,0.6897,20,0.6897,0,0,0,0,0,0,0
12,TIMOB,Appcelerator,4837,2016-03-12 01:31:00,2016-03-26 00:30:00,26,2,20,0.7692,20,0.7692,20,0.7692,0,0,0,0,0,0,0
12,TIMOB,Appcelerator,4836,2016-03-26 00:38:56,2016-04-08 23:38:00,38,1,36,0.9474,36,0.9474,36,0.9474,1,1,1,1,1,0,1
12,TIMOB,Appcelerator,4838,2016-03-28 03:03:55,2016-04-08 03:03:00,15,10,10,0.6667,10,0.6667,10,0.6667,0,0,0,0,0,0,0
12,TIMOB,Appcelerator,4819,2016-04-08 23:30:18,2016-04-22 23:30:00,48,2,40,0.8333,40,0.8333,40,0.8333,1,1,0,0,0,0,0
12,TIMOB,Appcelerator,4832,2016-04-22 23:39:45,2016-05-06 23:39:00,27,2,23,0.8519,23,0.8519,23,0.8519,1,1,0,0,0,0,0
12,TIMOB,Appcelerator,4831,2016-05-06 23:43:57,2016-05-20 23:43:00,33,1,25,0.7576,25,0.7576,25,0.7576,0,0,0,0,0,0,0
12,TIMOB,Appcelerator,4830,2016-05-20 23:06:10,2016-06-03 23:06:00,36,1,32,0.8889,32,0.8889,32,0.8889,1,1,0,0,0,0,0
12,TIMOB,Appcelerator,4829,2016-06-03 23:30:29,2016-06-17 23:30:00,24,2,21,0.8750,21,0.8750,21,0.8750,1,1,0,0,0,0,0
12,TIMOB,Appcelerator,4779,2016-06-17 23:25:17,2016-07-01 23:25:00,35,1,28,0.8000,30,0.8571,30,0.8571,1,1,0,0,0,0,0
12,TIMOB,Appcelerator,4824,2016-07-01 23:25:58,2016-07-15 23:25:00,38,3,36,0.9474,36,0.9474,37,0.9737,1,1,1,1,1,0,1
12,TIMOB,Appcelerator,4822,2016-07-15 23:19:21,2016-07-29 23:19:00,44,3,34,0.7727,35,0.7955,36,0.8182,0,0,0,0,0,0,0
12,TIMOB,Appcelerator,4821,2016-07-29 23:40:03,2016-08-12 23:40:00,30,1,27,0.9000,27,0.9000,27,0.9000,1,1,1,1,1,0,0
12,TIMOB,Appcelerator,4818,2016-08-12 23:00:17,2016-08-26 23:00:00,28,1,21,0.7500,28,1.0000,28,1.0000,0,1,0,1,1,1,1
12,TIMOB,Appcelerator,4817,2016-08-12 23:01:26,2016-08-26 23:01:00,23,0,23,1.0000,23,1.0000,23,1.0000,1,1,1,1,1,1,1
12,TIMOB,Appcelerator,4816,2016-08-26 23:16:26,2016-09-09 23:16:00,15,0,13,0.8667,13,0.8667,13,0.8667,1,1,0,0,0,0,0
12,TIMOB,Appcelerator,4815,2016-08-26 23:18:37,2016-09-09 23:18:00,30,0,29,0.9667,29,0.9667,29,0.9667,1,1,1,1,1,1,1
12,TIMOB,Appcelerator,4813,2016-09-09 23:17:15,2016-09-23 23:17:00,22,3,18,0.8182,19,0.8636,19,0.8636,1,1,0,0,0,0,0
12,TIMOB,Appcelerator,4811,2016-09-28 15:50:17,2016-10-12 15:50:00,25,4,22,0.8800,22,0.8800,22,0.8800,1,1,0,0,0,0,0
12,TIMOB,Appcelerator,4808,2016-10-07 23:53:00,2016-10-21 23:53:00,17,1,16,0.9412,16,0.9412,16,0.9412,1,1,1,1,1,0,1
12,TIMOB,Appcelerator,4789,2016-10-21 23:02:30,2016-11-05 00:02:00,23,1,18,0.7826,18,0.7826,18,0.7826,0,0,0,0,0,0,0
12,TIMOB,Appcelerator,4805,2016-11-05 00:39:37,2016-11-19 01:39:00,30,1,26,0.8667,26,0.8667,26,0.8667,1,1,0,0,0,0,0
12,TIMOB,Appcelerator,4804,2016-11-19 01:32:07,2016-12-03 01:32:00,16,1,14,0.8750,14,0.8750,14,0.8750,1,1,0,0,0,0,0
12,TIMOB,Appcelerator,4802,2016-12-03 01:53:07,2016-12-17 01:53:00,17,0,12,0.7059,12,0.7059,12,0.7059,0,0,0,0,0,0,0
12,TIMOB,Appcelerator,4800,2016-12-17 01:24:58,2016-12-31 01:24:00,15,1,11,0.7333,11,0.7333,11,0.7333,0,0,0,0,0,0,0
12,TIMOB,Appcelerator,4782,2016-12-31 02:15:33,2017-01-14 02:15:00,18,0,13,0.7222,13,0.7222,13,0.7222,0,0,0,0,0,0,0
12,TIMOB,Appcelerator,4798,2017-01-15 00:00:42,2017-01-29 00:00:00,51,0,15,0.2941,16,0.3137,17,0.3333,0,0,0,0,0,0,0
12,TIMOB,Appcelerator,4797,2017-01-28 21:12:30,2017-02-12 21:12:00,15,1,13,0.8667,13,0.8667,13,0.8667,1,1,0,0,0,0,0
12,TIMOB,Appcelerator,4794,2017-02-12 23:36:01,2017-02-26 23:36:00,13,0,10,0.7692,10,0.7692,10,0.7692,0,0,0,0,0,0,0
12,TIMOB,Appcelerator,4791,2017-02-26 17:39:21,2017-03-12 17:39:00,16,0,14,0.8750,14,0.8750,14,0.8750,1,1,0,0,0,0,0
12,TIMOB,Appcelerator,4790,2017-03-12 19:14:58,2017-03-26 18:14:00,15,0,12,0.8000,12,0.8000,12,0.8000,1,1,0,0,0,0,0
12,TIMOB,Appcelerator,4783,2017-04-23 20:46:54,2017-05-07 20:46:00,38,11,33,0.8684,33,0.8684,33,0.8684,1,1,0,0,0,0,0
12,TIMOB,Appcelerator,4778,2017-05-22 01:41:18,2017-06-05 01:41:00,16,0,14,0.8750,14,0.8750,14,0.8750,1,1,0,0,0,0,0
12,TIMOB,Appcelerator,4777,2017-06-04 23:15:46,2017-06-18 23:15:00,18,2,16,0.8889,17,0.9444,17,0.9444,1,1,0,1,1,0,1
12,TIMOB,Appcelerator,4773,2017-06-18 15:14:36,2017-07-02 15:14:00,22,0,19,0.8636,19,0.8636,19,0.8636,1,1,0,0,0,0,0
12,TIMOB,Appcelerator,4771,2017-07-02 15:29:41,2017-07-16 15:29:00,33,0,9,0.2727,9,0.2727,10,0.3030,0,0,0,0,0,0,0
12,TIMOB,Appcelerator,4768,2017-07-16 13:40:47,2017-07-30 13:40:00,18,0,14,0.7778,14,0.7778,14,0.7778,0,0,0,0,0,0,0
12,TIMOB,Appcelerator,4767,2017-07-30 15:17:10,2017-08-13 15:17:00,20,0,20,1.0000,20,1.0000,20,1.0000,1,1,1,1,1,1,1
12,TIMOB,Appcelerator,4764,2017-08-13 22:08:29,2017-08-27 22:08:00,49,0,33,0.6735,34,0.6939,35,0.7143,0,0,0,0,0,0,0
12,TIMOB,Appcelerator,4762,2017-08-27 20:13:39,2017-09-10 20:13:00,16,0,8,0.5000,8,0.5000,8,0.5000,0,0,0,0,0,0,0
12,TIMOB,Appcelerator,4760,2017-09-10 20:24:52,2017-09-24 20:24:00,29,0,16,0.5517,19,0.6552,19,0.6552,0,0,0,0,0,0,0
12,TIMOB,Appcelerator,4759,2017-09-24 16:50:18,2017-10-08 16:50:00,23,0,8,0.3478,10,0.4348,10,0.4348,0,0,0,0,0,0,0
12,TIMOB,Appcelerator,4758,2017-10-08 19:38:15,2017-10-22 19:38:00,26,0,22,0.8462,22,0.8462,22,0.8462,1,1,0,0,0,0,0
12,TIMOB,Appcelerator,4756,2017-10-22 20:44:00,2017-11-05 22:43:00,38,0,8,0.2105,11,0.2895,15,0.3947,0,0,0,0,0,0,0
12,TIMOB,Appcelerator,4755,2017-11-05 16:37:25,2017-11-19 16:37:00,15,0,10,0.6667,12,0.8000,12,0.8000,0,1,0,0,0,0,0
12,TIMOB,Appcelerator,4754,2017-11-19 18:59:24,2017-12-03 18:59:00,14,0,12,0.8571,12,0.8571,12,0.8571,1,1,0,0,0,0,0
12,TIMOB,Appcelerator,4753,2017-12-03 23:22:15,2017-12-17 23:22:00,11,0,7,0.6364,7,0.6364,7,0.6364,0,0,0,0,0,0,0
12,TIMOB,Appcelerator,4750,2017-12-31 16:58:55,2018-01-14 16:58:00,17,0,6,0.3529,9,0.5294,9,0.5294,0,0,0,0,0,0,0
12,TIMOB,Appcelerator,4749,2018-01-14 22:48:44,2018-01-28 22:48:00,20,0,11,0.5500,12,0.6000,12,0.6000,0,0,0,0,0,0,0
12,TIMOB,Appcelerator,4747,2018-01-28 16:23:12,2018-02-11 16:23:00,14,0,10,0.7143,10,0.7143,10,0.7143,0,0,0,0,0,0,0
12,TIMOB,Appcelerator,4746,2018-02-12 04:23:02,2018-02-26 04:23:00,36,3,27,0.7500,29,0.8056,29,0.8056,0,1,0,0,0,0,0
12,TIMOB,Appcelerator,4745,2018-02-25 19:38:09,2018-03-11 18:38:00,88,30,46,0.5227,46,0.5227,46,0.5227,0,0,0,0,0,0,0
12,TIMOB,Appcelerator,4744,2018-03-11 22:18:04,2018-03-25 21:18:00,64,2,12,0.1875,12,0.1875,12,0.1875,0,0,0,0,0,0,0
12,TIMOB,Appcelerator,4742,2018-03-25 20:59:37,2018-04-08 20:59:00,35,0,21,0.6000,21,0.6000,21,0.6000,0,0,0,0,0,0,0
12,TIMOB,Appcelerator,4741,2018-04-08 16:57:36,2018-04-22 16:57:00,25,0,9,0.3600,9,0.3600,9,0.3600,0,0,0,0,0,0,0
12,TIMOB,Appcelerator,4740,2018-04-22 21:53:09,2018-05-06 21:53:00,14,0,6,0.4286,6,0.4286,6,0.4286,0,0,0,0,0,0,0
12,TIMOB,Appcelerator,4739,2018-05-06 23:03:22,2018-05-20 23:03:00,24,0,17,0.7083,17,0.7083,18,0.7500,0,0,0,0,0,0,0
12,TIMOB,Appcelerator,4737,2018-05-20 19:57:44,2018-06-03 19:57:00,13,2,7,0.5385,7,0.5385,7,0.5385,0,0,0,0,0,0,0
12,TIMOB,Appcelerator,4736,2018-06-03 14:22:23,2018-06-17 14:22:00,26,0,15,0.5769,16,0.6154,16,0.6154,0,0,0,0,0,0,0
12,TIMOB,Appcelerator,4734,2018-06-17 19:47:14,2018-07-01 19:47:00,24,0,13,0.5417,13,0.5417,15,0.6250,0,0,0,0,0,0,0
12,TIMOB,Appcelerator,4733,2018-07-01 17:40:57,2018-07-15 17:40:00,11,0,3,0.2727,4,0.3636,5,0.4545,0,0,0,0,0,0,0
12,TIMOB,Appcelerator,4732,2018-07-15 20:52:05,2018-07-29 20:52:00,44,0,20,0.4545,20,0.4545,21,0.4773,0,0,0,0,0,0,0
12,TIMOB,Appcelerator,4731,2018-07-29 21:26:06,2018-08-12 21:26:00,85,44,66,0.7765,68,0.8000,68,0.8000,0,1,0,0,0,0,0
12,TIMOB,Appcelerator,4730,2018-08-13 16:39:37,2018-08-27 16:39:00,52,1,39,0.7500,39,0.7500,39,0.7500,0,0,0,0,0,0,0
12,TIMOB,Appcelerator,4729,2018-08-26 15:14:35,2018-09-09 15:14:00,10,0,5,0.5000,6,0.6000,7,0.7000,0,0,0,0,0,0,0
12,TIMOB,Appcelerator,4728,2018-09-09 20:02:56,2018-09-23 20:02:00,16,1,8,0.5000,8,0.5000,8,0.5000,0,0,0,0,0,0,0
12,TIMOB,Appcelerator,4727,2018-09-23 15:57:58,2018-10-07 15:57:00,14,1,8,0.5714,8,0.5714,8,0.5714,0,0,0,0,0,0,0
12,TIMOB,Appcelerator,4725,2018-10-21 22:20:53,2018-11-04 23:20:00,20,0,14,0.7000,15,0.7500,15,0.7500,0,0,0,0,0,0,0
12,TIMOB,Appcelerator,4724,2018-11-04 23:35:52,2018-11-18 23:35:00,28,0,20,0.7143,22,0.7857,22,0.7857,0,0,0,0,0,0,0
12,TIMOB,Appcelerator,4723,2018-11-19 05:35:58,2018-12-03 05:35:00,14,0,12,0.8571,12,0.8571,12,0.8571,1,1,0,0,0,0,0
12,TIMOB,Appcelerator,4722,2018-12-02 16:29:22,2018-12-16 16:29:00,24,1,13,0.5417,13,0.5417,13,0.5417,0,0,0,0,0,0,0
12,TIMOB,Appcelerator,4721,2018-12-17 15:56:00,2018-12-21 15:56:00,11,0,3,0.2727,3,0.2727,3,0.2727,0,0,0,0,0,0,0
12,TIMOB,Appcelerator,4720,2018-12-31 19:39:58,2019-01-11 19:39:00,22,0,14,0.6364,14,0.6364,14,0.6364,0,0,0,0,0,0,0
12,TIMOB,Appcelerator,4719,2019-01-14 17:20:19,2019-01-26 17:20:00,14,0,11,0.7857,11,0.7857,11,0.7857,0,0,0,0,0,0,0
12,TIMOB,Appcelerator,4718,2019-01-28 17:38:43,2019-02-09 17:38:00,15,0,4,0.2667,4,0.2667,4,0.2667,0,0,0,0,0,0,0
12,TIMOB,Appcelerator,4717,2019-02-11 16:16:38,2019-02-23 16:16:00,10,0,4,0.4000,4,0.4000,4,0.4000,0,0,0,0,0,0,0
12,TIMOB,Appcelerator,4715,2019-02-24 18:36:06,2019-03-08 18:36:00,15,0,7,0.4667,7,0.4667,7,0.4667,0,0,0,0,0,0,0
12,TIMOB,Appcelerator,4714,2019-03-03 22:20:00,2019-03-15 22:20:00,10,0,5,0.5000,5,0.5000,5,0.5000,0,0,0,0,0,0,0
12,TIMOB,Appcelerator,4713,2019-03-18 17:27:26,2019-03-30 17:27:00,14,0,2,0.1429,2,0.1429,2,0.1429,0,0,0,0,0,0,0
12,TIMOB,Appcelerator,4712,2019-03-31 17:03:00,2019-04-12 17:03:00,20,0,9,0.4500,10,0.5000,10,0.5000,0,0,0,0,0,0,0
12,TIMOB,Appcelerator,4710,2019-04-28 21:06:00,2019-05-17 21:06:00,14,0,11,0.7857,11,0.7857,11,0.7857,0,0,0,0,0,0,0
12,TIMOB,Appcelerator,4709,2019-05-18 16:39:53,2019-05-31 16:39:00,28,0,13,0.4643,13,0.4643,13,0.4643,0,0,0,0,0,0,0
12,TIMOB,Appcelerator,4708,2019-06-03 21:00:37,2019-06-14 21:00:00,13,0,11,0.8462,11,0.8462,11,0.8462,1,1,0,0,0,0,0
12,TIMOB,Appcelerator,4704,2019-07-29 14:35:47,2019-08-11 14:35:00,16,0,6,0.3750,6,0.3750,6,0.3750,0,0,0,0,0,0,0
12,TIMOB,Appcelerator,4703,2019-08-12 06:59:29,2019-08-25 06:59:00,32,0,13,0.4063,13,0.4063,13,0.4063,0,0,0,0,0,0,0
12,TIMOB,Appcelerator,4702,2019-08-26 20:46:26,2019-09-08 20:46:00,15,0,7,0.4667,9,0.6000,10,0.6667,0,0,0,0,0,0,0
12,TIMOB,Appcelerator,4699,2019-09-23 14:38:44,2019-10-06 14:38:00,12,1,5,0.4167,5,0.4167,5,0.4167,0,0,0,0,0,0,0
12,TIMOB,Appcelerator,4695,2019-11-18 16:40:09,2019-12-01 16:40:00,10,0,5,0.5000,5,0.5000,5,0.5000,0,0,0,0,0,0,0
12,TIMOB,Appcelerator,4693,2019-12-16 06:12:12,2019-12-21 06:12:00,18,0,1,0.0556,1,0.0556,1,0.0556,0,0,0,0,0,0,0
12,TIMOB,Appcelerator,4692,2020-01-02 21:15:56,2020-01-17 21:15:00,11,0,8,0.7273,8,0.7273,8,0.7273,0,0,0,0,0,0,0
12,TIMOB,Appcelerator,4691,2020-01-20 17:44:38,2020-01-31 17:44:00,37,0,35,0.9459,35,0.9459,35,0.9459,1,1,1,1,1,0,1
12,TIMOB,Appcelerator,4690,2020-02-03 16:58:00,2020-02-14 16:58:00,12,1,8,0.6667,11,0.9167,11,0.9167,0,1,0,1,1,0,1
12,TIMOB,Appcelerator,4688,2020-03-02 18:45:03,2020-03-13 18:45:00,12,0,5,0.4167,5,0.4167,5,0.4167,0,0,0,0,0,0,0
12,TIMOB,Appcelerator,4684,2020-04-10 17:08:36,2020-04-24 17:08:00,16,0,6,0.3750,6,0.3750,6,0.3750,0,0,0,0,0,0,0
12,TIMOB,Appcelerator,4683,2020-04-24 16:09:52,2020-05-08 16:09:00,14,0,5,0.3571,5,0.3571,5,0.3571,0,0,0,0,0,0,0
12,TIMOB,Appcelerator,4682,2020-05-08 15:37:58,2020-05-22 15:37:00,14,0,1,0.0714,1,0.0714,1,0.0714,0,0,0,0,0,0,0
12,TIMOB,Appcelerator,4679,2020-06-19 15:41:04,2020-07-02 15:41:00,13,0,1,0.0769,1,0.0769,1,0.0769,0,0,0,0,0,0,0
12,TIMOB,Appcelerator,4675,2020-08-17 14:48:00,2020-08-28 14:48:00,11,0,5,0.4545,5,0.4545,5,0.4545,0,0,0,0,0,0,0
12,TIMOB,Appcelerator,4674,2020-08-31 14:45:10,2020-09-11 14:45:00,10,0,4,0.4000,6,0.6000,6,0.6000,0,0,0,0,0,0,0
12,TIMOB,Appcelerator,4673,2020-09-14 19:01:00,2020-09-25 19:01:00,28,0,11,0.3929,11,0.3929,11,0.3929,0,0,0,0,0,0,0
12,TIMOB,Appcelerator,4672,2020-09-28 14:30:47,2020-10-09 14:30:00,14,0,6,0.4286,6,0.4286,6,0.4286,0,0,0,0,0,0,0
12,TIMOB,Appcelerator,4671,2020-10-12 15:34:00,2020-10-23 15:34:00,13,0,2,0.1538,2,0.1538,2,0.1538,0,0,0,0,0,0,0
13,TISTUD,Appcelerator,4662,2013-09-09 22:34:05,2013-09-20 22:34:05,36,15,35,0.9722,35,0.9722,35,0.9722,1,1,1,1,1,1,1
13,TISTUD,Appcelerator,4661,2013-09-23 21:56:10,2013-10-07 00:01:10,17,2,13,0.7647,13,0.7647,13,0.7647,0,0,0,0,0,0,0
13,TISTUD,Appcelerator,4660,2013-10-08 00:24:28,2013-10-19 00:24:28,20,0,14,0.7000,14,0.7000,14,0.7000,0,0,0,0,0,0,0
13,TISTUD,Appcelerator,4659,2013-10-21 20:22:56,2013-11-03 21:23:56,56,4,54,0.9643,54,0.9643,54,0.9643,1,1,1,1,1,1,1
13,TISTUD,Appcelerator,4658,2013-11-04 23:11:22,2013-11-16 04:11:00,53,0,47,0.8868,47,0.8868,47,0.8868,1,1,0,0,0,0,0
13,TISTUD,Appcelerator,4657,2013-11-19 19:13:37,2013-12-01 19:13:37,20,0,15,0.7500,15,0.7500,16,0.8000,0,0,0,0,0,0,0
13,TISTUD,Appcelerator,4656,2013-12-02 22:12:56,2013-12-15 22:12:56,21,0,18,0.8571,18,0.8571,19,0.9048,1,1,0,0,1,0,0
13,TISTUD,Appcelerator,4653,2014-02-03 23:29:46,2014-02-16 23:29:46,10,0,8,0.8000,8,0.8000,8,0.8000,1,1,0,0,0,0,0
13,TISTUD,Appcelerator,4648,2014-04-28 15:43:24,2014-05-10 03:44:00,11,0,10,0.9091,10,0.9091,10,0.9091,1,1,1,1,1,0,1
13,TISTUD,Appcelerator,4644,2014-06-23 16:22:31,2014-07-04 00:00:00,16,1,6,0.3750,7,0.4375,8,0.5000,0,0,0,0,0,0,0
13,TISTUD,Appcelerator,4643,2014-07-07 21:58:33,2014-07-19 00:00:00,12,0,5,0.4167,5,0.4167,5,0.4167,0,0,0,0,0,0,0
13,TISTUD,Appcelerator,4641,2014-08-04 16:36:42,2014-08-16 01:36:00,11,0,5,0.4545,5,0.4545,5,0.4545,0,0,0,0,0,0,0
13,TISTUD,Appcelerator,4639,2014-09-02 16:08:00,2014-09-13 01:08:00,36,0,31,0.8611,32,0.8889,32,0.8889,1,1,0,0,0,0,0
13,TISTUD,Appcelerator,4638,2014-09-15 16:00:13,2014-09-27 01:00:00,27,0,20,0.7407,20,0.7407,20,0.7407,0,0,0,0,0,0,0
13,TISTUD,Appcelerator,4637,2014-09-29 17:05:08,2014-10-11 01:05:00,19,0,18,0.9474,18,0.9474,18,0.9474,1,1,1,1,1,0,1
13,TISTUD,Appcelerator,4636,2014-10-13 15:41:34,2014-10-25 01:41:00,19,0,15,0.7895,17,0.8947,17,0.8947,0,1,0,0,0,0,0
13,TISTUD,Appcelerator,4635,2014-10-27 15:59:36,2014-11-08 02:30:00,12,0,12,1.0000,12,1.0000,12,1.0000,1,1,1,1,1,1,1
13,TISTUD,Appcelerator,4633,2014-11-10 17:30:47,2014-11-22 02:30:00,15,1,13,0.8667,13,0.8667,13,0.8667,1,1,0,0,0,0,0
13,TISTUD,Appcelerator,4626,2015-03-14 13:54:24,2015-03-28 00:00:00,15,0,11,0.7333,12,0.8000,12,0.8000,0,1,0,0,0,0,0
13,TISTUD,Appcelerator,4625,2015-03-30 15:42:00,2015-04-11 03:42:00,27,5,24,0.8889,24,0.8889,24,0.8889,1,1,0,0,0,0,0
13,TISTUD,Appcelerator,4624,2015-04-11 00:00:57,2015-04-25 00:00:00,23,0,18,0.7826,18,0.7826,18,0.7826,0,0,0,0,0,0,0
13,TISTUD,Appcelerator,4623,2015-04-25 00:00:41,2015-05-09 00:00:00,15,2,15,1.0000,15,1.0000,15,1.0000,1,1,1,1,1,1,1
13,TISTUD,Appcelerator,4621,2015-05-23 02:20:40,2015-06-06 02:20:00,11,1,11,1.0000,11,1.0000,11,1.0000,1,1,1,1,1,1,1
13,TISTUD,Appcelerator,4618,2015-06-22 16:14:27,2015-07-04 01:14:00,19,2,17,0.8947,17,0.8947,17,0.8947,1,1,0,0,0,0,0
13,TISTUD,Appcelerator,4593,2015-10-26 16:25:53,2015-11-07 03:25:00,14,0,12,0.8571,12,0.8571,12,0.8571,1,1,0,0,0,0,0
13,TISTUD,Appcelerator,4599,2016-03-28 04:03:55,2016-04-08 04:03:00,57,14,14,0.2456,14,0.2456,14,0.2456,0,0,0,0,0,0,0
13,TISTUD,Appcelerator,4615,2018-02-25 19:38:09,2018-03-11 18:38:00,18,3,3,0.1667,3,0.1667,3,0.1667,0,0,0,0,0,0,0
23,BE,Hyperledger,2667,2018-06-18 11:02:08,2018-06-29 12:02:00,29,0,18,0.6207,29,1.0000,29,1.0000,0,1,0,1,1,1,1
23,BE,Hyperledger,2664,2018-08-13 11:30:34,2018-08-24 12:30:00,15,0,10,0.6667,15,1.0000,15,1.0000,0,1,0,1,1,1,1
23,BE,Hyperledger,2650,2019-02-11 15:01:56,2019-02-23 04:01:00,11,0,10,0.9091,10,0.9091,11,1.0000,1,1,1,1,1,0,1
23,BE,Hyperledger,2648,2019-03-11 13:00:00,2019-03-22 22:16:00,13,1,12,0.9231,12,0.9231,12,0.9231,1,1,1,1,1,0,1
23,BE,Hyperledger,2647,2019-03-25 12:38:52,2019-04-05 21:54:00,11,0,7,0.6364,11,1.0000,11,1.0000,0,1,0,1,1,1,1
23,BE,Hyperledger,2646,2019-04-08 12:41:00,2019-04-19 21:57:00,13,0,12,0.9231,12,0.9231,12,0.9231,1,1,1,1,1,0,1
23,BE,Hyperledger,2645,2019-04-22 13:00:24,2019-05-03 22:27:00,23,0,23,1.0000,23,1.0000,23,1.0000,1,1,1,1,1,1,1
23,BE,Hyperledger,2644,2019-05-06 12:00:00,2019-05-17 21:27:00,11,0,11,1.0000,11,1.0000,11,1.0000,1,1,1,1,1,1,1
23,BE,Hyperledger,2643,2019-05-20 12:00:00,2019-06-01 03:06:00,13,0,13,1.0000,13,1.0000,13,1.0000,1,1,1,1,1,1,1
23,BE,Hyperledger,2642,2019-06-03 12:00:00,2019-06-14 22:20:00,10,0,5,0.5000,10,1.0000,10,1.0000,0,1,0,1,1,1,1
23,BE,Hyperledger,2636,2019-11-11 13:48:15,2019-11-23 01:48:00,10,0,10,1.0000,10,1.0000,10,1.0000,1,1,1,1,1,1,1
23,BE,Hyperledger,2635,2019-11-25 13:20:00,2019-12-06 22:20:00,10,4,9,0.9000,10,1.0000,10,1.0000,1,1,1,1,1,1,1
23,BE,Hyperledger,2631,2020-08-23 05:54:00,2020-09-30 05:54:00,21,6,21,1.0000,21,1.0000,21,1.0000,1,1,1,1,1,1,1
24,FAB,Hyperledger,2880,2016-10-10 08:00:55,2016-10-21 23:59:00,11,0,1,0.0909,1,0.0909,1,0.0909,0,0,0,0,0,0,0
24,FAB,Hyperledger,2807,2016-11-07 08:00:23,2016-11-19 23:59:00,47,2,11,0.2340,13,0.2766,13,0.2766,0,0,0,0,0,0,0
24,FAB,Hyperledger,2850,2016-11-07 08:00:29,2016-11-20 23:59:00,16,0,0,0.0000,0,0.0000,0,0.0000,0,0,0,0,0,0,0
24,FAB,Hyperledger,2844,2016-12-05 08:00:57,2016-12-16 23:59:00,17,0,9,0.5294,10,0.5882,10,0.5882,0,0,0,0,0,0,0
24,FAB,Hyperledger,2785,2017-01-02 08:00:44,2017-01-13 23:59:00,15,6,6,0.4000,6,0.4000,6,0.4000,0,0,0,0,0,0,0
24,FAB,Hyperledger,2840,2017-01-02 08:00:55,2017-01-13 23:59:00,33,2,26,0.7879,27,0.8182,27,0.8182,0,1,0,0,0,0,0
24,FAB,Hyperledger,2793,2017-01-16 08:00:27,2017-01-27 23:59:00,28,0,3,0.1071,3,0.1071,3,0.1071,0,0,0,0,0,0,0
24,FAB,Hyperledger,2802,2017-01-16 08:00:31,2017-01-27 23:59:00,47,1,7,0.1489,7,0.1489,8,0.1702,0,0,0,0,0,0,0
24,FAB,Hyperledger,2815,2017-01-16 08:00:56,2017-01-27 23:59:00,11,0,0,0.0000,0,0.0000,0,0.0000,0,0,0,0,0,0,0
24,FAB,Hyperledger,2830,2017-01-30 08:00:07,2017-02-13 08:00:00,12,0,4,0.3333,6,0.5000,7,0.5833,0,0,0,0,0,0,0
24,FAB,Hyperledger,2820,2017-01-30 20:00:10,2017-02-13 20:00:00,77,0,0,0.0000,0,0.0000,1,0.0130,0,0,0,0,0,0,0
24,FAB,Hyperledger,2776,2017-02-13 08:00:36,2017-02-27 21:23:00,14,0,5,0.3571,5,0.3571,5,0.3571,0,0,0,0,0,0,0
24,FAB,Hyperledger,2822,2017-02-13 21:24:19,2017-02-27 21:24:00,18,0,3,0.1667,4,0.2222,6,0.3333,0,0,0,0,0,0,0
24,FAB,Hyperledger,2779,2017-02-27 08:00:51,2017-03-13 08:00:00,20,0,3,0.1500,3,0.1500,3,0.1500,0,0,0,0,0,0,0
24,FAB,Hyperledger,2795,2017-04-10 08:00:00,2017-04-24 08:00:00,22,0,0,0.0000,1,0.0455,3,0.1364,0,0,0,0,0,0,0
24,FAB,Hyperledger,2789,2017-05-01 08:00:56,2017-05-15 08:00:00,27,0,12,0.4444,12,0.4444,13,0.4815,0,0,0,0,0,0,0
24,FAB,Hyperledger,2770,2018-03-26 00:00:48,2018-04-09 00:00:00,12,0,7,0.5833,7,0.5833,7,0.5833,0,0,0,0,0,0,0
24,FAB,Hyperledger,2765,2018-05-07 01:58:01,2018-06-01 03:59:00,93,31,82,0.8817,84,0.9032,84,0.9032,1,1,0,1,1,0,0
24,FAB,Hyperledger,2763,2018-05-07 10:31:46,2018-06-01 03:59:00,20,1,7,0.3500,7,0.3500,7,0.3500,0,0,0,0,0,0,0
25,INDY,Hyperledger,2740,2017-08-03 08:00:32,2017-08-16 08:00:00,29,0,0,0.0000,0,0.0000,0,0.0000,0,0,0,0,0,0,0
25,INDY,Hyperledger,2739,2017-08-17 16:46:31,2017-08-30 16:46:00,24,0,0,0.0000,0,0.0000,0,0.0000,0,0,0,0,0,0,0
25,INDY,Hyperledger,2738,2017-08-31 12:28:02,2017-09-13 12:28:00,12,0,0,0.0000,0,0.0000,0,0.0000,0,0,0,0,0,0,0
25,INDY,Hyperledger,2736,2017-09-14 09:56:46,2017-09-28 09:56:00,25,0,0,0.0000,0,0.0000,0,0.0000,0,0,0,0,0,0,0
25,INDY,Hyperledger,2735,2017-09-28 08:34:10,2017-10-12 08:34:00,35,0,0,0.0000,0,0.0000,0,0.0000,0,0,0,0,0,0,0
25,INDY,Hyperledger,2734,2017-10-12 08:43:54,2017-10-26 08:43:00,10,0,0,0.0000,0,0.0000,0,0.0000,0,0,0,0,0,0,0
25,INDY,Hyperledger,2732,2017-11-09 07:50:13,2017-11-23 07:50:00,12,0,0,0.0000,0,0.0000,0,0.0000,0,0,0,0,0,0,0
25,INDY,Hyperledger,2730,2017-12-07 15:03:17,2017-12-21 15:03:00,12,0,0,0.0000,0,0.0000,0,0.0000,0,0,0,0,0,0,0
25,INDY,Hyperledger,2727,2018-02-01 08:07:35,2018-02-15 08:07:00,24,0,0,0.0000,0,0.0000,0,0.0000,0,0,0,0,0,0,0
25,INDY,Hyperledger,2725,2018-03-01 07:52:35,2018-03-15 07:52:00,25,0,0,0.0000,0,0.0000,0,0.0000,0,0,0,0,0,0,0
25,INDY,Hyperledger,2723,2018-03-29 08:36:04,2018-04-12 08:36:00,22,0,0,0.0000,0,0.0000,0,0.0000,0,0,0,0,0,0,0
25,INDY,Hyperledger,2720,2018-05-11 13:14:17,2018-05-25 13:14:00,10,0,0,0.0000,0,0.0000,0,0.0000,0,0,0,0,0,0,0
25,INDY,Hyperledger,2719,2018-05-25 13:33:40,2018-06-08 13:33:00,19,0,0,0.0000,0,0.0000,0,0.0000,0,0,0,0,0,0,0
25,INDY,Hyperledger,2718,2018-06-08 05:59:54,2018-06-22 05:59:00,16,0,0,0.0000,0,0.0000,0,0.0000,0,0,0,0,0,0,0
25,INDY,Hyperledger,2717,2018-06-22 14:45:07,2018-07-05 14:45:00,15,0,0,0.0000,0,0.0000,0,0.0000,0,0,0,0,0,0,0
25,INDY,Hyperledger,2716,2018-07-06 11:51:11,2018-07-19 11:51:00,26,0,0,0.0000,0,0.0000,0,0.0000,0,0,0,0,0,0,0
25,INDY,Hyperledger,2715,2018-07-20 13:48:39,2018-08-02 13:48:00,24,0,0,0.0000,0,0.0000,0,0.0000,0,0,0,0,0,0,0
25,INDY,Hyperledger,2714,2018-08-03 13:45:46,2018-08-16 13:45:00,21,0,0,0.0000,0,0.0000,0,0.0000,0,0,0,0,0,0,0
25,INDY,Hyperledger,2713,2018-08-17 13:59:25,2018-08-30 13:59:00,24,0,0,0.0000,0,0.0000,0,0.0000,0,0,0,0,0,0,0
25,INDY,Hyperledger,2712,2018-08-31 14:01:25,2018-09-13 14:01:00,21,0,0,0.0000,0,0.0000,0,0.0000,0,0,0,0,0,0,0
25,INDY,Hyperledger,2710,2018-09-28 14:40:13,2018-10-12 14:40:00,23,0,0,0.0000,0,0.0000,0,0.0000,0,0,0,0,0,0,0
25,INDY,Hyperledger,2708,2018-10-26 13:36:39,2018-11-09 13:36:00,21,0,0,0.0000,0,0.0000,0,0.0000,0,0,0,0,0,0,0
25,INDY,Hyperledger,2707,2018-11-09 14:47:19,2018-11-22 14:47:00,19,0,0,0.0000,0,0.0000,0,0.0000,0,0,0,0,0,0,0
25,INDY,Hyperledger,2706,2018-11-23 09:15:53,2018-12-06 09:15:00,28,0,0,0.0000,0,0.0000,0,0.0000,0,0,0,0,0,0,0
25,INDY,Hyperledger,2705,2018-12-07 14:52:03,2018-12-20 14:52:00,23,0,0,0.0000,0,0.0000,0,0.0000,0,0,0,0,0,0,0
25,INDY,Hyperledger,2703,2019-01-18 15:02:24,2019-01-31 15:02:00,12,0,0,0.0000,0,0.0000,0,0.0000,0,0,0,0,0,0,0
25,INDY,Hyperledger,2702,2019-02-01 14:16:13,2019-02-15 14:16:00,11,0,0,0.0000,0,0.0000,0,0.0000,0,0,0,0,0,0,0
25,INDY,Hyperledger,2701,2019-02-15 14:44:34,2019-03-01 14:44:00,10,0,0,0.0000,0,0.0000,0,0.0000,0,0,0,0,0,0,0
25,INDY,Hyperledger,2697,2019-04-12 14:01:05,2019-04-26 14:01:00,12,0,10,0.8333,10,0.8333,10,0.8333,1,1,0,0,0,0,0
25,INDY,Hyperledger,2695,2019-05-13 13:45:53,2019-05-24 13:45:00,13,0,8,0.6154,9,0.6923,9,0.6923,0,0,0,0,0,0,0
25,INDY,Hyperledger,2694,2019-05-24 14:21:48,2019-06-07 14:21:00,15,0,12,0.8000,13,0.8667,13,0.8667,1,1,0,0,0,0,0
25,INDY,Hyperledger,2693,2019-06-07 14:00:45,2019-06-21 14:00:00,13,0,12,0.9231,13,1.0000,13,1.0000,1,1,1,1,1,1,1
25,INDY,Hyperledger,2690,2019-07-22 14:03:58,2019-08-02 14:03:00,10,0,8,0.8000,8,0.8000,8,0.8000,1,1,0,0,0,0,0
25,INDY,Hyperledger,2689,2019-08-02 14:04:26,2019-08-16 14:04:00,10,0,7,0.7000,9,0.9000,9,0.9000,0,1,0,1,1,0,1
25,INDY,Hyperledger,2688,2019-08-16 16:09:48,2019-08-30 16:09:00,12,0,5,0.4167,5,0.4167,5,0.4167,0,0,0,0,0,0,0
25,INDY,Hyperledger,2683,2019-10-25 14:31:38,2019-11-08 14:31:00,10,0,8,0.8000,8,0.8000,8,0.8000,1,1,0,0,0,0,0
25,INDY,Hyperledger,2682,2019-11-08 16:10:18,2019-11-22 16:10:00,11,0,6,0.5455,6,0.5455,6,0.5455,0,0,0,0,0,0,0
25,INDY,Hyperledger,2678,2019-12-20 14:58:41,2020-01-17 14:58:00,10,0,10,1.0000,10,1.0000,10,1.0000,1,1,1,1,1,1,1
26,IS,Hyperledger,2624,2017-08-15 16:14:31,2017-08-30 16:14:00,27,0,21,0.7778,21,0.7778,21,0.7778,0,0,0,0,0,0,0
26,IS,Hyperledger,2623,2017-08-31 16:34:20,2017-09-13 16:34:00,15,1,7,0.4667,8,0.5333,8,0.5333,0,0,0,0,0,0,0
26,IS,Hyperledger,2621,2017-09-28 13:40:13,2017-10-12 13:40:00,15,0,10,0.6667,10,0.6667,10,0.6667,0,0,0,0,0,0,0
26,IS,Hyperledger,2619,2017-10-26 12:31:14,2017-11-09 12:31:00,15,0,13,0.8667,13,0.8667,13,0.8667,1,1,0,0,0,0,0
26,IS,Hyperledger,2609,2018-03-15 20:51:04,2018-03-29 20:51:00,14,0,3,0.2143,3,0.2143,3,0.2143,0,0,0,0,0,0,0
26,IS,Hyperledger,2607,2018-04-12 13:22:45,2018-04-26 13:22:00,21,0,15,0.7143,17,0.8095,17,0.8095,0,1,0,0,0,0,0
26,IS,Hyperledger,2604,2018-05-11 13:14:17,2018-05-25 13:14:00,28,0,19,0.6786,21,0.7500,21,0.7500,0,0,0,0,0,0,0
26,IS,Hyperledger,2603,2018-05-25 13:24:54,2018-06-08 13:24:00,15,0,12,0.8000,12,0.8000,12,0.8000,1,1,0,0,0,0,0
26,IS,Hyperledger,2601,2018-06-08 13:08:49,2018-06-22 13:08:00,16,0,13,0.8125,13,0.8125,13,0.8125,1,1,0,0,0,0,0
26,IS,Hyperledger,2597,2018-08-03 13:52:58,2018-08-16 13:52:00,23,0,21,0.9130,21,0.9130,21,0.9130,1,1,1,1,1,0,1
26,IS,Hyperledger,2593,2018-09-28 15:29:02,2018-10-12 15:29:00,20,0,16,0.8000,16,0.8000,16,0.8000,1,1,0,0,0,0,0
26,IS,Hyperledger,2592,2018-10-12 15:25:28,2018-10-26 15:25:00,13,0,9,0.6923,9,0.6923,9,0.6923,0,0,0,0,0,0,0
26,IS,Hyperledger,2590,2018-11-09 14:29:55,2018-11-22 14:29:00,17,0,7,0.4118,8,0.4706,8,0.4706,0,0,0,0,0,0,0
26,IS,Hyperledger,2589,2018-11-23 09:06:18,2018-12-09 09:06:00,18,1,16,0.8889,16,0.8889,16,0.8889,1,1,0,0,0,0,0
26,IS,Hyperledger,2588,2018-12-07 14:30:59,2018-12-21 14:30:00,11,0,8,0.7273,8,0.7273,8,0.7273,0,0,0,0,0,0,0
26,IS,Hyperledger,2586,2019-01-18 14:28:49,2019-01-31 14:28:00,11,0,9,0.8182,11,1.0000,11,1.0000,1,1,0,1,1,1,1
26,IS,Hyperledger,2585,2019-02-01 13:55:31,2019-02-15 13:55:00,10,0,6,0.6000,6,0.6000,6,0.6000,0,0,0,0,0,0,0
26,IS,Hyperledger,2584,2019-02-15 14:19:07,2019-03-01 14:19:00,17,0,10,0.5882,10,0.5882,10,0.5882,0,0,0,0,0,0,0
26,IS,Hyperledger,2571,2019-08-16 09:35:27,2019-08-30 09:35:00,11,0,6,0.5455,8,0.7273,8,0.7273,0,0,0,0,0,0,0
27,STL,Hyperledger,2549,2017-07-24 15:36:06,2017-08-07 15:36:00,14,0,3,0.2143,3,0.2143,3,0.2143,0,0,0,0,0,0,0
27,STL,Hyperledger,2548,2017-08-07 15:47:17,2017-08-21 15:47:00,17,0,4,0.2353,4,0.2353,5,0.2941,0,0,0,0,0,0,0
27,STL,Hyperledger,2547,2017-08-28 15:21:10,2017-09-11 15:21:00,36,0,14,0.3889,19,0.5278,19,0.5278,0,0,0,0,0,0,0
27,STL,Hyperledger,2546,2017-09-11 16:08:40,2017-09-25 16:08:00,34,0,11,0.3235,14,0.4118,16,0.4706,0,0,0,0,0,0,0
27,STL,Hyperledger,2545,2017-10-02 16:15:18,2017-10-16 16:15:00,22,0,14,0.6364,17,0.7727,19,0.8636,0,0,0,0,0,0,0
27,STL,Hyperledger,2544,2017-10-16 19:20:03,2017-10-30 19:20:00,46,0,27,0.5870,27,0.5870,28,0.6087,0,0,0,0,0,0,0
27,STL,Hyperledger,2543,2017-10-30 19:49:56,2017-11-27 19:49:00,51,0,41,0.8039,41,0.8039,42,0.8235,1,1,0,0,0,0,0
27,STL,Hyperledger,2542,2017-11-27 18:03:33,2017-12-26 18:03:00,61,0,47,0.7705,48,0.7869,52,0.8525,0,0,0,0,0,0,0
27,STL,Hyperledger,2541,2018-01-09 18:49:36,2018-01-31 18:49:00,52,1,25,0.4808,27,0.5192,27,0.5192,0,0,0,0,0,0,0
27,STL,Hyperledger,2540,2018-02-01 19:35:26,2018-02-28 19:35:00,28,0,21,0.7500,21,0.7500,22,0.7857,0,0,0,0,0,0,0
27,STL,Hyperledger,2539,2018-03-01 16:52:28,2018-03-30 16:52:00,38,0,21,0.5526,24,0.6316,24,0.6316,0,0,0,0,0,0,0
27,STL,Hyperledger,2538,2018-04-02 16:40:26,2018-04-30 16:40:00,47,0,26,0.5532,26,0.5532,26,0.5532,0,0,0,0,0,0,0
27,STL,Hyperledger,2537,2018-05-01 16:42:31,2018-05-31 16:42:00,46,0,21,0.4565,22,0.4783,24,0.5217,0,0,0,0,0,0,0
27,STL,Hyperledger,2536,2018-06-04 19:45:22,2018-06-29 19:45:00,42,0,25,0.5952,29,0.6905,29,0.6905,0,0,0,0,0,0,0
27,STL,Hyperledger,2534,2018-08-07 16:25:04,2018-08-31 16:25:00,18,0,16,0.8889,18,1.0000,18,1.0000,1,1,0,1,1,1,1
27,STL,Hyperledger,2533,2018-09-05 16:17:59,2018-09-28 16:17:00,49,0,46,0.9388,48,0.9796,48,0.9796,1,1,1,1,1,1,1
28,DM,Lsstcorp,3264,2014-07-30 21:21:11,2014-08-29 21:21:00,10,0,8,0.8000,8,0.8000,8,0.8000,1,1,0,0,0,0,0
28,DM,Lsstcorp,3260,2014-09-02 16:59:46,2014-10-01 00:00:00,12,2,12,1.0000,12,1.0000,12,1.0000,1,1,1,1,1,1,1
28,DM,Lsstcorp,3258,2014-10-01 22:57:21,2014-10-31 22:57:00,16,0,14,0.8750,14,0.8750,14,0.8750,1,1,0,0,0,0,0
28,DM,Lsstcorp,3257,2014-10-06 14:00:09,2014-11-01 03:00:00,24,0,17,0.7083,17,0.7083,19,0.7917,0,0,0,0,0,0,0
28,DM,Lsstcorp,3255,2014-11-02 04:15:18,2014-12-02 04:15:00,24,0,18,0.7500,19,0.7917,19,0.7917,0,0,0,0,0,0,0
28,DM,Lsstcorp,3254,2014-11-03 15:00:41,2014-12-01 15:00:00,18,0,16,0.8889,16,0.8889,16,0.8889,1,1,0,0,0,0,0
28,DM,Lsstcorp,3251,2014-12-01 17:54:50,2014-12-31 17:54:00,24,0,15,0.6250,15,0.6250,15,0.6250,0,0,0,0,0,0,0
28,DM,Lsstcorp,3249,2014-12-01 18:54:58,2015-01-05 15:00:00,21,0,9,0.4286,9,0.4286,9,0.4286,0,0,0,0,0,0,0
28,DM,Lsstcorp,3253,2014-12-01 21:00:24,2014-12-15 21:00:00,12,0,5,0.4167,5,0.4167,5,0.4167,0,0,0,0,0,0,0
28,DM,Lsstcorp,3252,2014-12-15 20:53:47,2015-01-05 20:53:00,11,0,6,0.5455,6,0.5455,6,0.5455,0,0,0,0,0,0,0
28,DM,Lsstcorp,3243,2015-01-05 17:44:25,2015-01-30 17:44:00,34,0,20,0.5882,20,0.5882,20,0.5882,0,0,0,0,0,0,0
28,DM,Lsstcorp,3161,2015-01-05 22:02:28,2015-02-06 22:02:00,35,0,20,0.5714,20,0.5714,21,0.6000,0,0,0,0,0,0,0
28,DM,Lsstcorp,3240,2015-02-03 19:42:09,2015-02-28 19:42:00,23,3,22,0.9565,22,0.9565,22,0.9565,1,1,1,1,1,1,1
28,DM,Lsstcorp,3237,2015-02-27 23:29:45,2015-04-01 00:00:00,46,3,36,0.7826,37,0.8043,38,0.8261,0,1,0,0,0,0,0
28,DM,Lsstcorp,3239,2015-03-02 13:50:35,2015-03-27 22:00:00,21,0,7,0.3333,8,0.3810,9,0.4286,0,0,0,0,0,0,0
28,DM,Lsstcorp,3235,2015-03-30 12:51:06,2015-05-01 21:00:00,31,1,22,0.7097,22,0.7097,22,0.7097,0,0,0,0,0,0,0
28,DM,Lsstcorp,3236,2015-04-01 20:46:15,2015-04-30 20:46:00,35,1,19,0.5429,23,0.6571,23,0.6571,0,0,0,0,0,0,0
28,DM,Lsstcorp,3234,2015-05-01 16:11:50,2015-06-01 16:00:00,44,2,37,0.8409,39,0.8864,39,0.8864,1,1,0,0,0,0,0
28,DM,Lsstcorp,3233,2015-05-04 12:00:59,2015-06-01 12:00:00,15,0,7,0.4667,8,0.5333,8,0.5333,0,0,0,0,0,0,0
28,DM,Lsstcorp,3231,2015-05-30 20:53:06,2015-07-01 00:00:00,41,0,23,0.5610,24,0.5854,26,0.6341,0,0,0,0,0,0,0
28,DM,Lsstcorp,3232,2015-06-02 19:04:01,2015-06-29 12:00:00,27,1,17,0.6296,17,0.6296,17,0.6296,0,0,0,0,0,0,0
28,DM,Lsstcorp,3229,2015-06-29 19:04:07,2015-07-31 21:00:00,34,0,19,0.5588,19,0.5588,19,0.5588,0,0,0,0,0,0,0
28,DM,Lsstcorp,3230,2015-07-04 18:18:43,2015-08-01 21:25:00,25,2,17,0.6800,17,0.6800,17,0.6800,0,0,0,0,0,0,0
28,DM,Lsstcorp,3227,2015-08-01 04:30:25,2015-09-01 00:00:00,28,1,25,0.8929,25,0.8929,26,0.9286,1,1,0,0,1,0,0
28,DM,Lsstcorp,3228,2015-08-03 01:28:13,2015-09-01 03:59:00,24,0,19,0.7917,19,0.7917,19,0.7917,0,0,0,0,0,0,0
28,DM,Lsstcorp,3222,2015-09-01 12:00:00,2015-09-30 21:00:00,33,2,21,0.6364,21,0.6364,22,0.6667,0,0,0,0,0,0,0
28,DM,Lsstcorp,3225,2015-09-01 16:00:00,2015-10-01 00:00:00,40,2,35,0.8750,35,0.8750,35,0.8750,1,1,0,0,0,0,0
28,DM,Lsstcorp,3224,2015-10-01 13:00:18,2015-10-30 22:00:00,15,0,10,0.6667,10,0.6667,10,0.6667,0,0,0,0,0,0,0
28,DM,Lsstcorp,3223,2015-10-01 15:00:00,2015-10-31 00:00:00,34,2,24,0.7059,24,0.7059,24,0.7059,0,0,0,0,0,0,0
28,DM,Lsstcorp,3221,2015-11-01 06:15:31,2015-12-01 01:18:00,27,0,15,0.5556,16,0.5926,17,0.6296,0,0,0,0,0,0,0
28,DM,Lsstcorp,3220,2015-11-01 21:39:50,2015-12-01 04:00:00,23,0,13,0.5652,13,0.5652,13,0.5652,0,0,0,0,0,0,0
28,DM,Lsstcorp,3219,2015-12-01 06:22:40,2016-01-01 01:25:00,34,0,12,0.3529,12,0.3529,12,0.3529,0,0,0,0,0,0,0
28,DM,Lsstcorp,3217,2015-12-01 21:49:17,2016-01-15 21:49:00,18,0,17,0.9444,17,0.9444,17,0.9444,1,1,1,1,1,0,1
28,DM,Lsstcorp,3216,2016-01-04 07:04:42,2016-01-30 01:00:00,30,0,20,0.6667,20,0.6667,20,0.6667,0,0,0,0,0,0,0
28,DM,Lsstcorp,3215,2016-01-04 11:48:28,2016-01-31 23:55:00,16,0,15,0.9375,16,1.0000,16,1.0000,1,1,1,1,1,1,1
28,DM,Lsstcorp,3214,2016-01-19 17:53:25,2016-01-31 17:53:00,13,2,13,1.0000,13,1.0000,13,1.0000,1,1,1,1,1,1,1
28,DM,Lsstcorp,3211,2016-02-01 16:51:34,2016-03-01 04:58:00,67,0,31,0.4627,31,0.4627,33,0.4925,0,0,0,0,0,0,0
28,DM,Lsstcorp,3213,2016-02-01 17:10:21,2016-02-29 17:10:00,26,0,24,0.9231,26,1.0000,26,1.0000,1,1,1,1,1,1,1
28,DM,Lsstcorp,3212,2016-02-01 18:44:02,2016-03-01 01:00:00,30,4,13,0.4333,15,0.5000,15,0.5000,0,0,0,0,0,0,0
28,DM,Lsstcorp,3208,2016-03-01 14:55:00,2016-04-01 05:55:00,23,0,23,1.0000,23,1.0000,23,1.0000,1,1,1,1,1,1,1
28,DM,Lsstcorp,3206,2016-03-02 00:09:39,2016-03-29 23:09:00,30,0,19,0.6333,21,0.7000,21,0.7000,0,0,0,0,0,0,0
28,DM,Lsstcorp,3209,2016-03-02 14:00:00,2016-03-16 03:59:00,23,0,21,0.9130,21,0.9130,22,0.9565,1,1,1,1,1,0,1
28,DM,Lsstcorp,3210,2016-03-03 05:10:19,2016-03-16 00:00:00,16,0,4,0.2500,6,0.3750,7,0.4375,0,0,0,0,0,0,0
28,DM,Lsstcorp,3205,2016-03-16 13:00:00,2016-04-01 03:59:00,22,2,11,0.5000,12,0.5455,12,0.5455,0,0,0,0,0,0,0
28,DM,Lsstcorp,3204,2016-04-01 01:16:33,2016-05-01 06:59:00,20,0,10,0.5000,12,0.6000,12,0.6000,0,0,0,0,0,0,0
28,DM,Lsstcorp,3201,2016-04-01 13:00:00,2016-05-01 03:59:00,38,0,23,0.6053,23,0.6053,23,0.6053,0,0,0,0,0,0,0
28,DM,Lsstcorp,3202,2016-04-01 15:31:33,2016-05-01 06:31:00,35,0,33,0.9429,35,1.0000,35,1.0000,1,1,1,1,1,1,1
28,DM,Lsstcorp,3203,2016-04-01 23:27:15,2016-04-29 22:27:00,16,1,8,0.5000,8,0.5000,8,0.5000,0,0,0,0,0,0,0
28,DM,Lsstcorp,3196,2016-05-01 18:00:57,2016-05-31 22:00:00,48,3,35,0.7292,36,0.7500,38,0.7917,0,0,0,0,0,0,0
28,DM,Lsstcorp,3200,2016-05-02 07:00:28,2016-06-01 07:00:00,18,0,13,0.7222,15,0.8333,16,0.8889,0,1,0,0,0,0,0
28,DM,Lsstcorp,3199,2016-05-03 17:12:33,2016-05-31 16:12:00,21,1,12,0.5714,13,0.6190,13,0.6190,0,0,0,0,0,0,0
28,DM,Lsstcorp,3192,2016-06-01 03:30:29,2016-06-30 18:30:00,19,0,19,1.0000,19,1.0000,19,1.0000,1,1,1,1,1,1,1
28,DM,Lsstcorp,3194,2016-06-01 07:00:48,2016-07-01 06:59:00,12,0,5,0.4167,6,0.5000,6,0.5000,0,0,0,0,0,0,0
28,DM,Lsstcorp,3191,2016-06-01 12:25:35,2016-07-01 00:00:00,35,1,23,0.6571,25,0.7143,25,0.7143,0,0,0,0,0,0,0
28,DM,Lsstcorp,3193,2016-06-02 16:49:28,2016-06-30 19:37:00,18,2,11,0.6111,12,0.6667,12,0.6667,0,0,0,0,0,0,0
28,DM,Lsstcorp,3189,2016-07-01 06:56:35,2016-07-31 21:56:00,20,0,20,1.0000,20,1.0000,20,1.0000,1,1,1,1,1,1,1
28,DM,Lsstcorp,3187,2016-07-01 13:11:04,2016-08-01 03:00:00,63,23,49,0.7778,50,0.7937,51,0.8095,0,0,0,0,0,0,0
28,DM,Lsstcorp,3188,2016-07-05 14:56:11,2016-08-04 14:55:00,22,0,16,0.7273,16,0.7273,16,0.7273,0,0,0,0,0,0,0
28,DM,Lsstcorp,3190,2016-07-07 06:58:49,2016-08-04 09:46:00,24,0,15,0.6250,15,0.6250,15,0.6250,0,0,0,0,0,0,0
28,DM,Lsstcorp,3183,2016-08-01 12:00:46,2016-09-01 03:00:00,58,3,43,0.7414,45,0.7759,47,0.8103,0,0,0,0,0,0,0
28,DM,Lsstcorp,3184,2016-08-01 15:33:25,2016-09-02 06:33:00,61,0,35,0.5738,36,0.5902,36,0.5902,0,0,0,0,0,0,0
28,DM,Lsstcorp,3186,2016-08-02 21:58:31,2016-09-01 00:46:00,11,0,8,0.7273,8,0.7273,8,0.7273,0,0,0,0,0,0,0
28,DM,Lsstcorp,3185,2016-08-03 01:43:15,2016-09-01 06:59:00,25,0,14,0.5600,14,0.5600,15,0.6000,0,0,0,0,0,0,0
28,DM,Lsstcorp,3179,2016-09-01 07:00:04,2016-10-01 06:59:00,22,0,5,0.2273,5,0.2273,6,0.2727,0,0,0,0,0,0,0
28,DM,Lsstcorp,3181,2016-09-01 13:35:19,2016-10-02 04:35:00,60,0,52,0.8667,52,0.8667,52,0.8667,1,1,0,0,0,0,0
28,DM,Lsstcorp,3180,2016-09-01 22:04:19,2016-10-01 03:00:00,43,0,25,0.5814,25,0.5814,28,0.6512,0,0,0,0,0,0,0
28,DM,Lsstcorp,3182,2016-09-02 18:11:29,2016-10-01 20:59:00,30,0,18,0.6000,18,0.6000,18,0.6000,0,0,0,0,0,0,0
28,DM,Lsstcorp,3177,2016-10-01 18:21:37,2016-11-01 06:59:00,32,0,14,0.4375,15,0.4688,15,0.4688,0,0,0,0,0,0,0
28,DM,Lsstcorp,3171,2016-10-03 19:23:01,2016-11-01 03:59:00,35,0,24,0.6857,26,0.7429,26,0.7429,0,0,0,0,0,0,0
28,DM,Lsstcorp,3178,2016-10-04 23:03:32,2016-11-01 01:51:00,29,4,16,0.5517,18,0.6207,19,0.6552,0,0,0,0,0,0,0
28,DM,Lsstcorp,3174,2016-11-01 12:00:02,2016-12-01 04:59:00,45,0,31,0.6889,32,0.7111,32,0.7111,0,0,0,0,0,0,0
28,DM,Lsstcorp,3176,2016-11-01 18:28:50,2016-11-30 21:16:00,16,1,6,0.3750,7,0.4375,7,0.4375,0,0,0,0,0,0,0
28,DM,Lsstcorp,3170,2016-11-02 11:52:49,2016-12-01 00:30:00,35,2,28,0.8000,28,0.8000,28,0.8000,1,1,0,0,0,0,0
28,DM,Lsstcorp,3169,2016-12-01 08:00:01,2017-01-01 07:59:00,11,0,2,0.1818,2,0.1818,2,0.1818,0,0,0,0,0,0,0
28,DM,Lsstcorp,3167,2016-12-01 15:18:57,2016-12-30 03:56:00,29,1,16,0.5517,16,0.5517,16,0.5517,0,0,0,0,0,0,0
28,DM,Lsstcorp,3168,2016-12-01 16:00:00,2017-01-01 04:59:00,36,0,21,0.5833,21,0.5833,22,0.6111,0,0,0,0,0,0,0
28,DM,Lsstcorp,3166,2016-12-02 17:53:10,2016-12-31 00:38:00,33,0,23,0.6970,23,0.6970,23,0.6970,0,0,0,0,0,0,0
28,DM,Lsstcorp,3162,2017-01-01 08:00:53,2017-02-01 07:59:00,32,1,12,0.3750,12,0.3750,12,0.3750,0,0,0,0,0,0,0
28,DM,Lsstcorp,3163,2017-01-01 11:38:03,2017-02-01 04:59:00,44,0,29,0.6591,32,0.7273,32,0.7273,0,0,0,0,0,0,0
28,DM,Lsstcorp,3165,2017-01-03 17:55:06,2017-02-01 06:33:00,26,0,13,0.5000,14,0.5385,16,0.6154,0,0,0,0,0,0,0
28,DM,Lsstcorp,3164,2017-01-04 03:02:32,2017-02-01 09:47:00,34,5,23,0.6765,24,0.7059,24,0.7059,0,0,0,0,0,0,0
28,DM,Lsstcorp,3159,2017-02-01 14:00:00,2017-03-01 04:59:00,88,4,63,0.7159,65,0.7386,67,0.7614,0,0,0,0,0,0,0
28,DM,Lsstcorp,3160,2017-02-02 01:26:31,2017-03-01 14:04:00,55,0,44,0.8000,49,0.8909,49,0.8909,1,1,0,0,0,0,0
28,DM,Lsstcorp,3158,2017-02-02 05:17:57,2017-03-02 12:02:00,39,0,26,0.6667,26,0.6667,26,0.6667,0,0,0,0,0,0,0
28,DM,Lsstcorp,3156,2017-03-01 13:40:53,2017-04-01 03:59:00,57,3,41,0.7193,41,0.7193,41,0.7193,0,0,0,0,0,0,0
28,DM,Lsstcorp,3146,2017-03-01 17:09:36,2017-03-29 05:47:00,47,2,28,0.5957,29,0.6170,29,0.6170,0,0,0,0,0,0,0
28,DM,Lsstcorp,3157,2017-03-08 16:43:57,2017-04-08 23:28:00,35,2,25,0.7143,25,0.7143,25,0.7143,0,0,0,0,0,0,0
28,DM,Lsstcorp,3152,2017-04-01 07:00:41,2017-05-01 06:59:00,18,0,9,0.5000,11,0.6111,12,0.6667,0,0,0,0,0,0,0
28,DM,Lsstcorp,3151,2017-04-02 00:17:52,2017-04-30 07:02:00,23,0,11,0.4783,11,0.4783,14,0.6087,0,0,0,0,0,0,0
28,DM,Lsstcorp,3153,2017-04-03 10:00:00,2017-04-29 03:59:00,69,4,49,0.7101,49,0.7101,51,0.7391,0,0,0,0,0,0,0
28,DM,Lsstcorp,3154,2017-04-05 23:36:56,2017-05-01 06:21:00,28,2,16,0.5714,16,0.5714,18,0.6429,0,0,0,0,0,0,0
28,DM,Lsstcorp,3147,2017-05-01 10:00:00,2017-05-31 22:00:00,56,1,22,0.3929,22,0.3929,25,0.4464,0,0,0,0,0,0,0
28,DM,Lsstcorp,3150,2017-05-01 19:05:28,2017-06-01 01:50:00,26,0,22,0.8462,23,0.8846,23,0.8846,1,1,0,0,0,0,0
28,DM,Lsstcorp,3148,2017-05-01 23:42:52,2017-06-01 06:27:00,24,0,19,0.7917,19,0.7917,19,0.7917,0,0,0,0,0,0,0
28,DM,Lsstcorp,3149,2017-05-02 06:19:28,2017-06-01 06:18:00,31,0,24,0.7742,24,0.7742,24,0.7742,0,0,0,0,0,0,0
28,DM,Lsstcorp,3142,2017-06-01 07:00:20,2017-07-01 06:59:00,31,0,16,0.5161,21,0.6774,21,0.6774,0,0,0,0,0,0,0
28,DM,Lsstcorp,3145,2017-06-02 20:00:05,2017-07-01 02:45:00,31,2,20,0.6452,20,0.6452,20,0.6452,0,0,0,0,0,0,0
28,DM,Lsstcorp,3143,2017-06-09 16:36:11,2017-06-30 22:00:00,63,6,32,0.5079,32,0.5079,32,0.5079,0,0,0,0,0,0,0
28,DM,Lsstcorp,3141,2017-07-05 01:56:50,2017-08-01 00:41:00,15,0,11,0.7333,11,0.7333,11,0.7333,0,0,0,0,0,0,0
28,DM,Lsstcorp,3138,2017-07-05 22:00:13,2017-07-31 21:59:00,16,1,9,0.5625,9,0.5625,9,0.5625,0,0,0,0,0,0,0
28,DM,Lsstcorp,3139,2017-07-05 22:17:50,2017-08-01 05:02:00,25,2,15,0.6000,16,0.6400,17,0.6800,0,0,0,0,0,0,0
28,DM,Lsstcorp,3140,2017-07-12 13:27:10,2017-08-01 03:00:00,28,5,24,0.8571,26,0.9286,26,0.9286,1,1,0,1,1,0,1
28,DM,Lsstcorp,3135,2017-08-01 13:22:19,2017-09-01 03:00:00,55,5,26,0.4727,26,0.4727,26,0.4727,0,0,0,0,0,0,0
28,DM,Lsstcorp,3136,2017-08-01 14:05:58,2017-09-01 03:50:00,24,0,12,0.5000,13,0.5417,13,0.5417,0,0,0,0,0,0,0
28,DM,Lsstcorp,3137,2017-08-01 18:56:12,2017-09-01 01:41:00,21,0,11,0.5238,12,0.5714,13,0.6190,0,0,0,0,0,0,0
28,DM,Lsstcorp,3134,2017-08-04 23:50:36,2017-09-01 04:59:00,22,0,14,0.6364,14,0.6364,15,0.6818,0,0,0,0,0,0,0
28,DM,Lsstcorp,3131,2017-09-01 05:00:51,2017-10-01 04:59:00,24,0,12,0.5000,12,0.5000,13,0.5417,0,0,0,0,0,0,0
28,DM,Lsstcorp,3132,2017-09-01 15:04:56,2017-10-01 04:49:00,12,1,6,0.5000,7,0.5833,7,0.5833,0,0,0,0,0,0,0
28,DM,Lsstcorp,3129,2017-09-05 14:39:09,2017-09-30 03:00:00,57,1,26,0.4561,26,0.4561,26,0.4561,0,0,0,0,0,0,0
28,DM,Lsstcorp,3133,2017-09-08 00:59:55,2017-09-30 03:00:00,31,1,9,0.2903,9,0.2903,9,0.2903,0,0,0,0,0,0,0
28,DM,Lsstcorp,3120,2017-10-01 05:00:27,2017-11-01 04:59:00,36,0,10,0.2778,11,0.3056,11,0.3056,0,0,0,0,0,0,0
28,DM,Lsstcorp,3130,2017-10-02 03:12:47,2017-11-01 04:57:00,13,0,6,0.4615,6,0.4615,6,0.4615,0,0,0,0,0,0,0
28,DM,Lsstcorp,3127,2017-10-03 18:33:56,2017-11-01 03:30:00,28,1,12,0.4286,14,0.5000,14,0.5000,0,0,0,0,0,0,0
28,DM,Lsstcorp,3128,2017-10-04 14:00:26,2017-10-27 21:00:00,22,1,16,0.7273,16,0.7273,16,0.7273,0,0,0,0,0,0,0
28,DM,Lsstcorp,3124,2017-11-01 13:22:11,2017-12-01 04:00:00,35,2,15,0.4286,15,0.4286,15,0.4286,0,0,0,0,0,0,0
28,DM,Lsstcorp,3125,2017-11-01 13:54:38,2017-12-01 04:00:00,58,3,21,0.3621,23,0.3966,24,0.4138,0,0,0,0,0,0,0
28,DM,Lsstcorp,3122,2017-12-05 01:25:05,2017-12-31 08:25:00,20,0,5,0.2500,5,0.2500,5,0.2500,0,0,0,0,0,0,0
28,DM,Lsstcorp,3121,2017-12-06 19:19:31,2018-01-01 07:59:00,15,0,7,0.4667,7,0.4667,7,0.4667,0,0,0,0,0,0,0
28,DM,Lsstcorp,3117,2018-01-01 06:00:55,2018-02-01 05:59:00,18,0,11,0.6111,12,0.6667,12,0.6667,0,0,0,0,0,0,0
28,DM,Lsstcorp,3116,2018-01-05 00:19:29,2018-02-01 07:59:00,24,0,12,0.5000,13,0.5417,13,0.5417,0,0,0,0,0,0,0
28,DM,Lsstcorp,3115,2018-01-09 17:14:58,2018-02-05 01:00:00,23,0,14,0.6087,15,0.6522,15,0.6522,0,0,0,0,0,0,0
28,DM,Lsstcorp,3110,2018-02-01 06:00:44,2018-03-01 05:59:00,17,0,6,0.3529,8,0.4706,10,0.5882,0,0,0,0,0,0,0
28,DM,Lsstcorp,3111,2018-02-01 08:00:37,2018-03-01 07:59:00,42,0,21,0.5000,22,0.5238,23,0.5476,0,0,0,0,0,0,0
28,DM,Lsstcorp,3114,2018-02-01 14:08:33,2018-03-01 03:53:00,25,0,12,0.4800,13,0.5200,13,0.5200,0,0,0,0,0,0,0
28,DM,Lsstcorp,3112,2018-02-06 00:04:13,2018-03-06 00:00:00,33,0,13,0.3939,13,0.3939,14,0.4242,0,0,0,0,0,0,0
28,DM,Lsstcorp,3113,2018-02-07 23:56:01,2018-03-01 07:59:00,21,1,16,0.7619,16,0.7619,16,0.7619,0,0,0,0,0,0,0
28,DM,Lsstcorp,3106,2018-03-01 19:08:32,2018-03-31 20:53:00,24,0,14,0.5833,14,0.5833,15,0.6250,0,0,0,0,0,0,0
28,DM,Lsstcorp,3105,2018-03-02 23:10:47,2018-03-31 00:00:00,35,2,24,0.6857,24,0.6857,24,0.6857,0,0,0,0,0,0,0
28,DM,Lsstcorp,3107,2018-03-06 01:29:16,2018-04-02 01:25:00,21,0,9,0.4286,9,0.4286,9,0.4286,0,0,0,0,0,0,0
28,DM,Lsstcorp,3108,2018-03-10 00:20:12,2018-04-01 06:59:00,20,0,8,0.4000,8,0.4000,11,0.5500,0,0,0,0,0,0,0
28,DM,Lsstcorp,3103,2018-04-02 01:08:35,2018-05-01 02:53:00,31,0,17,0.5484,18,0.5806,18,0.5806,0,0,0,0,0,0,0
28,DM,Lsstcorp,3101,2018-04-03 01:39:55,2018-05-01 06:59:00,26,0,17,0.6538,17,0.6538,18,0.6923,0,0,0,0,0,0,0
28,DM,Lsstcorp,3100,2018-04-05 21:00:48,2018-05-01 06:50:00,29,1,18,0.6207,19,0.6552,21,0.7241,0,0,0,0,0,0,0
28,DM,Lsstcorp,3102,2018-04-08 17:58:16,2018-05-01 00:37:00,20,0,5,0.2500,5,0.2500,5,0.2500,0,0,0,0,0,0,0
28,DM,Lsstcorp,3099,2018-05-01 05:05:22,2018-05-30 06:50:00,16,0,6,0.3750,6,0.3750,10,0.6250,0,0,0,0,0,0,0
28,DM,Lsstcorp,3096,2018-05-04 21:11:57,2018-06-02 00:00:00,30,0,13,0.4333,13,0.4333,13,0.4333,0,0,0,0,0,0,0
28,DM,Lsstcorp,3098,2018-05-05 01:46:00,2018-06-01 06:59:00,16,0,8,0.5000,10,0.6250,10,0.6250,0,0,0,0,0,0,0
28,DM,Lsstcorp,3097,2018-05-05 01:46:29,2018-06-01 06:59:00,18,0,9,0.5000,10,0.5556,10,0.5556,0,0,0,0,0,0,0
28,DM,Lsstcorp,3095,2018-05-08 20:08:13,2018-06-03 05:58:00,59,3,32,0.5424,32,0.5424,32,0.5424,0,0,0,0,0,0,0
28,DM,Lsstcorp,3092,2018-06-01 07:00:00,2018-07-01 06:59:00,20,0,9,0.4500,9,0.4500,10,0.5000,0,0,0,0,0,0,0
28,DM,Lsstcorp,3094,2018-06-01 13:50:25,2018-07-01 03:35:00,36,0,16,0.4444,16,0.4444,16,0.4444,0,0,0,0,0,0,0
28,DM,Lsstcorp,3093,2018-06-06 04:28:36,2018-06-30 07:17:00,14,0,3,0.2143,3,0.2143,3,0.2143,0,0,0,0,0,0,0
28,DM,Lsstcorp,3090,2018-06-12 22:33:34,2018-07-01 01:22:00,33,1,13,0.3939,13,0.3939,14,0.4242,0,0,0,0,0,0,0
28,DM,Lsstcorp,3087,2018-07-01 07:00:23,2018-08-01 06:59:00,10,0,1,0.1000,1,0.1000,4,0.4000,0,0,0,0,0,0,0
28,DM,Lsstcorp,3088,2018-07-01 07:00:50,2018-08-01 06:59:00,19,0,12,0.6316,12,0.6316,12,0.6316,0,0,0,0,0,0,0
28,DM,Lsstcorp,3089,2018-07-02 05:03:38,2018-08-01 06:48:00,10,0,5,0.5000,6,0.6000,6,0.6000,0,0,0,0,0,0,0
28,DM,Lsstcorp,3086,2018-07-03 04:48:41,2018-07-27 07:37:00,21,0,8,0.3810,9,0.4286,9,0.4286,0,0,0,0,0,0,0
28,DM,Lsstcorp,3085,2018-07-13 19:33:19,2018-08-01 06:22:00,39,2,19,0.4872,19,0.4872,19,0.4872,0,0,0,0,0,0,0
28,DM,Lsstcorp,3080,2018-08-01 07:00:09,2018-09-01 06:59:00,23,0,10,0.4348,10,0.4348,10,0.4348,0,0,0,0,0,0,0
28,DM,Lsstcorp,3083,2018-08-01 13:31:30,2018-09-01 04:16:00,24,0,15,0.6250,15,0.6250,15,0.6250,0,0,0,0,0,0,0
28,DM,Lsstcorp,3081,2018-08-04 15:58:23,2018-09-01 01:00:00,16,0,9,0.5625,9,0.5625,9,0.5625,0,0,0,0,0,0,0
28,DM,Lsstcorp,3082,2018-08-09 17:34:09,2018-09-01 06:00:00,20,1,13,0.6500,13,0.6500,13,0.6500,0,0,0,0,0,0,0
28,DM,Lsstcorp,3073,2018-09-01 07:00:53,2018-10-01 06:59:00,10,0,4,0.4000,4,0.4000,4,0.4000,0,0,0,0,0,0,0
28,DM,Lsstcorp,3078,2018-09-01 15:19:00,2018-09-30 18:04:00,18,0,8,0.4444,9,0.5000,9,0.5000,0,0,0,0,0,0,0
28,DM,Lsstcorp,3075,2018-09-05 04:31:58,2018-09-30 01:00:00,39,1,19,0.4872,19,0.4872,20,0.5128,0,0,0,0,0,0,0
28,DM,Lsstcorp,3074,2018-09-05 15:16:26,2018-10-03 00:18:00,26,0,14,0.5385,15,0.5769,16,0.6154,0,0,0,0,0,0,0
28,DM,Lsstcorp,3072,2018-09-07 15:42:40,2018-10-02 00:00:00,11,0,6,0.5455,6,0.5455,6,0.5455,0,0,0,0,0,0,0
28,DM,Lsstcorp,3079,2018-09-14 18:35:08,2018-09-17 22:00:00,16,7,7,0.4375,7,0.4375,9,0.5625,0,0,0,0,0,0,0
28,DM,Lsstcorp,3076,2018-09-24 22:00:24,2018-10-01 22:00:00,18,0,8,0.4444,8,0.4444,8,0.4444,0,0,0,0,0,0,0
28,DM,Lsstcorp,3063,2018-10-01 07:00:38,2018-11-01 06:59:00,14,0,7,0.5000,7,0.5000,8,0.5714,0,0,0,0,0,0,0
28,DM,Lsstcorp,3062,2018-10-01 07:00:47,2018-11-01 06:59:00,10,0,8,0.8000,9,0.9000,9,0.9000,1,1,0,1,1,0,1
28,DM,Lsstcorp,3069,2018-10-01 17:45:38,2018-11-01 03:30:00,19,0,9,0.4737,10,0.5263,10,0.5263,0,0,0,0,0,0,0
28,DM,Lsstcorp,3071,2018-10-01 22:39:40,2018-10-08 22:39:00,10,0,4,0.4000,5,0.5000,5,0.5000,0,0,0,0,0,0,0
28,DM,Lsstcorp,3065,2018-10-02 20:47:10,2018-11-03 05:49:00,20,0,11,0.5500,11,0.5500,11,0.5500,0,0,0,0,0,0,0
28,DM,Lsstcorp,3068,2018-10-02 21:57:51,2018-11-01 01:00:00,21,1,15,0.7143,16,0.7619,16,0.7619,0,0,0,0,0,0,0
28,DM,Lsstcorp,3067,2018-10-15 22:43:03,2018-10-22 22:00:00,13,0,4,0.3077,4,0.3077,4,0.3077,0,0,0,0,0,0,0
28,DM,Lsstcorp,3066,2018-10-22 23:00:40,2018-10-29 22:00:00,17,1,7,0.4118,8,0.4706,8,0.4706,0,0,0,0,0,0,0
28,DM,Lsstcorp,3049,2018-11-01 07:00:32,2018-12-01 07:59:00,25,0,3,0.1200,3,0.1200,3,0.1200,0,0,0,0,0,0,0
28,DM,Lsstcorp,3056,2018-11-03 09:46:06,2018-12-01 02:00:00,30,2,17,0.5667,17,0.5667,17,0.5667,0,0,0,0,0,0,0
28,DM,Lsstcorp,3052,2018-12-02 20:39:55,2019-01-03 05:41:00,18,0,12,0.6667,12,0.6667,12,0.6667,0,0,0,0,0,0,0
28,DM,Lsstcorp,3050,2018-12-06 00:56:17,2019-01-01 01:00:00,33,0,16,0.4848,16,0.4848,17,0.5152,0,0,0,0,0,0,0
28,DM,Lsstcorp,3041,2019-01-01 08:00:48,2019-02-01 07:59:00,24,3,16,0.6667,16,0.6667,16,0.6667,0,0,0,0,0,0,0
28,DM,Lsstcorp,3047,2019-01-02 23:06:35,2019-02-01 04:00:00,17,0,4,0.2353,5,0.2941,5,0.2941,0,0,0,0,0,0,0
28,DM,Lsstcorp,3037,2019-01-10 21:24:27,2019-02-02 06:26:00,27,1,18,0.6667,18,0.6667,18,0.6667,0,0,0,0,0,0,0
28,DM,Lsstcorp,3042,2019-01-14 15:10:50,2019-02-01 01:00:00,21,4,9,0.4286,11,0.5238,11,0.5238,0,0,0,0,0,0,0
28,DM,Lsstcorp,3040,2019-01-22 22:34:40,2019-02-03 22:34:00,40,1,22,0.5500,38,0.9500,38,0.9500,0,1,0,1,1,1,1
28,DM,Lsstcorp,3039,2019-01-28 23:00:05,2019-02-04 23:00:00,10,0,5,0.5000,6,0.6000,7,0.7000,0,0,0,0,0,0,0
28,DM,Lsstcorp,3019,2019-02-01 08:00:22,2019-03-01 07:59:00,21,0,7,0.3333,7,0.3333,7,0.3333,0,0,0,0,0,0,0
28,DM,Lsstcorp,3035,2019-02-01 15:02:21,2019-03-01 03:56:00,20,0,6,0.3000,6,0.3000,6,0.3000,0,0,0,0,0,0,0
28,DM,Lsstcorp,3036,2019-02-04 23:00:09,2019-02-11 23:00:00,10,0,2,0.2000,2,0.2000,2,0.2000,0,0,0,0,0,0,0
28,DM,Lsstcorp,3034,2019-02-04 23:07:11,2019-02-16 23:07:00,43,0,20,0.4651,20,0.4651,33,0.7674,0,0,0,0,0,0,0
28,DM,Lsstcorp,3031,2019-02-06 05:15:19,2019-03-01 01:00:00,48,5,27,0.5625,28,0.5833,28,0.5833,0,0,0,0,0,0,0
28,DM,Lsstcorp,3030,2019-02-09 01:36:53,2019-03-02 01:36:00,28,7,20,0.7143,20,0.7143,20,0.7143,0,0,0,0,0,0,0
28,DM,Lsstcorp,3029,2019-02-18 11:39:44,2019-03-03 11:39:00,27,0,18,0.6667,18,0.6667,20,0.7407,0,0,0,0,0,0,0
28,DM,Lsstcorp,3015,2019-03-01 14:51:49,2019-04-01 03:45:00,24,0,12,0.5000,13,0.5417,13,0.5417,0,0,0,0,0,0,0
28,DM,Lsstcorp,3016,2019-03-01 16:20:08,2019-03-30 00:00:00,15,0,6,0.4000,6,0.4000,6,0.4000,0,0,0,0,0,0,0
28,DM,Lsstcorp,3018,2019-03-04 16:55:25,2019-03-16 16:55:00,30,1,17,0.5667,17,0.5667,20,0.6667,0,0,0,0,0,0,0
28,DM,Lsstcorp,3010,2019-03-05 21:49:27,2019-04-01 00:49:00,24,0,10,0.4167,10,0.4167,13,0.5417,0,0,0,0,0,0,0
28,DM,Lsstcorp,3012,2019-03-19 00:15:02,2019-03-31 00:15:00,45,0,21,0.4667,21,0.4667,26,0.5778,0,0,0,0,0,0,0
28,DM,Lsstcorp,3003,2019-04-01 04:00:55,2019-05-01 03:59:00,17,0,9,0.5294,9,0.5294,9,0.5294,0,0,0,0,0,0,0
28,DM,Lsstcorp,3011,2019-04-01 08:57:00,2019-05-01 06:00:00,11,1,3,0.2727,3,0.2727,3,0.2727,0,0,0,0,0,0,0
28,DM,Lsstcorp,3007,2019-04-01 16:08:25,2019-04-13 16:08:00,37,0,12,0.3243,12,0.3243,13,0.3514,0,0,0,0,0,0,0
28,DM,Lsstcorp,3002,2019-04-01 21:06:49,2019-05-01 00:00:00,39,0,22,0.5641,23,0.5897,24,0.6154,0,0,0,0,0,0,0
28,DM,Lsstcorp,3009,2019-04-01 22:00:14,2019-04-08 22:00:00,12,1,6,0.5000,7,0.5833,7,0.5833,0,0,0,0,0,0,0
28,DM,Lsstcorp,3004,2019-04-15 15:40:53,2019-04-27 15:40:00,27,0,8,0.2963,8,0.2963,8,0.2963,0,0,0,0,0,0,0
28,DM,Lsstcorp,2997,2019-04-29 15:21:50,2019-05-11 15:21:00,23,0,8,0.3478,8,0.3478,9,0.3913,0,0,0,0,0,0,0
28,DM,Lsstcorp,2992,2019-05-01 04:00:43,2019-06-01 03:59:00,12,0,11,0.9167,11,0.9167,11,0.9167,1,1,1,1,1,0,1
28,DM,Lsstcorp,2989,2019-05-02 21:53:20,2019-06-01 00:00:00,34,1,11,0.3235,11,0.3235,11,0.3235,0,0,0,0,0,0,0
28,DM,Lsstcorp,2996,2019-05-05 22:07:58,2019-05-18 01:07:00,19,0,6,0.3158,6,0.3158,6,0.3158,0,0,0,0,0,0,0
28,DM,Lsstcorp,2995,2019-05-13 21:30:58,2019-05-25 21:30:00,40,0,19,0.4750,19,0.4750,19,0.4750,0,0,0,0,0,0,0
28,DM,Lsstcorp,2988,2019-05-20 19:29:45,2019-06-01 22:29:00,32,0,4,0.1250,5,0.1563,6,0.1875,0,0,0,0,0,0,0
28,DM,Lsstcorp,2990,2019-05-28 16:26:10,2019-06-08 16:26:00,30,0,12,0.4000,12,0.4000,12,0.4000,0,0,0,0,0,0,0
28,DM,Lsstcorp,2987,2019-06-10 20:16:28,2019-06-23 20:16:00,33,0,22,0.6667,22,0.6667,22,0.6667,0,0,0,0,0,0,0
28,DM,Lsstcorp,2980,2019-06-14 16:39:04,2019-07-05 19:39:00,16,0,5,0.3125,5,0.3125,5,0.3125,0,0,0,0,0,0,0
28,DM,Lsstcorp,2977,2019-06-17 14:31:14,2019-06-30 01:00:00,32,3,8,0.2500,8,0.2500,10,0.3125,0,0,0,0,0,0,0
28,DM,Lsstcorp,2982,2019-06-24 14:51:31,2019-07-06 14:51:00,21,0,10,0.4762,10,0.4762,10,0.4762,0,0,0,0,0,0,0
28,DM,Lsstcorp,2959,2019-07-03 21:07:42,2019-08-02 21:06:00,67,0,9,0.1343,11,0.1642,11,0.1642,0,0,0,0,0,0,0
28,DM,Lsstcorp,2976,2019-07-08 23:18:35,2019-07-20 23:18:00,16,1,6,0.3750,6,0.3750,6,0.3750,0,0,0,0,0,0,0
28,DM,Lsstcorp,2962,2019-07-15 15:18:31,2019-08-05 18:18:00,13,0,4,0.3077,4,0.3077,4,0.3077,0,0,0,0,0,0,0
28,DM,Lsstcorp,2973,2019-07-22 23:26:57,2019-08-03 23:26:00,20,0,8,0.4000,8,0.4000,9,0.4500,0,0,0,0,0,0,0
28,DM,Lsstcorp,2964,2019-07-23 00:16:20,2019-08-03 01:00:00,15,0,2,0.1333,2,0.1333,2,0.1333,0,0,0,0,0,0,0
28,DM,Lsstcorp,2972,2019-07-29 22:00:01,2019-08-05 22:00:00,12,0,6,0.5000,7,0.5833,7,0.5833,0,0,0,0,0,0,0
28,DM,Lsstcorp,2969,2019-08-05 14:47:54,2019-08-17 14:47:00,23,0,3,0.1304,3,0.1304,3,0.1304,0,0,0,0,0,0,0
28,DM,Lsstcorp,2967,2019-08-19 18:08:38,2019-08-31 18:08:00,24,0,7,0.2917,7,0.2917,7,0.2917,0,0,0,0,0,0,0
28,DM,Lsstcorp,2961,2019-09-02 20:43:38,2019-09-14 20:43:00,29,0,11,0.3793,11,0.3793,12,0.4138,0,0,0,0,0,0,0
28,DM,Lsstcorp,2957,2019-09-16 22:19:43,2019-09-28 22:19:00,30,0,15,0.5000,15,0.5000,15,0.5000,0,0,0,0,0,0,0
28,DM,Lsstcorp,2958,2019-09-18 00:32:36,2019-10-01 00:30:00,14,0,4,0.2857,4,0.2857,4,0.2857,0,0,0,0,0,0,0
28,DM,Lsstcorp,2956,2019-10-01 00:17:36,2019-10-13 00:17:00,18,0,12,0.6667,12,0.6667,12,0.6667,0,0,0,0,0,0,0
28,DM,Lsstcorp,2941,2019-10-01 07:00:00,2019-11-01 06:59:00,49,0,16,0.3265,16,0.3265,16,0.3265,0,0,0,0,0,0,0
28,DM,Lsstcorp,2951,2019-10-08 02:48:21,2019-11-02 02:48:00,82,0,18,0.2195,18,0.2195,18,0.2195,0,0,0,0,0,0,0
28,DM,Lsstcorp,2952,2019-10-14 11:42:41,2019-11-01 00:00:00,19,1,4,0.2105,4,0.2105,4,0.2105,0,0,0,0,0,0,0
28,DM,Lsstcorp,2954,2019-10-14 20:19:18,2019-10-26 20:19:00,30,0,12,0.4000,12,0.4000,16,0.5333,0,0,0,0,0,0,0
28,DM,Lsstcorp,2950,2019-10-28 22:01:26,2019-11-09 22:01:00,35,0,13,0.3714,13,0.3714,15,0.4286,0,0,0,0,0,0,0
28,DM,Lsstcorp,2935,2019-11-05 16:53:33,2019-11-30 16:53:00,36,0,5,0.1389,5,0.1389,5,0.1389,0,0,0,0,0,0,0
28,DM,Lsstcorp,2944,2019-11-06 21:21:39,2019-11-24 09:39:00,25,3,9,0.3600,9,0.3600,9,0.3600,0,0,0,0,0,0,0
28,DM,Lsstcorp,2947,2019-11-11 22:08:14,2019-11-23 22:08:00,39,0,16,0.4103,16,0.4103,24,0.6154,0,0,0,0,0,0,0
28,DM,Lsstcorp,2943,2019-11-25 22:35:04,2019-12-07 22:35:00,23,1,10,0.4348,10,0.4348,12,0.5217,0,0,0,0,0,0,0
28,DM,Lsstcorp,2937,2019-12-09 19:49:46,2020-01-01 02:00:00,16,0,6,0.3750,6,0.3750,6,0.3750,0,0,0,0,0,0,0
28,DM,Lsstcorp,2939,2019-12-10 17:40:50,2019-12-22 17:40:00,34,0,20,0.5882,20,0.5882,24,0.7059,0,0,0,0,0,0,0
28,DM,Lsstcorp,2936,2019-12-23 20:39:48,2020-01-04 20:39:00,14,0,1,0.0714,1,0.0714,4,0.2857,0,0,0,0,0,0,0
28,DM,Lsstcorp,2931,2020-01-01 08:00:27,2020-02-01 07:59:00,12,0,8,0.6667,8,0.6667,8,0.6667,0,0,0,0,0,0,0
28,DM,Lsstcorp,2934,2020-01-06 22:25:30,2020-01-18 22:25:00,17,0,6,0.3529,6,0.3529,8,0.4706,0,0,0,0,0,0,0
28,DM,Lsstcorp,2932,2020-01-16 00:38:48,2020-02-01 02:00:00,13,0,3,0.2308,3,0.2308,3,0.2308,0,0,0,0,0,0,0
28,DM,Lsstcorp,2929,2020-01-20 14:09:35,2020-02-03 14:09:00,30,0,14,0.4667,19,0.6333,20,0.6667,0,0,0,0,0,0,0
28,DM,Lsstcorp,2922,2020-02-03 12:08:10,2020-02-28 13:08:00,31,0,4,0.1290,4,0.1290,4,0.1290,0,0,0,0,0,0,0
28,DM,Lsstcorp,2928,2020-02-03 22:11:03,2020-02-17 22:11:00,28,1,18,0.6429,18,0.6429,18,0.6429,0,0,0,0,0,0,0
28,DM,Lsstcorp,2926,2020-02-14 22:11:18,2020-02-29 01:00:00,17,2,3,0.1765,4,0.2353,4,0.2353,0,0,0,0,0,0,0
28,DM,Lsstcorp,2927,2020-02-17 17:59:29,2020-03-02 17:59:00,21,0,13,0.6190,16,0.7619,16,0.7619,0,0,0,0,0,0,0
28,DM,Lsstcorp,2925,2020-03-02 18:30:28,2020-03-16 18:30:00,38,0,28,0.7368,29,0.7632,29,0.7632,0,0,0,0,0,0,0
28,DM,Lsstcorp,2923,2020-03-05 00:37:50,2020-04-01 01:00:00,19,0,7,0.3684,7,0.3684,9,0.4737,0,0,0,0,0,0,0
28,DM,Lsstcorp,2924,2020-03-16 19:12:11,2020-03-30 19:12:00,30,0,21,0.7000,28,0.9333,28,0.9333,0,1,0,1,1,0,1
28,DM,Lsstcorp,2921,2020-03-30 19:07:56,2020-04-13 20:07:00,36,0,28,0.7778,28,0.7778,29,0.8056,0,0,0,0,0,0,0
28,DM,Lsstcorp,2919,2020-04-03 17:41:57,2020-04-30 18:41:00,24,0,8,0.3333,8,0.3333,10,0.4167,0,0,0,0,0,0,0
28,DM,Lsstcorp,2918,2020-04-03 21:48:59,2020-05-01 00:00:00,37,1,18,0.4865,20,0.5405,21,0.5676,0,0,0,0,0,0,0
28,DM,Lsstcorp,2920,2020-04-13 20:51:00,2020-04-27 21:51:00,47,3,35,0.7447,38,0.8085,38,0.8085,0,1,0,0,0,0,0
28,DM,Lsstcorp,2917,2020-04-28 00:22:00,2020-05-12 01:22:00,33,0,25,0.7576,26,0.7879,27,0.8182,0,0,0,0,0,0,0
28,DM,Lsstcorp,2912,2020-05-01 20:49:36,2020-05-28 21:49:00,29,0,13,0.4483,14,0.4828,16,0.5517,0,0,0,0,0,0,0
28,DM,Lsstcorp,2916,2020-05-11 21:10:00,2020-05-30 00:00:00,34,7,16,0.4706,16,0.4706,16,0.4706,0,0,0,0,0,0,0
28,DM,Lsstcorp,2915,2020-05-11 22:20:00,2020-05-25 23:20:00,41,0,20,0.4878,27,0.6585,27,0.6585,0,0,0,0,0,0,0
28,DM,Lsstcorp,2913,2020-05-25 19:28:00,2020-06-08 20:28:00,40,0,33,0.8250,34,0.8500,36,0.9000,1,1,0,0,1,0,0
28,DM,Lsstcorp,2900,2020-06-01 07:00:48,2020-07-01 06:59:00,54,0,10,0.1852,11,0.2037,11,0.2037,0,0,0,0,0,0,0
28,DM,Lsstcorp,2910,2020-06-04 20:51:10,2020-07-01 00:00:00,30,6,17,0.5667,17,0.5667,17,0.5667,0,0,0,0,0,0,0
28,DM,Lsstcorp,2911,2020-06-08 22:05:00,2020-06-22 23:05:00,37,1,28,0.7568,28,0.7568,29,0.7838,0,0,0,0,0,0,0
28,DM,Lsstcorp,2908,2020-06-12 04:15:30,2020-07-05 05:15:00,12,0,3,0.2500,3,0.2500,3,0.2500,0,0,0,0,0,0,0
28,DM,Lsstcorp,2909,2020-06-22 23:36:00,2020-07-07 00:36:00,45,4,30,0.6667,30,0.6667,31,0.6889,0,0,0,0,0,0,0
28,DM,Lsstcorp,2906,2020-07-03 01:28:38,2020-08-01 00:00:00,31,0,13,0.4194,13,0.4194,13,0.4194,0,0,0,0,0,0,0
28,DM,Lsstcorp,2907,2020-07-06 19:42:00,2020-07-20 20:42:00,39,0,21,0.5385,22,0.5641,22,0.5641,0,0,0,0,0,0,0
28,DM,Lsstcorp,2905,2020-07-20 18:16:00,2020-08-03 19:16:00,56,10,41,0.7321,43,0.7679,45,0.8036,0,0,0,0,0,0,0
28,DM,Lsstcorp,2903,2020-08-03 21:32:00,2020-08-17 22:32:00,39,1,28,0.7179,28,0.7179,29,0.7436,0,0,0,0,0,0,0
28,DM,Lsstcorp,2901,2020-08-05 21:51:48,2020-09-01 00:00:00,20,1,11,0.5500,12,0.6000,12,0.6000,0,0,0,0,0,0,0
28,DM,Lsstcorp,2896,2020-08-07 19:07:42,2020-08-31 20:07:00,33,0,7,0.2121,8,0.2424,8,0.2424,0,0,0,0,0,0,0
28,DM,Lsstcorp,2902,2020-08-17 21:51:00,2020-08-31 22:51:00,41,0,34,0.8293,34,0.8293,35,0.8537,1,1,0,0,0,0,0
28,DM,Lsstcorp,2899,2020-08-31 17:12:00,2020-09-14 17:12:00,45,1,33,0.7333,35,0.7778,35,0.7778,0,0,0,0,0,0,0
28,DM,Lsstcorp,2897,2020-09-08 23:19:42,2020-10-06 01:28:00,20,1,8,0.4000,9,0.4500,9,0.4500,0,0,0,0,0,0,0
28,DM,Lsstcorp,2898,2020-09-14 07:56:40,2020-09-28 07:56:00,35,0,17,0.4857,24,0.6857,24,0.6857,0,0,0,0,0,0,0
28,DM,Lsstcorp,2895,2020-09-28 16:01:04,2020-10-12 16:01:00,40,0,21,0.5250,30,0.7500,31,0.7750,0,0,0,0,0,0,0
30,COMPASS,MongoDB,3363,2018-06-01 14:13:19,2018-06-08 14:13:00,17,3,12,0.7059,12,0.7059,12,0.7059,0,0,0,0,0,0,0
30,COMPASS,MongoDB,3362,2018-06-06 20:05:17,2018-06-13 20:05:00,22,0,14,0.6364,15,0.6818,15,0.6818,0,0,0,0,0,0,0
30,COMPASS,MongoDB,3355,2018-07-25 14:23:54,2018-08-01 14:23:00,11,0,6,0.5455,9,0.8182,9,0.8182,0,1,0,0,0,0,0
30,COMPASS,MongoDB,3346,2018-09-19 14:33:23,2018-09-26 10:10:00,13,0,1,0.0769,4,0.3077,5,0.3846,0,0,0,0,0,0,0
30,COMPASS,MongoDB,3341,2018-11-14 15:29:30,2018-11-28 11:06:00,15,0,7,0.4667,8,0.5333,9,0.6000,0,0,0,0,0,0,0
30,COMPASS,MongoDB,3339,2018-11-28 15:37:16,2018-12-12 11:14:00,17,0,7,0.4118,7,0.4118,7,0.4118,0,0,0,0,0,0,0
30,COMPASS,MongoDB,3340,2018-12-12 15:33:22,2018-12-26 11:10:00,18,1,5,0.2778,5,0.2778,5,0.2778,0,0,0,0,0,0,0
30,COMPASS,MongoDB,3338,2019-01-09 15:31:06,2019-01-23 11:08:00,20,1,10,0.5000,11,0.5500,12,0.6000,0,0,0,0,0,0,0
30,COMPASS,MongoDB,3337,2019-01-23 15:32:26,2019-02-06 11:09:00,12,1,9,0.7500,9,0.7500,9,0.7500,0,0,0,0,0,0,0
30,COMPASS,MongoDB,3336,2019-02-06 15:23:16,2019-02-20 11:00:00,19,1,6,0.3158,6,0.3158,7,0.3684,0,0,0,0,0,0,0
30,COMPASS,MongoDB,3335,2019-02-20 15:36:13,2019-03-06 11:13:00,16,0,11,0.6875,13,0.8125,14,0.8750,0,1,0,0,0,0,0
30,COMPASS,MongoDB,3334,2019-03-06 15:24:25,2019-03-20 11:01:00,19,0,10,0.5263,10,0.5263,10,0.5263,0,0,0,0,0,0,0
30,COMPASS,MongoDB,3333,2019-03-20 16:17:54,2019-04-03 11:54:00,12,2,3,0.2500,3,0.2500,3,0.2500,0,0,0,0,0,0,0
30,COMPASS,MongoDB,3330,2019-05-02 14:19:26,2019-05-16 09:56:00,14,1,7,0.5000,7,0.5000,7,0.5000,0,0,0,0,0,0,0
30,COMPASS,MongoDB,3327,2019-06-13 14:34:37,2019-06-27 10:11:00,12,0,10,0.8333,10,0.8333,10,0.8333,1,1,0,0,0,0,0
30,COMPASS,MongoDB,3326,2019-06-26 15:05:46,2019-07-10 10:42:00,11,1,6,0.5455,6,0.5455,6,0.5455,0,0,0,0,0,0,0
30,COMPASS,MongoDB,3324,2019-07-24 14:37:25,2019-08-07 10:14:00,22,0,12,0.5455,14,0.6364,14,0.6364,0,0,0,0,0,0,0
30,COMPASS,MongoDB,3323,2019-08-07 14:32:44,2019-08-21 10:09:00,14,2,9,0.6429,12,0.8571,12,0.8571,0,1,0,0,0,0,0
30,COMPASS,MongoDB,3321,2019-09-04 14:34:49,2019-09-18 10:11:00,18,1,12,0.6667,13,0.7222,13,0.7222,0,0,0,0,0,0,0
30,COMPASS,MongoDB,3320,2019-09-18 20:26:31,2019-10-02 16:03:00,24,0,22,0.9167,22,0.9167,22,0.9167,1,1,1,1,1,0,1
30,COMPASS,MongoDB,3319,2019-10-02 14:11:49,2019-10-16 09:48:00,13,1,2,0.1538,4,0.3077,4,0.3077,0,0,0,0,0,0,0
30,COMPASS,MongoDB,3317,2019-10-30 14:38:45,2019-11-13 10:15:00,11,1,5,0.4545,6,0.5455,6,0.5455,0,0,0,0,0,0,0
30,COMPASS,MongoDB,3316,2019-11-13 15:21:36,2019-11-27 10:58:00,18,0,5,0.2778,7,0.3889,10,0.5556,0,0,0,0,0,0,0
30,COMPASS,MongoDB,3314,2019-12-11 15:37:36,2019-12-25 11:14:00,17,3,9,0.5294,9,0.5294,9,0.5294,0,0,0,0,0,0,0
30,COMPASS,MongoDB,3312,2020-01-22 15:41:08,2020-02-05 11:18:00,14,2,8,0.5714,8,0.5714,8,0.5714,0,0,0,0,0,0,0
34,MDL,Moodle,4064,2013-08-19 00:49:01,2013-09-06 09:09:00,47,0,17,0.3617,17,0.3617,17,0.3617,0,0,0,0,0,0,0
34,MDL,Moodle,4065,2013-08-19 00:53:28,2013-09-06 09:00:28,55,1,31,0.5636,31,0.5636,31,0.5636,0,0,0,0,0,0,0
34,MDL,Moodle,4063,2013-09-16 02:00:52,2013-10-04 02:00:52,36,0,16,0.4444,24,0.6667,24,0.6667,0,0,0,0,0,0,0
34,MDL,Moodle,4062,2013-09-17 01:33:03,2013-10-04 01:33:03,48,2,16,0.3333,35,0.7292,35,0.7292,0,0,0,0,0,0,0
34,MDL,Moodle,4061,2013-10-07 06:07:00,2013-10-25 06:07:00,46,0,12,0.2609,23,0.5000,23,0.5000,0,0,0,0,0,0,0
34,MDL,Moodle,4060,2013-10-07 06:51:00,2013-10-25 06:51:00,87,0,24,0.2759,51,0.5862,51,0.5862,0,0,0,0,0,0,0
34,MDL,Moodle,4059,2013-11-18 03:22:35,2013-12-06 03:22:00,45,0,35,0.7778,35,0.7778,35,0.7778,0,0,0,0,0,0,0
34,MDL,Moodle,4011,2013-12-09 01:00:16,2013-12-24 09:00:00,52,1,18,0.3462,18,0.3462,18,0.3462,0,0,0,0,0,0,0
34,MDL,Moodle,4058,2013-12-09 01:00:33,2013-12-24 09:00:00,38,0,24,0.6316,24,0.6316,24,0.6316,0,0,0,0,0,0,0
34,MDL,Moodle,4057,2014-01-06 01:00:00,2014-01-24 09:00:00,29,0,24,0.8276,24,0.8276,24,0.8276,1,1,0,0,0,0,0
34,MDL,Moodle,4056,2014-01-06 01:00:50,2014-01-24 09:00:00,26,0,16,0.6154,16,0.6154,16,0.6154,0,0,0,0,0,0,0
34,MDL,Moodle,4053,2014-01-28 00:39:00,2014-02-14 09:00:00,48,0,43,0.8958,43,0.8958,43,0.8958,1,1,0,0,0,0,0
34,MDL,Moodle,4055,2014-01-28 01:00:10,2014-02-14 09:00:00,23,0,13,0.5652,15,0.6522,15,0.6522,0,0,0,0,0,0,0
34,MDL,Moodle,4051,2014-02-17 01:00:06,2014-03-07 09:00:00,32,7,18,0.5625,18,0.5625,18,0.5625,0,0,0,0,0,0,0
34,MDL,Moodle,4052,2014-02-17 01:00:58,2014-03-07 09:00:00,29,0,16,0.5517,16,0.5517,16,0.5517,0,0,0,0,0,0,0
34,MDL,Moodle,4049,2014-03-17 01:00:00,2014-04-04 09:00:00,33,0,15,0.4545,15,0.4545,15,0.4545,0,0,0,0,0,0,0
34,MDL,Moodle,4050,2014-03-17 01:00:29,2014-04-04 09:00:00,75,2,50,0.6667,50,0.6667,50,0.6667,0,0,0,0,0,0,0
34,MDL,Moodle,4046,2014-06-09 01:00:00,2014-06-27 09:00:00,18,0,12,0.6667,12,0.6667,12,0.6667,0,0,0,0,0,0,0
34,MDL,Moodle,4047,2014-06-09 01:00:00,2014-06-27 09:00:00,17,0,12,0.7059,13,0.7647,13,0.7647,0,0,0,0,0,0,0
34,MDL,Moodle,4044,2014-06-30 01:00:00,2014-07-18 09:00:00,21,1,10,0.4762,10,0.4762,10,0.4762,0,0,0,0,0,0,0
34,MDL,Moodle,4045,2014-06-30 01:00:00,2014-07-18 09:00:00,26,0,21,0.8077,21,0.8077,21,0.8077,1,1,0,0,0,0,0
34,MDL,Moodle,4043,2014-07-28 01:00:34,2014-08-15 09:00:00,28,0,22,0.7857,22,0.7857,22,0.7857,0,0,0,0,0,0,0
34,MDL,Moodle,4041,2014-09-15 01:00:11,2014-10-03 09:00:00,44,17,34,0.7727,36,0.8182,36,0.8182,0,1,0,0,0,0,0
34,MDL,Moodle,4040,2014-09-15 01:00:43,2014-10-03 09:00:00,85,14,60,0.7059,65,0.7647,66,0.7765,0,0,0,0,0,0,0
34,MDL,Moodle,4038,2014-11-10 14:22:00,2014-11-28 14:22:00,13,0,4,0.3077,10,0.7692,10,0.7692,0,0,0,0,0,0,0
34,MDL,Moodle,4037,2014-11-10 14:24:00,2014-12-03 14:24:00,23,0,17,0.7391,17,0.7391,17,0.7391,0,0,0,0,0,0,0
34,MDL,Moodle,4036,2014-12-04 12:59:22,2014-12-19 12:59:00,10,0,4,0.4000,4,0.4000,4,0.4000,0,0,0,0,0,0,0
34,MDL,Moodle,4017,2015-11-16 14:04:20,2015-12-07 00:00:00,19,0,17,0.8947,18,0.9474,18,0.9474,1,1,0,1,1,0,1
34,MDL,Moodle,4016,2015-12-07 13:48:52,2015-12-24 14:00:00,17,0,17,1.0000,17,1.0000,17,1.0000,1,1,1,1,1,1,1
34,MDL,Moodle,4012,2016-01-11 13:37:17,2016-02-01 00:00:00,21,3,13,0.6190,14,0.6667,14,0.6667,0,0,0,0,0,0,0
34,MDL,Moodle,4009,2016-02-01 14:04:06,2016-02-22 00:00:00,16,0,14,0.8750,15,0.9375,15,0.9375,1,1,0,1,1,0,1
34,MDL,Moodle,4007,2016-02-22 14:05:32,2016-03-14 00:00:00,30,0,25,0.8333,27,0.9000,28,0.9333,1,1,0,1,1,0,1
34,MDL,Moodle,4006,2016-03-14 12:48:49,2016-04-04 00:00:00,39,0,34,0.8718,38,0.9744,38,0.9744,1,1,0,1,1,1,1
34,MDL,Moodle,3995,2017-01-09 02:00:00,2017-01-27 07:00:00,12,1,7,0.5833,7,0.5833,7,0.5833,0,0,0,0,0,0,0
34,MDL,Moodle,3994,2017-02-06 02:00:51,2017-02-24 10:00:00,19,0,16,0.8421,16,0.8421,16,0.8421,1,1,0,0,0,0,0
34,MDL,Moodle,3978,2019-06-03 04:01:00,2019-06-14 04:00:00,25,0,9,0.3600,9,0.3600,9,0.3600,0,0,0,0,0,0,0
34,MDL,Moodle,3979,2019-06-13 13:29:12,2019-06-28 21:55:00,23,0,3,0.1304,3,0.1304,3,0.1304,0,0,0,0,0,0,0
34,MDL,Moodle,3975,2019-06-16 16:00:11,2019-06-30 16:00:00,18,0,2,0.1111,2,0.1111,2,0.1111,0,0,0,0,0,0,0
34,MDL,Moodle,3958,2019-08-12 04:00:34,2019-08-26 04:00:00,20,0,1,0.0500,1,0.0500,1,0.0500,0,0,0,0,0,0,0
34,MDL,Moodle,3957,2019-10-07 07:53:08,2019-11-08 08:53:00,20,0,2,0.1000,11,0.5500,11,0.5500,0,0,0,0,0,0,0
34,MDL,Moodle,3954,2019-10-08 02:30:06,2019-10-15 02:30:00,21,0,0,0.0000,0,0.0000,0,0.0000,0,0,0,0,0,0,0
34,MDL,Moodle,3953,2019-12-03 00:00:00,2019-12-17 00:00:00,16,0,4,0.2500,4,0.2500,4,0.2500,0,0,0,0,0,0,0
34,MDL,Moodle,3944,2020-03-03 04:03:30,2020-03-17 04:03:00,11,0,4,0.3636,4,0.3636,4,0.3636,0,0,0,0,0,0,0
34,MDL,Moodle,3939,2020-03-30 06:10:16,2020-04-13 08:10:00,13,0,3,0.2308,3,0.2308,3,0.2308,0,0,0,0,0,0,0
34,MDL,Moodle,3935,2020-05-25 02:17:00,2020-06-06 02:17:00,10,0,10,1.0000,10,1.0000,10,1.0000,1,1,1,1,1,1,1
34,MDL,Moodle,3933,2020-06-08 02:50:00,2020-06-20 02:50:00,22,0,10,0.4545,10,0.4545,10,0.4545,0,0,0,0,0,0,0
34,MDL,Moodle,3929,2020-07-20 03:37:00,2020-08-03 03:37:00,10,0,3,0.3000,3,0.3000,7,0.7000,0,0,0,0,0,0,0
36,MULE,Mulesoft,4467,2014-02-26 17:51:47,2014-03-12 16:51:47,24,0,20,0.8333,20,0.8333,20,0.8333,1,1,0,0,0,0,0
36,MULE,Mulesoft,4466,2014-03-12 18:52:05,2014-03-26 18:52:05,11,0,8,0.7273,8,0.7273,9,0.8182,0,0,0,0,0,0,0
36,MULE,Mulesoft,4464,2014-04-09 16:55:25,2014-04-23 16:55:25,16,0,12,0.7500,14,0.8750,14,0.8750,0,1,0,0,0,0,0
36,MULE,Mulesoft,4431,2014-04-23 20:36:06,2014-05-12 20:36:00,13,0,9,0.6923,9,0.6923,9,0.6923,0,0,0,0,0,0,0
36,MULE,Mulesoft,4460,2014-05-21 17:21:29,2014-06-04 17:21:29,13,0,10,0.7692,11,0.8462,11,0.8462,0,1,0,0,0,0,0
36,MULE,Mulesoft,4457,2014-07-03 17:37:06,2014-07-17 17:37:06,10,0,9,0.9000,9,0.9000,9,0.9000,1,1,1,1,1,0,1
36,MULE,Mulesoft,4456,2014-07-17 17:17:33,2014-07-31 17:17:33,15,0,8,0.5333,9,0.6000,9,0.6000,0,0,0,0,0,0,0
36,MULE,Mulesoft,4455,2014-08-14 16:18:27,2014-08-28 16:18:27,14,0,11,0.7857,12,0.8571,12,0.8571,0,1,0,0,0,0,0
36,MULE,Mulesoft,4454,2014-08-29 17:23:24,2014-09-11 17:23:00,14,0,13,0.9286,13,0.9286,13,0.9286,1,1,1,1,1,0,1
36,MULE,Mulesoft,4452,2014-09-30 17:20:00,2014-10-13 17:20:00,17,5,17,1.0000,17,1.0000,17,1.0000,1,1,1,1,1,1,1
36,MULE,Mulesoft,4450,2014-10-09 16:54:40,2014-10-23 16:54:00,15,1,14,0.9333,14,0.9333,15,1.0000,1,1,1,1,1,0,1
36,MULE,Mulesoft,4449,2014-10-23 17:05:32,2014-11-06 18:05:00,16,0,11,0.6875,11,0.6875,12,0.7500,0,0,0,0,0,0,0
36,MULE,Mulesoft,4448,2014-11-06 18:39:29,2014-11-20 18:39:00,22,0,21,0.9545,21,0.9545,21,0.9545,1,1,1,1,1,1,1
36,MULE,Mulesoft,4447,2014-11-20 18:24:10,2014-12-04 18:24:00,36,1,32,0.8889,32,0.8889,32,0.8889,1,1,0,0,0,0,0
36,MULE,Mulesoft,4446,2014-12-04 18:35:13,2014-12-18 18:35:00,16,0,12,0.7500,13,0.8125,13,0.8125,0,1,0,0,0,0,0
36,MULE,Mulesoft,4445,2014-12-18 18:02:14,2015-01-08 18:02:00,25,0,20,0.8000,23,0.9200,23,0.9200,1,1,0,1,1,0,1
36,MULE,Mulesoft,4443,2015-01-09 20:00:23,2015-01-22 20:00:00,12,0,10,0.8333,10,0.8333,10,0.8333,1,1,0,0,0,0,0
36,MULE,Mulesoft,4442,2015-01-22 18:52:50,2015-02-05 18:52:00,20,1,15,0.7500,15,0.7500,15,0.7500,0,0,0,0,0,0,0
36,MULE,Mulesoft,4439,2015-03-05 18:25:47,2015-03-19 17:25:00,13,1,11,0.8462,12,0.9231,12,0.9231,1,1,0,1,1,0,1
36,MULE,Mulesoft,4438,2015-03-20 18:59:51,2015-04-09 18:59:00,23,1,22,0.9565,22,0.9565,22,0.9565,1,1,1,1,1,1,1
36,MULE,Mulesoft,4400,2015-04-09 15:59:36,2015-04-23 15:59:00,29,0,21,0.7241,26,0.8966,26,0.8966,0,1,0,0,0,0,0
36,MULE,Mulesoft,4437,2015-04-23 18:27:13,2015-05-07 18:27:00,21,0,20,0.9524,20,0.9524,20,0.9524,1,1,1,1,1,1,1
36,MULE,Mulesoft,4436,2015-05-07 17:32:45,2015-05-21 17:32:00,15,0,15,1.0000,15,1.0000,15,1.0000,1,1,1,1,1,1,1
36,MULE,Mulesoft,4435,2015-05-21 17:12:24,2015-06-04 17:12:00,26,1,21,0.8077,22,0.8462,22,0.8462,1,1,0,0,0,0,0
36,MULE,Mulesoft,4434,2015-06-04 16:29:53,2015-06-18 16:29:00,11,0,5,0.4545,6,0.5455,6,0.5455,0,0,0,0,0,0,0
36,MULE,Mulesoft,4362,2015-06-18 17:18:41,2015-07-02 17:18:00,10,0,4,0.4000,5,0.5000,5,0.5000,0,0,0,0,0,0,0
36,MULE,Mulesoft,4430,2015-08-04 17:04:55,2015-08-20 17:04:00,10,0,8,0.8000,8,0.8000,8,0.8000,1,1,0,0,0,0,0
36,MULE,Mulesoft,4429,2015-08-25 15:54:24,2015-09-10 15:54:00,14,0,11,0.7857,11,0.7857,11,0.7857,0,0,0,0,0,0,0
36,MULE,Mulesoft,4424,2015-09-07 17:43:09,2015-09-22 17:43:00,11,0,5,0.4545,5,0.4545,5,0.4545,0,0,0,0,0,0,0
36,MULE,Mulesoft,4426,2015-11-05 16:48:07,2015-11-19 16:48:00,14,0,8,0.5714,8,0.5714,12,0.8571,0,0,0,0,0,0,0
36,MULE,Mulesoft,4421,2015-12-17 17:18:04,2016-01-07 17:18:00,12,0,8,0.6667,8,0.6667,8,0.6667,0,0,0,0,0,0,0
36,MULE,Mulesoft,4420,2016-01-04 16:00:30,2016-01-18 16:00:00,12,0,10,0.8333,10,0.8333,10,0.8333,1,1,0,0,0,0,0
36,MULE,Mulesoft,4419,2016-01-07 15:09:52,2016-01-21 15:09:00,20,0,6,0.3000,12,0.6000,12,0.6000,0,0,0,0,0,0,0
36,MULE,Mulesoft,4418,2016-01-07 17:20:24,2016-01-21 17:20:00,14,0,12,0.8571,12,0.8571,12,0.8571,1,1,0,0,0,0,0
36,MULE,Mulesoft,4417,2016-01-21 19:05:01,2016-02-05 19:05:00,10,0,6,0.6000,6,0.6000,6,0.6000,0,0,0,0,0,0,0
36,MULE,Mulesoft,4407,2016-02-29 15:42:26,2016-03-14 14:42:00,19,0,16,0.8421,19,1.0000,19,1.0000,1,1,0,1,1,1,1
36,MULE,Mulesoft,4406,2016-03-14 15:53:20,2016-03-28 15:53:00,12,0,9,0.7500,9,0.7500,9,0.7500,0,0,0,0,0,0,0
36,MULE,Mulesoft,4396,2016-04-27 16:27:32,2016-05-09 16:27:00,23,0,21,0.9130,21,0.9130,21,0.9130,1,1,1,1,1,0,1
36,MULE,Mulesoft,4392,2016-05-09 19:01:01,2016-05-23 19:01:00,18,0,9,0.5000,10,0.5556,11,0.6111,0,0,0,0,0,0,0
36,MULE,Mulesoft,4393,2016-05-12 16:48:04,2016-05-26 16:48:00,16,1,10,0.6250,13,0.8125,14,0.8750,0,1,0,0,0,0,0
36,MULE,Mulesoft,4390,2016-05-26 20:58:46,2016-06-09 20:58:00,20,1,15,0.7500,15,0.7500,15,0.7500,0,0,0,0,0,0,0
36,MULE,Mulesoft,4389,2016-05-30 16:04:04,2016-06-13 16:04:00,17,0,13,0.7647,13,0.7647,13,0.7647,0,0,0,0,0,0,0
36,MULE,Mulesoft,4387,2016-06-09 16:57:46,2016-06-23 16:57:00,32,3,18,0.5625,19,0.5938,19,0.5938,0,0,0,0,0,0,0
36,MULE,Mulesoft,4388,2016-06-13 16:16:24,2016-06-27 16:16:00,10,0,7,0.7000,7,0.7000,7,0.7000,0,0,0,0,0,0,0
36,MULE,Mulesoft,4383,2016-06-23 16:11:54,2016-07-07 16:11:00,13,0,10,0.7692,10,0.7692,10,0.7692,0,0,0,0,0,0,0
36,MULE,Mulesoft,4384,2016-06-27 16:12:00,2016-07-11 16:12:00,16,0,12,0.7500,12,0.7500,13,0.8125,0,0,0,0,0,0,0
36,MULE,Mulesoft,4381,2016-07-11 16:41:26,2016-07-25 16:41:00,14,0,14,1.0000,14,1.0000,14,1.0000,1,1,1,1,1,1,1
36,MULE,Mulesoft,4372,2016-07-21 16:32:40,2016-08-04 16:32:00,22,0,8,0.3636,12,0.5455,12,0.5455,0,0,0,0,0,0,0
36,MULE,Mulesoft,4379,2016-07-25 15:44:07,2016-08-08 15:44:00,20,0,15,0.7500,15,0.7500,16,0.8000,0,0,0,0,0,0,0
36,MULE,Mulesoft,4376,2016-08-04 15:24:32,2016-08-18 15:24:00,14,0,5,0.3571,6,0.4286,6,0.4286,0,0,0,0,0,0,0
36,MULE,Mulesoft,4377,2016-08-08 15:58:57,2016-08-22 15:58:00,12,0,9,0.7500,10,0.8333,10,0.8333,0,1,0,0,0,0,0
36,MULE,Mulesoft,4374,2016-08-18 20:28:35,2016-09-01 20:28:00,17,0,11,0.6471,11,0.6471,11,0.6471,0,0,0,0,0,0,0
36,MULE,Mulesoft,4369,2016-09-01 17:19:40,2016-09-15 17:19:00,24,0,15,0.6250,18,0.7500,18,0.7500,0,0,0,0,0,0,0
36,MULE,Mulesoft,4368,2016-09-06 15:45:45,2016-09-19 15:45:00,21,0,19,0.9048,21,1.0000,21,1.0000,1,1,1,1,1,1,1
36,MULE,Mulesoft,4366,2016-09-15 17:15:27,2016-09-29 17:15:00,10,0,9,0.9000,9,0.9000,9,0.9000,1,1,1,1,1,0,1
36,MULE,Mulesoft,4365,2016-09-15 17:37:09,2016-09-29 17:37:00,31,0,19,0.6129,19,0.6129,19,0.6129,0,0,0,0,0,0,0
36,MULE,Mulesoft,4364,2016-09-19 16:15:18,2016-10-02 16:15:00,28,0,25,0.8929,25,0.8929,25,0.8929,1,1,0,0,0,0,0
36,MULE,Mulesoft,4360,2016-09-29 17:38:03,2016-10-13 17:38:00,26,0,15,0.5769,17,0.6538,17,0.6538,0,0,0,0,0,0,0
36,MULE,Mulesoft,4359,2016-10-03 15:52:11,2016-10-16 15:52:00,10,0,5,0.5000,6,0.6000,8,0.8000,0,0,0,0,0,0,0
36,MULE,Mulesoft,4358,2016-10-13 19:54:18,2016-10-27 19:54:00,18,0,15,0.8333,15,0.8333,15,0.8333,1,1,0,0,0,0,0
36,MULE,Mulesoft,4357,2016-10-18 16:02:49,2016-10-31 16:02:00,12,0,7,0.5833,7,0.5833,7,0.5833,0,0,0,0,0,0,0
36,MULE,Mulesoft,4354,2016-10-27 14:03:44,2016-11-10 15:03:00,25,0,20,0.8000,22,0.8800,22,0.8800,1,1,0,0,0,0,0
36,MULE,Mulesoft,4356,2016-10-31 15:35:37,2016-11-13 16:35:00,10,0,1,0.1000,2,0.2000,3,0.3000,0,0,0,0,0,0,0
36,MULE,Mulesoft,4352,2016-11-10 18:00:59,2016-11-24 18:00:00,38,0,32,0.8421,32,0.8421,32,0.8421,1,1,0,0,0,0,0
36,MULE,Mulesoft,4351,2016-11-14 16:32:14,2016-11-29 16:32:00,17,0,16,0.9412,17,1.0000,17,1.0000,1,1,1,1,1,1,1
36,MULE,Mulesoft,4349,2016-11-24 17:50:09,2016-12-08 17:50:00,21,0,15,0.7143,15,0.7143,15,0.7143,0,0,0,0,0,0,0
36,MULE,Mulesoft,4348,2016-11-30 19:53:17,2016-12-19 19:53:00,21,0,19,0.9048,19,0.9048,19,0.9048,1,1,1,1,1,0,1
36,MULE,Mulesoft,4346,2016-12-12 19:35:28,2016-12-22 19:35:00,14,0,4,0.2857,5,0.3571,5,0.3571,0,0,0,0,0,0,0
36,MULE,Mulesoft,4345,2016-12-19 16:22:39,2017-01-02 16:22:00,22,0,16,0.7273,17,0.7727,18,0.8182,0,0,0,0,0,0,0
36,MULE,Mulesoft,4343,2016-12-22 21:02:50,2017-01-05 21:02:00,21,0,16,0.7619,16,0.7619,16,0.7619,0,0,0,0,0,0,0
36,MULE,Mulesoft,4342,2017-01-02 15:55:12,2017-01-16 15:55:00,15,0,13,0.8667,13,0.8667,13,0.8667,1,1,0,0,0,0,0
36,MULE,Mulesoft,4340,2017-01-05 21:00:04,2017-01-19 21:00:00,33,0,19,0.5758,22,0.6667,22,0.6667,0,0,0,0,0,0,0
36,MULE,Mulesoft,4336,2017-01-16 15:58:59,2017-01-30 15:58:00,34,0,8,0.2353,11,0.3235,14,0.4118,0,0,0,0,0,0,0
36,MULE,Mulesoft,4338,2017-01-19 21:50:49,2017-02-02 21:50:00,30,0,24,0.8000,24,0.8000,24,0.8000,1,1,0,0,0,0,0
36,MULE,Mulesoft,4329,2017-03-01 16:57:12,2017-03-20 15:57:00,15,0,13,0.8667,13,0.8667,13,0.8667,1,1,0,0,0,0,0
36,MULE,Mulesoft,4330,2017-03-02 17:18:37,2017-03-16 16:18:00,29,0,27,0.9310,28,0.9655,28,0.9655,1,1,1,1,1,1,1
36,MULE,Mulesoft,4327,2017-03-16 20:24:41,2017-03-30 20:24:00,29,0,19,0.6552,24,0.8276,24,0.8276,0,1,0,0,0,0,0
36,MULE,Mulesoft,4320,2017-03-20 17:20:56,2017-04-03 17:20:00,19,0,16,0.8421,18,0.9474,18,0.9474,1,1,0,1,1,0,1
36,MULE,Mulesoft,4324,2017-03-31 02:05:48,2017-04-18 02:05:00,31,0,27,0.8710,27,0.8710,27,0.8710,1,1,0,0,0,0,0
36,MULE,Mulesoft,4325,2017-04-03 16:30:01,2017-04-17 16:30:00,20,0,12,0.6000,15,0.7500,16,0.8000,0,0,0,0,0,0,0
36,MULE,Mulesoft,4278,2017-04-17 20:24:18,2017-04-27 20:24:00,32,0,22,0.6875,22,0.6875,22,0.6875,0,0,0,0,0,0,0
36,MULE,Mulesoft,4321,2017-04-17 21:01:45,2017-05-02 21:01:00,11,0,10,0.9091,10,0.9091,10,0.9091,1,1,1,1,1,0,1
36,MULE,Mulesoft,4318,2017-04-27 19:15:40,2017-05-11 19:15:00,42,0,36,0.8571,36,0.8571,36,0.8571,1,1,0,0,0,0,0
36,MULE,Mulesoft,4317,2017-05-02 19:12:50,2017-05-15 19:12:00,22,0,19,0.8636,20,0.9091,21,0.9545,1,1,0,1,1,0,1
36,MULE,Mulesoft,4315,2017-05-11 18:27:13,2017-05-26 18:27:00,49,0,44,0.8980,45,0.9184,45,0.9184,1,1,0,1,1,0,1
36,MULE,Mulesoft,4314,2017-05-15 16:27:48,2017-05-29 16:27:00,22,0,12,0.5455,13,0.5909,18,0.8182,0,0,0,0,0,0,0
36,MULE,Mulesoft,4306,2017-05-26 20:28:01,2017-06-08 20:28:00,48,0,44,0.9167,44,0.9167,45,0.9375,1,1,1,1,1,0,1
36,MULE,Mulesoft,4313,2017-05-29 16:08:40,2017-06-12 16:08:00,22,0,18,0.8182,18,0.8182,18,0.8182,1,1,0,0,0,0,0
36,MULE,Mulesoft,4308,2017-06-08 17:28:47,2017-06-22 17:28:00,35,0,26,0.7429,28,0.8000,28,0.8000,0,1,0,0,0,0,0
36,MULE,Mulesoft,4307,2017-06-12 16:10:45,2017-06-26 16:10:00,24,0,18,0.7500,18,0.7500,20,0.8333,0,0,0,0,0,0,0
36,MULE,Mulesoft,4304,2017-06-22 17:25:51,2017-07-06 17:25:00,43,0,31,0.7209,35,0.8140,36,0.8372,0,1,0,0,0,0,0
36,MULE,Mulesoft,4303,2017-06-27 16:16:48,2017-07-10 16:16:00,20,0,10,0.5000,10,0.5000,10,0.5000,0,0,0,0,0,0,0
36,MULE,Mulesoft,4298,2017-07-06 17:46:59,2017-07-20 17:46:00,50,1,32,0.6400,33,0.6600,33,0.6600,0,0,0,0,0,0,0
36,MULE,Mulesoft,4296,2017-07-11 16:12:33,2017-07-21 16:12:00,16,0,2,0.1250,3,0.1875,3,0.1875,0,0,0,0,0,0,0
36,MULE,Mulesoft,4293,2017-07-20 17:59:18,2017-08-03 17:59:00,50,2,18,0.3600,20,0.4000,21,0.4200,0,0,0,0,0,0,0
36,MULE,Mulesoft,4292,2017-07-24 16:15:22,2017-08-07 16:15:00,19,0,8,0.4211,9,0.4737,10,0.5263,0,0,0,0,0,0,0
36,MULE,Mulesoft,4290,2017-08-03 03:52:34,2017-08-17 03:52:00,39,3,22,0.5641,23,0.5897,24,0.6154,0,0,0,0,0,0,0
36,MULE,Mulesoft,4287,2017-08-07 16:15:10,2017-08-22 16:15:00,10,0,8,0.8000,8,0.8000,8,0.8000,1,1,0,0,0,0,0
36,MULE,Mulesoft,4285,2017-08-17 18:36:16,2017-08-31 18:36:00,44,1,17,0.3864,17,0.3864,18,0.4091,0,0,0,0,0,0,0
36,MULE,Mulesoft,4283,2017-08-22 17:37:27,2017-09-04 17:37:00,20,0,15,0.7500,15,0.7500,15,0.7500,0,0,0,0,0,0,0
36,MULE,Mulesoft,4280,2017-08-31 17:26:14,2017-09-14 17:26:00,46,0,25,0.5435,26,0.5652,26,0.5652,0,0,0,0,0,0,0
36,MULE,Mulesoft,4279,2017-09-04 16:21:12,2017-09-18 16:21:00,31,2,27,0.8710,27,0.8710,27,0.8710,1,1,0,0,0,0,0
36,MULE,Mulesoft,4273,2017-09-14 17:58:35,2017-09-28 17:58:00,44,4,26,0.5909,29,0.6591,29,0.6591,0,0,0,0,0,0,0
36,MULE,Mulesoft,4271,2017-09-18 17:00:02,2017-10-02 17:00:00,32,0,27,0.8438,28,0.8750,28,0.8750,1,1,0,0,0,0,0
36,MULE,Mulesoft,4268,2017-09-28 18:49:11,2017-10-12 18:49:00,62,3,21,0.3387,21,0.3387,21,0.3387,0,0,0,0,0,0,0
36,MULE,Mulesoft,4269,2017-10-02 16:41:42,2017-10-16 16:41:00,17,0,11,0.6471,13,0.7647,14,0.8235,0,0,0,0,0,0,0
36,MULE,Mulesoft,4265,2017-10-12 19:09:31,2017-10-26 19:09:00,60,9,28,0.4667,28,0.4667,28,0.4667,0,0,0,0,0,0,0
36,MULE,Mulesoft,4264,2017-10-17 15:30:18,2017-10-30 15:30:00,19,0,15,0.7895,16,0.8421,16,0.8421,0,1,0,0,0,0,0
36,MULE,Mulesoft,4260,2017-10-26 16:47:09,2017-11-09 17:47:00,44,0,19,0.4318,21,0.4773,21,0.4773,0,0,0,0,0,0,0
36,MULE,Mulesoft,4259,2017-10-31 15:35:10,2017-11-13 16:35:00,22,5,19,0.8636,19,0.8636,20,0.9091,1,1,0,0,1,0,0
36,MULE,Mulesoft,4254,2017-11-09 21:30:34,2017-11-23 21:30:00,35,0,19,0.5429,20,0.5714,20,0.5714,0,0,0,0,0,0,0
36,MULE,Mulesoft,4251,2017-11-24 15:41:06,2017-12-07 15:41:00,25,1,9,0.3600,9,0.3600,9,0.3600,0,0,0,0,0,0,0
36,MULE,Mulesoft,4246,2017-12-07 11:20:44,2017-12-21 11:20:00,25,1,5,0.2000,5,0.2000,5,0.2000,0,0,0,0,0,0,0
36,MULE,Mulesoft,4243,2017-12-12 16:14:27,2017-12-25 16:14:00,14,0,10,0.7143,10,0.7143,11,0.7857,0,0,0,0,0,0,0
36,MULE,Mulesoft,4241,2017-12-21 17:04:12,2018-01-04 17:04:00,27,1,14,0.5185,14,0.5185,14,0.5185,0,0,0,0,0,0,0
36,MULE,Mulesoft,4240,2017-12-26 17:49:44,2018-01-08 17:49:00,26,1,14,0.5385,16,0.6154,16,0.6154,0,0,0,0,0,0,0
36,MULE,Mulesoft,4235,2018-01-04 20:36:50,2018-01-18 20:36:00,39,0,17,0.4359,19,0.4872,19,0.4872,0,0,0,0,0,0,0
36,MULE,Mulesoft,4233,2018-01-09 16:07:39,2018-01-23 16:07:00,27,1,18,0.6667,18,0.6667,18,0.6667,0,0,0,0,0,0,0
36,MULE,Mulesoft,4229,2018-01-18 17:26:34,2018-02-01 17:26:00,36,0,7,0.1944,8,0.2222,9,0.2500,0,0,0,0,0,0,0
36,MULE,Mulesoft,4219,2018-02-28 16:26:42,2018-03-14 16:26:00,20,0,10,0.5000,11,0.5500,11,0.5500,0,0,0,0,0,0,0
36,MULE,Mulesoft,4220,2018-02-28 22:12:00,2018-03-14 22:00:00,11,1,4,0.3636,6,0.5455,6,0.5455,0,0,0,0,0,0,0
36,MULE,Mulesoft,4213,2018-03-14 16:46:44,2018-03-28 16:46:00,23,0,11,0.4783,11,0.4783,11,0.4783,0,0,0,0,0,0,0
36,MULE,Mulesoft,4206,2018-03-28 16:24:27,2018-04-11 16:24:00,12,0,6,0.5000,6,0.5000,6,0.5000,0,0,0,0,0,0,0
